automaton,device,traverser,evaluator,layout,reference_impl,x_size,y_size,steps,rounds,warmup_rounds,x_tile_size,y_tile_size,cuda_block_size_x,cuda_block_size_y,seed,precision,temporal_steps,temporal_tile_size_y,average_time_ms,average_time_per_cell_ps,std_time_ms,rounds_had_same_checksums,checksum
game-of-life,CUDA,,,,baseline,16384,16384,128,1,1,0,0,32,2,42,0,0,0,452.295056,13.163519,0.000000,true,1414092-1408443-1419019-1411633-1415078-1411738-1415300-1416894-1401329-1408047-1410278-1412166-1410458-1403636-1412891-1414182
game-of-life,CUDA,simple,standard,standard,,16384,16384,128,1,1,0,0,32,2,42,0,0,0,460.171557,13.392755,0.000000,true,1414092-1408443-1419019-1411633-1415078-1411738-1415300-1416894-1401329-1408047-1410278-1412166-1410458-1403636-1412891-1414182
game-of-life,CUDA,simple,bit_array,bit_array,,16384,16384,128,1,1,0,0,32,2,42,32,0,0,168.050665,4.890918,0.000000,true,1414092-1408443-1419019-1411633-1415078-1411738-1415300-1416894-1401329-1408047-1410278-1412166-1410458-1403636-1412891-1414182
game-of-life,CUDA,simple,bit_planes,bit_planes,,16384,16384,128,1,1,0,0,32,2,42,32,0,0,15.796389,0.459735,0.000000,true,1414092-1408443-1419019-1411633-1415078-1411738-1415300-1416894-1401329-1408047-1410278-1412166-1410458-1403636-1412891-1414182
game-of-life,CUDA,simple,tiled_bit_planes,tiled_bit_planes,,16384,16384,128,1,1,0,0,32,2,42,32,0,0,19.495249,0.567386,0.000000,true,1414092-1408443-1419019-1411633-1415078-1411738-1415300-1416894-1401329-1408047-1410278-1412166-1410458-1403636-1412891-1414182
game-of-life,CUDA,temporal,bit_planes,bit_planes,,16320,16368,128,1,1,0,0,32,2,42,32,2,128,14.606223,0.427181,0.000000,true,1410658-1409908-1400063-1408834-1401207-1409974-1397766-1398292-1408760-1409350-1410344-1407170-1402698-1402449-1407431-1402400
game-of-life,CUDA,temporal,tiled_bit_planes,tiled_bit_planes,,16320,16128,128,1,1,0,0,32,2,42,32,2,128,15.665889,0.464991,0.000000,true,1391881-1390523-1379775-1389020-1381145-1388244-1377925-1377272-1385879-1390285-1388353-1387564-1382075-1381614-1385846-1381026
game-of-life,CUDA,temporal,bit_planes,bit_planes,,16320,16348,126,1,1,0,0,32,2,42,32,3,128,10.980274,0.326631,0.000000,true,1417332-1415286-1405362-1415708-1408274-1413966-1403471-1402916-1415472-1413244-1416977-1414072-1406093-1409860-1409953-1409859
game-of-life,CUDA,temporal,tiled_bit_planes,tiled_bit_planes,,16320,16128,126,1,1,0,0,32,2,42,32,3,128,12.206074,0.368048,0.000000,true,1399197-1396704-1386020-1396675-1389899-1394408-1385241-1383341-1394011-1395269-1396582-1396384-1387387-1390170-1390913-1389607
game-of-life,CUDA,temporal,bit_planes,bit_planes,,16320,16440,128,1,1,0,0,32,2,42,32,4,128,10.068463,0.293178,0.000000,true,1417816-1417893-1406893-1415416-1407152-1416286-1404729-1404148-1413585-1415322-1415948-1414554-1409790-1407981-1413325-1407498
game-of-life,CUDA,temporal,tiled_bit_planes,tiled_bit_planes,,16320,16128,128,1,1,0,0,32,2,42,32,4,128,11.124704,0.330201,0.000000,true,1391881-1390523-1379775-1389020-1381145-1388244-1377925-1377272-1385879-1390285-1388353-1387564-1382075-1381614-1385846-1381026
game-of-life,CUDA,temporal,bit_planes,bit_planes,,16320,16402,125,1,1,0,0,32,2,42,32,5,128,8.941846,0.267239,0.000000,true,1428889-1420626-1413066-1421857-1416401-1422060-1412357-1412678-1422414-1422398-1423973-1424666-1413670-1416101-1418919-1416172
game-of-life,CUDA,temporal,tiled_bit_planes,tiled_bit_planes,,16320,16368,125,1,1,0,0,32,2,42,32,5,128,10.403374,0.311565,0.000000,true,1424934-1416304-1409031-1418031-1413423-1418910-1408856-1409878-1419766-1419421-1421242-1420615-1411371-1413734-1415626-1415115
game-of-life,CUDA,temporal,bit_planes,bit_planes,,16320,16356,126,1,1,0,0,32,2,42,32,6,128,8.524529,0.253456,0.000000,true,1418242-1415865-1406428-1416630-1409068-1414758-1404156-1403510-1416412-1413823-1417604-1415026-1405961-1410599-1410126-1410931
game-of-life,CUDA,temporal,tiled_bit_planes,tiled_bit_planes,,16320,16368,126,1,1,0,0,32,2,42,32,6,128,10.098960,0.300048,0.000000,true,1418340-1416424-1406554-1416885-1410128-1415741-1405106-1404377-1417450-1414835-1418666-1416146-1406945-1411726-1411990-1411101
game-of-life,CUDA,temporal,bit_planes,bit_planes,,16320,16416,126,1,1,0,0,32,2,42,32,7,128,8.330353,0.246777,0.000000,true,1423040-1422389-1411027-1421027-1413954-1419852-1409890-1408175-1421063-1418798-1422037-1421504-1412233-1415714-1416548-1413469
game-of-life,CUDA,temporal,tiled_bit_planes,tiled_bit_planes,,16320,16368,126,1,1,0,0,32,2,42,32,7,128,9.823270,0.291857,0.000000,true,1418340-1416424-1406554-1416885-1410128-1415741-1405106-1404377-1417450-1414835-1418666-1416146-1406945-1411726-1411990-1411101
game-of-life,CUDA,temporal,bit_planes,bit_planes,,16320,16352,128,1,1,0,0,32,2,42,32,8,128,8.126593,0.237907,0.000000,true,1409227-1408698-1399341-1407286-1399789-1408527-1396551-1397133-1407260-1408054-1408952-1405624-1401031-1400961-1405484-1400652
game-of-life,CUDA,temporal,tiled_bit_planes,tiled_bit_planes,,16320,16368,128,1,1,0,0,32,2,42,32,8,128,9.779222,0.286008,0.000000,true,1410658-1409908-1400063-1408834-1401207-1409974-1397766-1398292-1408760-1409350-1410344-1407170-1402698-1402449-1407431-1402400
game-of-life,CUDA,temporal,bit_planes,bit_planes,,16320,16390,126,1,1,0,0,32,2,42,32,9,128,8.424036,0.249949,0.000000,true,1421028-1419409-1409654-1418789-1412111-1417597-1407433-1406296-1419333-1417095-1420502-1418776-1408247-1413690-1413873-1411303
game-of-life,CUDA,temporal,tiled_bit_planes,tiled_bit_planes,,16352,16104,126,1,1,0,0,32,2,42,32,9,128,10.155106,0.306062,0.000000,true,1399863-1391323-1389608-1387685-1397864-1395055-1387970-1387503-1398589-1385238-1392995-1389307-1393342-1392255-1386062-1398033
game-of-life,CUDA,temporal,bit_planes,bit_planes,,16320,16416,120,1,1,0,0,32,2,42,32,10,128,7.897493,0.245652,0.000000,true,1450786-1448225-1434843-1441006-1437146-1439758-1434792-1432809-1440864-1444898-1442121-1443244-1434515-1437945-1436486-1436147
game-of-life,CUDA,temporal,tiled_bit_planes,tiled_bit_planes,,16352,16104,120,1,1,0,0,32,2,42,32,10,128,9.583094,0.303263,0.000000,true,1420330-1412062-1410058-1409028-1421219-1418385-1410503-1411737-1420818-1409451-1416304-1406496-1412873-1410999-1408027-1417938
game-of-life,CUDA,temporal,bit_planes,bit_planes,,16320,16432,120,1,1,0,0,32,2,42,32,12,128,7.746983,0.240736,0.000000,true,1452310-1449002-1436830-1442772-1438553-1441221-1436093-1434180-1441708-1446373-1443574-1444956-1436301-1440120-1438581-1436229
game-of-life,CUDA,temporal,tiled_bit_planes,tiled_bit_planes,,16352,16104,120,1,1,0,0,32,2,42,32,12,128,9.525565,0.301443,0.000000,true,1420330-1412062-1410058-1409028-1421219-1418385-1410503-1411737-1420818-1409451-1416304-1406496-1412873-1410999-1408027-1417938
game-of-life,CUDA,temporal,bit_planes,bit_planes,,16320,16400,126,1,1,0,0,32,2,42,32,14,128,8.627867,0.255840,0.000000,true,1421467-1419419-1410162-1419576-1412752-1418398-1408339-1406850-1419862-1417636-1421018-1419699-1409741-1413821-1415472-1413458
game-of-life,CUDA,temporal,tiled_bit_planes,tiled_bit_planes,,16352,16320,126,1,1,0,0,32,2,42,32,14,128,9.783408,0.290957,0.000000,true,1417680-1409504-1407679-1406065-1415602-1412277-1407008-1407976-1419485-1405722-1411778-1407205-1409963-1410974-1405182-1417612
game-of-life,CUDA,temporal,bit_planes,bit_planes,,16320,16416,128,1,1,0,0,32,2,42,32,16,128,8.680317,0.253127,0.000000,true,1415440-1416122-1404572-1413031-1405196-1413999-1402533-1402043-1412335-1413135-1413784-1412307-1407944-1406643-1411485-1405221
game-of-life,CUDA,temporal,tiled_bit_planes,tiled_bit_planes,,16352,16320,128,1,1,0,0,32,2,42,32,16,128,9.933107,0.290793,0.000000,true,1409998-1400909-1401785-1401423-1407373-1402349-1400447-1399608-1411851-1398682-1406440-1398597-1401574-1403228-1397804-1410851
game-of-life,CUDA,temporal,bit_planes,bit_planes,,16320,16376,126,1,1,0,0,32,2,42,32,18,128,9.103202,0.270331,0.000000,true,1419915-1417497-1407827-1416997-1410746-1416283-1405908-1405154-1418143-1415612-1419083-1416803-1407249-1412507-1412861-1412752
game-of-life,CUDA,temporal,tiled_bit_planes,tiled_bit_planes,,16224,16520,126,1,1,0,0,32,2,42,32,18,128,10.588977,0.313556,0.000000,true,1426433-1421203-1424936-1419381-1421920-1413251-1422266-1416947-1415494-1425288-1419868-1420385-1418516-1415488-1410639-1412287
game-of-life,CUDA,temporal,bit_planes,bit_planes,,16320,16368,120,1,1,0,0,32,2,42,32,20,128,8.672635,0.270554,0.000000,true,1445911-1442407-1430369-1437127-1433150-1435531-1430174-1429214-1437245-1440969-1438264-1437621-1428914-1433434-1432732-1433188
game-of-life,CUDA,temporal,tiled_bit_planes,tiled_bit_planes,,16224,16520,120,1,1,0,0,32,2,42,32,20,128,10.042464,0.312242,0.000000,true,1448842-1443590-1450004-1441203-1440715-1437439-1436542-1437820-1439562-1446532-1439112-1443747-1443582-1438683-1434652-1436020
game-of-life,CUDA,temporal,bit_planes,bit_planes,,16320,16380,110,1,1,0,0,32,2,42,32,22,128,8.406099,0.285869,0.000000,true,1484297-1482782-1470588-1478858-1472843-1473867-1474433-1471453-1479139-1482975-1480405-1482394-1469206-1476787-1479192-1472948
game-of-life,CUDA,temporal,tiled_bit_planes,tiled_bit_planes,,16224,16240,110,1,1,0,0,32,2,42,32,22,128,9.046175,0.312125,0.000000,true,1466211-1457382-1463415-1450318-1458247-1451127-1454717-1451756-1456619-1461548-1459767-1455231-1460786-1455883-1450625-1451548
game-of-life,CUDA,temporal,bit_planes,bit_planes,,16320,16400,120,1,1,0,0,32,2,42,32,24,128,9.714183,0.302455,0.000000,true,1449032-1445420-1433998-1439639-1436017-1438183-1433349-1431488-1439726-1443826-1440936-1441333-1431999-1435603-1435812-1435895
game-of-life,CUDA,temporal,tiled_bit_planes,tiled_bit_planes,,16224,16240,120,1,1,0,0,32,2,42,32,24,128,9.826024,0.310780,0.000000,true,1423132-1417400-1424693-1416803-1417534-1414390-1413915-1413064-1415135-1422695-1413059-1419298-1418237-1412115-1410116-1414136
game-of-life,CUDA,simple,bit_array,bit_array,,16384,16384,128,1,1,0,0,32,2,42,64,0,0,210.454857,6.125042,0.000000,true,1414092-1408443-1419019-1411633-1415078-1411738-1415300-1416894-1401329-1408047-1410278-1412166-1410458-1403636-1412891-1414182
game-of-life,CUDA,simple,bit_planes,bit_planes,,16384,16384,128,1,1,0,0,32,2,42,64,0,0,9.661753,0.281194,0.000000,true,1414092-1408443-1419019-1411633-1415078-1411738-1415300-1416894-1401329-1408047-1410278-1412166-1410458-1403636-1412891-1414182
game-of-life,CUDA,simple,tiled_bit_planes,tiled_bit_planes,,16384,16384,128,1,1,0,0,32,2,42,64,0,0,13.047747,0.379739,0.000000,true,1414092-1408443-1419019-1411633-1415078-1411738-1415300-1416894-1401329-1408047-1410278-1412166-1410458-1403636-1412891-1414182
game-of-life,CUDA,temporal,bit_planes,bit_planes,,15360,17460,128,1,1,0,0,32,2,42,64,2,64,9.660651,0.281424,0.000000,true,1408608-1406923-1411675-1408858-1411103-1415341-1409754-1411246-1415395-1408163-1418833-1411582-1407972-1413550-1410111-1414143
game-of-life,CUDA,temporal,tiled_bit_planes,tiled_bit_planes,,16320,16368,128,1,1,0,0,32,2,42,64,2,64,10.301620,0.301287,0.000000,true,1410658-1409908-1400063-1408834-1401207-1409974-1397766-1398292-1408760-1409350-1410344-1407170-1402698-1402449-1407431-1402400
game-of-life,CUDA,temporal,bit_planes,bit_planes,,15360,17458,126,1,1,0,0,32,2,42,64,3,64,7.731710,0.228833,0.000000,true,1415970-1413386-1421476-1417560-1418904-1423032-1418249-1418111-1422927-1415405-1426866-1419895-1416366-1420296-1417035-1419683
game-of-life,CUDA,temporal,tiled_bit_planes,tiled_bit_planes,,16320,16368,126,1,1,0,0,32,2,42,64,3,64,8.653707,0.257108,0.000000,true,1418340-1416424-1406554-1416885-1410128-1415741-1405106-1404377-1417450-1414835-1418666-1416146-1406945-1411726-1411990-1411101
game-of-life,CUDA,temporal,bit_planes,bit_planes,,15360,17472,128,1,1,0,0,32,2,42,64,4,64,7.143723,0.207960,0.000000,true,1409811-1407028-1412759-1408822-1412232-1416230-1410786-1412320-1415936-1409123-1419643-1412403-1409552-1413068-1410318-1415072
game-of-life,CUDA,temporal,tiled_bit_planes,tiled_bit_planes,,16320,16368,128,1,1,0,0,32,2,42,64,4,64,8.231261,0.240736,0.000000,true,1410658-1409908-1400063-1408834-1401207-1409974-1397766-1398292-1408760-1409350-1410344-1407170-1402698-1402449-1407431-1402400
game-of-life,CUDA,temporal,bit_planes,bit_planes,,15360,17442,125,1,1,0,0,32,2,42,64,5,64,7.114108,0.212433,0.000000,true,1418644-1417777-1424977-1418744-1420809-1425208-1418588-1419886-1424138-1416955-1429753-1421746-1418599-1420629-1418950-1422756
game-of-life,CUDA,temporal,tiled_bit_planes,tiled_bit_planes,,16320,16368,125,1,1,0,0,32,2,42,64,5,64,7.717829,0.231137,0.000000,true,1424934-1416304-1409031-1418031-1413423-1418910-1408856-1409878-1419766-1419421-1421242-1420615-1411371-1413734-1415626-1415115
game-of-life,CUDA,temporal,bit_planes,bit_planes,,15360,17472,126,1,1,0,0,32,2,42,64,6,64,6.919632,0.204634,0.000000,true,1416709-1414217-1421890-1417422-1420058-1423929-1419287-1419182-1423456-1416418-1427738-1420803-1417891-1420905-1418101-1421470
game-of-life,CUDA,temporal,tiled_bit_planes,tiled_bit_planes,,16320,16368,126,1,1,0,0,32,2,42,64,6,64,7.566228,0.224798,0.000000,true,1418340-1416424-1406554-1416885-1410128-1415741-1405106-1404377-1417450-1414835-1418666-1416146-1406945-1411726-1411990-1411101
game-of-life,CUDA,temporal,bit_planes,bit_planes,,15360,17450,126,1,1,0,0,32,2,42,64,7,64,7.243717,0.214489,0.000000,true,1414481-1413702-1420218-1417525-1418267-1422467-1417462-1417449-1422330-1414780-1426052-1419243-1415814-1418816-1417032-1419142
game-of-life,CUDA,temporal,tiled_bit_planes,tiled_bit_planes,,16320,16368,126,1,1,0,0,32,2,42,64,7,64,7.445173,0.221202,0.000000,true,1418340-1416424-1406554-1416885-1410128-1415741-1405106-1404377-1417450-1414835-1418666-1416146-1406945-1411726-1411990-1411101
game-of-life,CUDA,temporal,bit_planes,bit_planes,,15360,17472,128,1,1,0,0,32,2,42,64,8,64,7.238208,0.210711,0.000000,true,1409811-1407028-1412759-1408822-1412232-1416230-1410786-1412320-1415936-1409123-1419643-1412403-1409552-1413068-1410318-1415072
game-of-life,CUDA,temporal,tiled_bit_planes,tiled_bit_planes,,16320,16368,128,1,1,0,0,32,2,42,64,8,64,7.478033,0.218706,0.000000,true,1410658-1409908-1400063-1408834-1401207-1409974-1397766-1398292-1408760-1409350-1410344-1407170-1402698-1402449-1407431-1402400
game-of-life,CUDA,temporal,bit_planes,bit_planes,,15360,17434,126,1,1,0,0,32,2,42,64,9,64,7.545817,0.223639,0.000000,true,1413744-1411936-1419355-1415479-1416787-1421273-1416070-1416198-1421296-1413180-1424354-1418150-1414750-1418780-1414660-1417386
game-of-life,CUDA,temporal,tiled_bit_planes,tiled_bit_planes,,16352,16320,126,1,1,0,0,32,2,42,64,9,64,8.010184,0.238221,0.000000,true,1417680-1409504-1407679-1406065-1415602-1412277-1407008-1407976-1419485-1405722-1411778-1407205-1409963-1410974-1405182-1417612
game-of-life,CUDA,temporal,bit_planes,bit_planes,,15360,17468,120,1,1,0,0,32,2,42,64,10,64,7.160279,0.222390,0.000000,true,1437043-1435345-1443595-1439729-1439612-1446291-1440879-1442416-1444147-1437919-1453123-1440808-1440005-1442684-1439962-1444744
game-of-life,CUDA,temporal,tiled_bit_planes,tiled_bit_planes,,16352,16320,120,1,1,0,0,32,2,42,64,10,64,7.580090,0.236702,0.000000,true,1438727-1430937-1429316-1427937-1439570-1436105-1429346-1431706-1441906-1429859-1434847-1425111-1429675-1430040-1427867-1438219
game-of-life,CUDA,temporal,bit_planes,bit_planes,,15360,17440,120,1,1,0,0,32,2,42,64,12,64,7.999739,0.248861,0.000000,true,1435391-1433365-1440542-1437678-1437269-1444280-1438325-1440007-1442030-1435357-1450392-1438865-1437178-1440614-1439112-1441356
game-of-life,CUDA,temporal,tiled_bit_planes,tiled_bit_planes,,16352,16320,120,1,1,0,0,32,2,42,64,12,64,7.516492,0.234716,0.000000,true,1438727-1430937-1429316-1427937-1439570-1436105-1429346-1431706-1441906-1429859-1434847-1425111-1429675-1430040-1427867-1438219
game-of-life,CUDA,temporal,bit_planes,bit_planes,,15360,17460,126,1,1,0,0,32,2,42,64,14,64,9.283998,0.274745,0.000000,true,1415826-1414116-1420955-1417784-1418904-1423032-1418249-1418111-1422927-1415405-1426866-1419895-1416429-1421186-1417658-1420813
game-of-life,CUDA,temporal,tiled_bit_planes,tiled_bit_planes,,16352,16320,126,1,1,0,0,32,2,42,64,14,64,7.828467,0.232817,0.000000,true,1417680-1409504-1407679-1406065-1415602-1412277-1407008-1407976-1419485-1405722-1411778-1407205-1409963-1410974-1405182-1417612
game-of-life,CUDA,temporal,bit_planes,bit_planes,,15360,17472,128,1,1,0,0,32,2,42,64,16,64,10.464127,0.304621,0.000000,true,1409811-1407028-1412759-1408822-1412232-1416230-1410786-1412320-1415936-1409123-1419643-1412403-1409552-1413068-1410318-1415072
game-of-life,CUDA,temporal,tiled_bit_planes,tiled_bit_planes,,16352,16320,128,1,1,0,0,32,2,42,64,16,64,7.888379,0.230933,0.000000,true,1409998-1400909-1401785-1401423-1407373-1402349-1400447-1399608-1411851-1398682-1406440-1398597-1401574-1403228-1397804-1410851
game-of-life,CUDA,temporal,bit_planes,bit_planes,,15360,17472,126,1,1,0,0,32,2,42,64,18,64,11.236155,0.332287,0.000000,true,1416709-1414217-1421890-1417422-1420058-1423929-1419287-1419182-1423456-1416418-1427738-1420803-1417891-1420905-1418101-1421470
game-of-life,CUDA,temporal,tiled_bit_planes,tiled_bit_planes,,16224,16240,126,1,1,0,0,32,2,42,64,18,64,8.445479,0.254396,0.000000,true,1402609-1395791-1400530-1395352-1399131-1391647-1399327-1392243-1391917-1400925-1394153-1397616-1392842-1389833-1386706-1389674
game-of-life,CUDA,temporal,bit_planes,bit_planes,,15360,17472,120,1,1,0,0,32,2,42,64,20,64,12.476906,0.387429,0.000000,true,1438197-1435920-1443005-1439912-1439961-1446507-1441238-1442720-1444410-1438236-1453355-1441205-1439513-1442395-1440720-1445304
game-of-life,CUDA,temporal,tiled_bit_planes,tiled_bit_planes,,16224,16240,120,1,1,0,0,32,2,42,64,20,64,7.972067,0.252142,0.000000,true,1423132-1417400-1424693-1416803-1417534-1414390-1413915-1413064-1415135-1422695-1413059-1419298-1418237-1412115-1410116-1414136
game-of-life,CUDA,temporal,bit_planes,bit_planes,,15360,17460,110,1,1,0,0,32,2,42,64,22,64,13.556372,0.459532,0.000000,true,1479139-1479700-1480703-1478922-1478253-1486813-1477200-1478238-1482496-1476694-1495056-1480250-1478066-1486665-1483836-1485008
game-of-life,CUDA,temporal,tiled_bit_planes,tiled_bit_planes,,16224,16240,110,1,1,0,0,32,2,42,64,22,64,7.332601,0.253001,0.000000,true,1466211-1457382-1463415-1450318-1458247-1451127-1454717-1451756-1456619-1461548-1459767-1455231-1460786-1455883-1450625-1451548
game-of-life,CUDA,temporal,bit_planes,bit_planes,,15360,17472,120,1,1,0,0,32,2,42,64,24,64,18.505009,0.574611,0.000000,true,1438197-1435920-1443005-1439912-1439961-1446507-1441238-1442720-1444410-1438236-1453355-1441205-1439513-1442395-1440720-1445304
game-of-life,CUDA,temporal,tiled_bit_planes,tiled_bit_planes,,16224,16240,120,1,1,0,0,32,2,42,64,24,64,7.982413,0.252470,0.000000,true,1423132-1417400-1424693-1416803-1417534-1414390-1413915-1413064-1415135-1422695-1413059-1419298-1418237-1412115-1410116-1414136
game-of-life,CUDA,,,,baseline,16384,16384,128,1,1,0,0,32,4,42,0,0,0,454.824381,13.237132,0.000000,true,1414092-1408443-1419019-1411633-1415078-1411738-1415300-1416894-1401329-1408047-1410278-1412166-1410458-1403636-1412891-1414182
game-of-life,CUDA,simple,standard,standard,,16384,16384,128,1,1,0,0,32,4,42,0,0,0,461.041982,13.418088,0.000000,true,1414092-1408443-1419019-1411633-1415078-1411738-1415300-1416894-1401329-1408047-1410278-1412166-1410458-1403636-1412891-1414182
game-of-life,CUDA,simple,bit_array,bit_array,,16384,16384,128,1,1,0,0,32,4,42,32,0,0,167.761232,4.882494,0.000000,true,1414092-1408443-1419019-1411633-1415078-1411738-1415300-1416894-1401329-1408047-1410278-1412166-1410458-1403636-1412891-1414182
game-of-life,CUDA,simple,bit_planes,bit_planes,,16384,16384,128,1,1,0,0,32,4,42,32,0,0,15.842478,0.461077,0.000000,true,1414092-1408443-1419019-1411633-1415078-1411738-1415300-1416894-1401329-1408047-1410278-1412166-1410458-1403636-1412891-1414182
game-of-life,CUDA,simple,tiled_bit_planes,tiled_bit_planes,,16384,16384,128,1,1,0,0,32,4,42,32,0,0,19.504262,0.567649,0.000000,true,1414092-1408443-1419019-1411633-1415078-1411738-1415300-1416894-1401329-1408047-1410278-1412166-1410458-1403636-1412891-1414182
game-of-life,CUDA,temporal,bit_planes,bit_planes,,16320,16368,128,1,1,0,0,32,4,42,32,2,128,9.878885,0.288923,0.000000,true,1410658-1409908-1400063-1408834-1401207-1409974-1397766-1398292-1408760-1409350-1410344-1407170-1402698-1402449-1407431-1402400
game-of-life,CUDA,temporal,tiled_bit_planes,tiled_bit_planes,,16320,16128,128,1,1,0,0,32,4,42,32,2,128,11.736758,0.348367,0.000000,true,1391881-1390523-1379775-1389020-1381145-1388244-1377925-1377272-1385879-1390285-1388353-1387564-1382075-1381614-1385846-1381026
game-of-life,CUDA,temporal,bit_planes,bit_planes,,16320,16348,126,1,1,0,0,32,4,42,32,3,128,8.001141,0.238011,0.000000,true,1417332-1415286-1405362-1415708-1408274-1413966-1403471-1402916-1415472-1413244-1416977-1414072-1406093-1409860-1409953-1409859
game-of-life,CUDA,temporal,tiled_bit_planes,tiled_bit_planes,,16320,16128,126,1,1,0,0,32,4,42,32,3,128,10.189148,0.307232,0.000000,true,1399197-1396704-1386020-1396675-1389899-1394408-1385241-1383341-1394011-1395269-1396582-1396384-1387387-1390170-1390913-1389607
game-of-life,CUDA,temporal,bit_planes,bit_planes,,16320,16440,128,1,1,0,0,32,4,42,32,4,128,7.808388,0.227368,0.000000,true,1417816-1417893-1406893-1415416-1407152-1416286-1404729-1404148-1413585-1415322-1415948-1414554-1409790-1407981-1413325-1407498
game-of-life,CUDA,temporal,tiled_bit_planes,tiled_bit_planes,,16320,16128,128,1,1,0,0,32,4,42,32,4,128,9.796339,0.290772,0.000000,true,1391881-1390523-1379775-1389020-1381145-1388244-1377925-1377272-1385879-1390285-1388353-1387564-1382075-1381614-1385846-1381026
game-of-life,CUDA,temporal,bit_planes,bit_planes,,16320,16402,125,1,1,0,0,32,4,42,32,5,128,7.299091,0.218143,0.000000,true,1428889-1420626-1413066-1421857-1416401-1422060-1412357-1412678-1422414-1422398-1423973-1424666-1413670-1416101-1418919-1416172
game-of-life,CUDA,temporal,tiled_bit_planes,tiled_bit_planes,,16320,16368,125,1,1,0,0,32,4,42,32,5,128,9.309917,0.278817,0.000000,true,1424934-1416304-1409031-1418031-1413423-1418910-1408856-1409878-1419766-1419421-1421242-1420615-1411371-1413734-1415626-1415115
game-of-life,CUDA,temporal,bit_planes,bit_planes,,16320,16356,126,1,1,0,0,32,4,42,32,6,128,7.468619,0.222061,0.000000,true,1418242-1415865-1406428-1416630-1409068-1414758-1404156-1403510-1416412-1413823-1417604-1415026-1405961-1410599-1410126-1410931
game-of-life,CUDA,temporal,tiled_bit_planes,tiled_bit_planes,,16320,16368,126,1,1,0,0,32,4,42,32,6,128,9.204055,0.273459,0.000000,true,1418340-1416424-1406554-1416885-1410128-1415741-1405106-1404377-1417450-1414835-1418666-1416146-1406945-1411726-1411990-1411101
game-of-life,CUDA,temporal,bit_planes,bit_planes,,16320,16416,126,1,1,0,0,32,4,42,32,7,128,7.342396,0.217510,0.000000,true,1423040-1422389-1411027-1421027-1413954-1419852-1409890-1408175-1421063-1418798-1422037-1421504-1412233-1415714-1416548-1413469
game-of-life,CUDA,temporal,tiled_bit_planes,tiled_bit_planes,,16320,16368,126,1,1,0,0,32,4,42,32,7,128,9.079456,0.269757,0.000000,true,1418340-1416424-1406554-1416885-1410128-1415741-1405106-1404377-1417450-1414835-1418666-1416146-1406945-1411726-1411990-1411101
game-of-life,CUDA,temporal,bit_planes,bit_planes,,16320,16352,128,1,1,0,0,32,4,42,32,8,128,7.351691,0.215222,0.000000,true,1409227-1408698-1399341-1407286-1399789-1408527-1396551-1397133-1407260-1408054-1408952-1405624-1401031-1400961-1405484-1400652
game-of-life,CUDA,temporal,tiled_bit_planes,tiled_bit_planes,,16320,16368,128,1,1,0,0,32,4,42,32,8,128,9.124615,0.266863,0.000000,true,1410658-1409908-1400063-1408834-1401207-1409974-1397766-1398292-1408760-1409350-1410344-1407170-1402698-1402449-1407431-1402400
game-of-life,CUDA,temporal,bit_planes,bit_planes,,16320,16390,126,1,1,0,0,32,4,42,32,9,128,7.469039,0.221613,0.000000,true,1421028-1419409-1409654-1418789-1412111-1417597-1407433-1406296-1419333-1417095-1420502-1418776-1408247-1413690-1413873-1411303
game-of-life,CUDA,temporal,tiled_bit_planes,tiled_bit_planes,,16352,16104,126,1,1,0,0,32,4,42,32,9,128,9.552216,0.287892,0.000000,true,1399863-1391323-1389608-1387685-1397864-1395055-1387970-1387503-1398589-1385238-1392995-1389307-1393342-1392255-1386062-1398033
game-of-life,CUDA,temporal,bit_planes,bit_planes,,16320,16416,120,1,1,0,0,32,4,42,32,10,128,7.062099,0.219667,0.000000,true,1450786-1448225-1434843-1441006-1437146-1439758-1434792-1432809-1440864-1444898-1442121-1443244-1434515-1437945-1436486-1436147
game-of-life,CUDA,temporal,tiled_bit_planes,tiled_bit_planes,,16352,16104,120,1,1,0,0,32,4,42,32,10,128,9.047707,0.286321,0.000000,true,1420330-1412062-1410058-1409028-1421219-1418385-1410503-1411737-1420818-1409451-1416304-1406496-1412873-1410999-1408027-1417938
game-of-life,CUDA,temporal,bit_planes,bit_planes,,16320,16432,120,1,1,0,0,32,4,42,32,12,128,7.271519,0.225961,0.000000,true,1452310-1449002-1436830-1442772-1438553-1441221-1436093-1434180-1441708-1446373-1443574-1444956-1436301-1440120-1438581-1436229
game-of-life,CUDA,temporal,tiled_bit_planes,tiled_bit_planes,,16352,16104,120,1,1,0,0,32,4,42,32,12,128,8.972032,0.283926,0.000000,true,1420330-1412062-1410058-1409028-1421219-1418385-1410503-1411737-1420818-1409451-1416304-1406496-1412873-1410999-1408027-1417938
game-of-life,CUDA,temporal,bit_planes,bit_planes,,16320,16400,126,1,1,0,0,32,4,42,32,14,128,7.871614,0.233415,0.000000,true,1421467-1419419-1410162-1419576-1412752-1418398-1408339-1406850-1419862-1417636-1421018-1419699-1409741-1413821-1415472-1413458
game-of-life,CUDA,temporal,tiled_bit_planes,tiled_bit_planes,,16352,16320,126,1,1,0,0,32,4,42,32,14,128,9.379693,0.278950,0.000000,true,1417680-1409504-1407679-1406065-1415602-1412277-1407008-1407976-1419485-1405722-1411778-1407205-1409963-1410974-1405182-1417612
game-of-life,CUDA,temporal,bit_planes,bit_planes,,16320,16416,128,1,1,0,0,32,4,42,32,16,128,8.246595,0.240479,0.000000,true,1415440-1416122-1404572-1413031-1405196-1413999-1402533-1402043-1412335-1413135-1413784-1412307-1407944-1406643-1411485-1405221
game-of-life,CUDA,temporal,tiled_bit_planes,tiled_bit_planes,,16352,16320,128,1,1,0,0,32,4,42,32,16,128,9.484082,0.277648,0.000000,true,1409998-1400909-1401785-1401423-1407373-1402349-1400447-1399608-1411851-1398682-1406440-1398597-1401574-1403228-1397804-1410851
game-of-life,CUDA,temporal,bit_planes,bit_planes,,16320,16376,126,1,1,0,0,32,4,42,32,18,128,8.378206,0.248801,0.000000,true,1419915-1417497-1407827-1416997-1410746-1416283-1405908-1405154-1418143-1415612-1419083-1416803-1407249-1412507-1412861-1412752
game-of-life,CUDA,temporal,tiled_bit_planes,tiled_bit_planes,,16224,16520,126,1,1,0,0,32,4,42,32,18,128,10.150479,0.300572,0.000000,true,1426433-1421203-1424936-1419381-1421920-1413251-1422266-1416947-1415494-1425288-1419868-1420385-1418516-1415488-1410639-1412287
game-of-life,CUDA,temporal,bit_planes,bit_planes,,16320,16368,120,1,1,0,0,32,4,42,32,20,128,8.258333,0.257629,0.000000,true,1445911-1442407-1430369-1437127-1433150-1435531-1430174-1429214-1437245-1440969-1438264-1437621-1428914-1433434-1432732-1433188
game-of-life,CUDA,temporal,tiled_bit_planes,tiled_bit_planes,,16224,16520,120,1,1,0,0,32,4,42,32,20,128,9.641232,0.299767,0.000000,true,1448842-1443590-1450004-1441203-1440715-1437439-1436542-1437820-1439562-1446532-1439112-1443747-1443582-1438683-1434652-1436020
game-of-life,CUDA,temporal,bit_planes,bit_planes,,16320,16380,110,1,1,0,0,32,4,42,32,22,128,8.044788,0.273582,0.000000,true,1484297-1482782-1470588-1478858-1472843-1473867-1474433-1471453-1479139-1482975-1480405-1482394-1469206-1476787-1479192-1472948
game-of-life,CUDA,temporal,tiled_bit_planes,tiled_bit_planes,,16224,16240,110,1,1,0,0,32,4,42,32,22,128,8.818027,0.304253,0.000000,true,1466211-1457382-1463415-1450318-1458247-1451127-1454717-1451756-1456619-1461548-1459767-1455231-1460786-1455883-1450625-1451548
game-of-life,CUDA,temporal,bit_planes,bit_planes,,16320,16400,120,1,1,0,0,32,4,42,32,24,128,9.034507,0.281293,0.000000,true,1449032-1445420-1433998-1439639-1436017-1438183-1433349-1431488-1439726-1443826-1440936-1441333-1431999-1435603-1435812-1435895
game-of-life,CUDA,temporal,tiled_bit_planes,tiled_bit_planes,,16224,16240,120,1,1,0,0,32,4,42,32,24,128,9.598978,0.303599,0.000000,true,1423132-1417400-1424693-1416803-1417534-1414390-1413915-1413064-1415135-1422695-1413059-1419298-1418237-1412115-1410116-1414136
game-of-life,CUDA,simple,bit_array,bit_array,,16384,16384,128,1,1,0,0,32,4,42,64,0,0,210.138384,6.115832,0.000000,true,1414092-1408443-1419019-1411633-1415078-1411738-1415300-1416894-1401329-1408047-1410278-1412166-1410458-1403636-1412891-1414182
game-of-life,CUDA,simple,bit_planes,bit_planes,,16384,16384,128,1,1,0,0,32,4,42,64,0,0,9.678198,0.281673,0.000000,true,1414092-1408443-1419019-1411633-1415078-1411738-1415300-1416894-1401329-1408047-1410278-1412166-1410458-1403636-1412891-1414182
game-of-life,CUDA,simple,tiled_bit_planes,tiled_bit_planes,,16384,16384,128,1,1,0,0,32,4,42,64,0,0,13.065503,0.380256,0.000000,true,1414092-1408443-1419019-1411633-1415078-1411738-1415300-1416894-1401329-1408047-1410278-1412166-1410458-1403636-1412891-1414182
game-of-life,CUDA,temporal,bit_planes,bit_planes,,15360,17460,128,1,1,0,0,32,4,42,64,2,64,7.469069,0.217581,0.000000,true,1408608-1406923-1411675-1408858-1411103-1415341-1409754-1411246-1415395-1408163-1418833-1411582-1407972-1413550-1410111-1414143
game-of-life,CUDA,temporal,tiled_bit_planes,tiled_bit_planes,,16320,16368,128,1,1,0,0,32,4,42,64,2,64,8.840241,0.258546,0.000000,true,1410658-1409908-1400063-1408834-1401207-1409974-1397766-1398292-1408760-1409350-1410344-1407170-1402698-1402449-1407431-1402400
game-of-life,CUDA,temporal,bit_planes,bit_planes,,15360,17458,126,1,1,0,0,32,4,42,64,3,64,6.724204,0.199014,0.000000,true,1415970-1413386-1421476-1417560-1418904-1423032-1418249-1418111-1422927-1415405-1426866-1419895-1416366-1420296-1417035-1419683
game-of-life,CUDA,temporal,tiled_bit_planes,tiled_bit_planes,,16320,16368,126,1,1,0,0,32,4,42,64,3,64,8.068173,0.239712,0.000000,true,1418340-1416424-1406554-1416885-1410128-1415741-1405106-1404377-1417450-1414835-1418666-1416146-1406945-1411726-1411990-1411101
game-of-life,CUDA,temporal,bit_planes,bit_planes,,15360,17472,128,1,1,0,0,32,4,42,64,4,64,6.498730,0.189184,0.000000,true,1409811-1407028-1412759-1408822-1412232-1416230-1410786-1412320-1415936-1409123-1419643-1412403-1409552-1413068-1410318-1415072
game-of-life,CUDA,temporal,tiled_bit_planes,tiled_bit_planes,,16320,16368,128,1,1,0,0,32,4,42,64,4,64,7.910864,0.231365,0.000000,true,1410658-1409908-1400063-1408834-1401207-1409974-1397766-1398292-1408760-1409350-1410344-1407170-1402698-1402449-1407431-1402400
game-of-life,CUDA,temporal,bit_planes,bit_planes,,15360,17442,125,1,1,0,0,32,4,42,64,5,64,6.431317,0.192045,0.000000,true,1418644-1417777-1424977-1418744-1420809-1425208-1418588-1419886-1424138-1416955-1429753-1421746-1418599-1420629-1418950-1422756
game-of-life,CUDA,temporal,tiled_bit_planes,tiled_bit_planes,,16320,16368,125,1,1,0,0,32,4,42,64,5,64,7.556423,0.226303,0.000000,true,1424934-1416304-1409031-1418031-1413423-1418910-1408856-1409878-1419766-1419421-1421242-1420615-1411371-1413734-1415626-1415115
game-of-life,CUDA,temporal,bit_planes,bit_planes,,15360,17472,126,1,1,0,0,32,4,42,64,6,64,6.624602,0.195909,0.000000,true,1416709-1414217-1421890-1417422-1420058-1423929-1419287-1419182-1423456-1416418-1427738-1420803-1417891-1420905-1418101-1421470
game-of-life,CUDA,temporal,tiled_bit_planes,tiled_bit_planes,,16320,16368,126,1,1,0,0,32,4,42,64,6,64,7.510183,0.223133,0.000000,true,1418340-1416424-1406554-1416885-1410128-1415741-1405106-1404377-1417450-1414835-1418666-1416146-1406945-1411726-1411990-1411101
game-of-life,CUDA,temporal,bit_planes,bit_planes,,15360,17450,126,1,1,0,0,32,4,42,64,7,64,6.795872,0.201228,0.000000,true,1414481-1413702-1420218-1417525-1418267-1422467-1417462-1417449-1422330-1414780-1426052-1419243-1415814-1418816-1417032-1419142
game-of-life,CUDA,temporal,tiled_bit_planes,tiled_bit_planes,,16320,16368,126,1,1,0,0,32,4,42,64,7,64,7.433526,0.220856,0.000000,true,1418340-1416424-1406554-1416885-1410128-1415741-1405106-1404377-1417450-1414835-1418666-1416146-1406945-1411726-1411990-1411101
game-of-life,CUDA,temporal,bit_planes,bit_planes,,15360,17472,128,1,1,0,0,32,4,42,64,8,64,7.032234,0.204715,0.000000,true,1409811-1407028-1412759-1408822-1412232-1416230-1410786-1412320-1415936-1409123-1419643-1412403-1409552-1413068-1410318-1415072
game-of-life,CUDA,temporal,tiled_bit_planes,tiled_bit_planes,,16320,16368,128,1,1,0,0,32,4,42,64,8,64,7.495390,0.219214,0.000000,true,1410658-1409908-1400063-1408834-1401207-1409974-1397766-1398292-1408760-1409350-1410344-1407170-1402698-1402449-1407431-1402400
game-of-life,CUDA,temporal,bit_planes,bit_planes,,15360,17434,126,1,1,0,0,32,4,42,64,9,64,7.092045,0.210190,0.000000,true,1413744-1411936-1419355-1415479-1416787-1421273-1416070-1416198-1421296-1413180-1424354-1418150-1414750-1418780-1414660-1417386
game-of-life,CUDA,temporal,tiled_bit_planes,tiled_bit_planes,,16352,16320,126,1,1,0,0,32,4,42,64,9,64,8.044227,0.239234,0.000000,true,1417680-1409504-1407679-1406065-1415602-1412277-1407008-1407976-1419485-1405722-1411778-1407205-1409963-1410974-1405182-1417612
game-of-life,CUDA,temporal,bit_planes,bit_planes,,15360,17468,120,1,1,0,0,32,4,42,64,10,64,6.985783,0.216970,0.000000,true,1437043-1435345-1443595-1439729-1439612-1446291-1440879-1442416-1444147-1437919-1453123-1440808-1440005-1442684-1439962-1444744
game-of-life,CUDA,temporal,tiled_bit_planes,tiled_bit_planes,,16352,16320,120,1,1,0,0,32,4,42,64,10,64,7.630727,0.238283,0.000000,true,1438727-1430937-1429316-1427937-1439570-1436105-1429346-1431706-1441906-1429859-1434847-1425111-1429675-1430040-1427867-1438219
game-of-life,CUDA,temporal,bit_planes,bit_planes,,15360,17440,120,1,1,0,0,32,4,42,64,12,64,7.583574,0.235915,0.000000,true,1435391-1433365-1440542-1437678-1437269-1444280-1438325-1440007-1442030-1435357-1450392-1438865-1437178-1440614-1439112-1441356
game-of-life,CUDA,temporal,tiled_bit_planes,tiled_bit_planes,,16352,16320,120,1,1,0,0,32,4,42,64,12,64,7.582031,0.236763,0.000000,true,1438727-1430937-1429316-1427937-1439570-1436105-1429346-1431706-1441906-1429859-1434847-1425111-1429675-1430040-1427867-1438219
game-of-life,CUDA,temporal,bit_planes,bit_planes,,15360,17460,126,1,1,0,0,32,4,42,64,14,64,8.959622,0.265145,0.000000,true,1415826-1414116-1420955-1417784-1418904-1423032-1418249-1418111-1422927-1415405-1426866-1419895-1416429-1421186-1417658-1420813
game-of-life,CUDA,temporal,tiled_bit_planes,tiled_bit_planes,,16352,16320,126,1,1,0,0,32,4,42,64,14,64,7.926377,0.235729,0.000000,true,1417680-1409504-1407679-1406065-1415602-1412277-1407008-1407976-1419485-1405722-1411778-1407205-1409963-1410974-1405182-1417612
game-of-life,CUDA,temporal,bit_planes,bit_planes,,15360,17472,128,1,1,0,0,32,4,42,64,16,64,10.358376,0.301542,0.000000,true,1409811-1407028-1412759-1408822-1412232-1416230-1410786-1412320-1415936-1409123-1419643-1412403-1409552-1413068-1410318-1415072
game-of-life,CUDA,temporal,tiled_bit_planes,tiled_bit_planes,,16352,16320,128,1,1,0,0,32,4,42,64,16,64,8.021603,0.234834,0.000000,true,1409998-1400909-1401785-1401423-1407373-1402349-1400447-1399608-1411851-1398682-1406440-1398597-1401574-1403228-1397804-1410851
game-of-life,CUDA,temporal,bit_planes,bit_planes,,15360,17472,126,1,1,0,0,32,4,42,64,18,64,11.454988,0.338759,0.000000,true,1416709-1414217-1421890-1417422-1420058-1423929-1419287-1419182-1423456-1416418-1427738-1420803-1417891-1420905-1418101-1421470
game-of-life,CUDA,temporal,tiled_bit_planes,tiled_bit_planes,,16224,16240,126,1,1,0,0,32,4,42,64,18,64,8.581036,0.258479,0.000000,true,1402609-1395791-1400530-1395352-1399131-1391647-1399327-1392243-1391917-1400925-1394153-1397616-1392842-1389833-1386706-1389674
game-of-life,CUDA,temporal,bit_planes,bit_planes,,15360,17472,120,1,1,0,0,32,4,42,64,20,64,12.800259,0.397469,0.000000,true,1438197-1435920-1443005-1439912-1439961-1446507-1441238-1442720-1444410-1438236-1453355-1441205-1439513-1442395-1440720-1445304
game-of-life,CUDA,temporal,tiled_bit_planes,tiled_bit_planes,,16224,16240,120,1,1,0,0,32,4,42,64,20,64,8.154265,0.257905,0.000000,true,1423132-1417400-1424693-1416803-1417534-1414390-1413915-1413064-1415135-1422695-1413059-1419298-1418237-1412115-1410116-1414136
game-of-life,CUDA,temporal,bit_planes,bit_planes,,15360,17460,110,1,1,0,0,32,4,42,64,22,64,13.942551,0.472622,0.000000,true,1479139-1479700-1480703-1478922-1478253-1486813-1477200-1478238-1482496-1476694-1495056-1480250-1478066-1486665-1483836-1485008
game-of-life,CUDA,temporal,tiled_bit_planes,tiled_bit_planes,,16224,16240,110,1,1,0,0,32,4,42,64,22,64,7.465775,0.257595,0.000000,true,1466211-1457382-1463415-1450318-1458247-1451127-1454717-1451756-1456619-1461548-1459767-1455231-1460786-1455883-1450625-1451548
game-of-life,CUDA,temporal,bit_planes,bit_planes,,15360,17472,120,1,1,0,0,32,4,42,64,24,64,18.134353,0.563102,0.000000,true,1438197-1435920-1443005-1439912-1439961-1446507-1441238-1442720-1444410-1438236-1453355-1441205-1439513-1442395-1440720-1445304
game-of-life,CUDA,temporal,tiled_bit_planes,tiled_bit_planes,,16224,16240,120,1,1,0,0,32,4,42,64,24,64,8.131570,0.257187,0.000000,true,1423132-1417400-1424693-1416803-1417534-1414390-1413915-1413064-1415135-1422695-1413059-1419298-1418237-1412115-1410116-1414136
game-of-life,CUDA,,,,baseline,16384,16384,128,1,1,0,0,32,8,42,0,0,0,465.543446,13.549098,0.000000,true,1414092-1408443-1419019-1411633-1415078-1411738-1415300-1416894-1401329-1408047-1410278-1412166-1410458-1403636-1412891-1414182
game-of-life,CUDA,simple,standard,standard,,16384,16384,128,1,1,0,0,32,8,42,0,0,0,467.547442,13.607421,0.000000,true,1414092-1408443-1419019-1411633-1415078-1411738-1415300-1416894-1401329-1408047-1410278-1412166-1410458-1403636-1412891-1414182
game-of-life,CUDA,simple,bit_array,bit_array,,16384,16384,128,1,1,0,0,32,8,42,32,0,0,159.925944,4.654458,0.000000,true,1414092-1408443-1419019-1411633-1415078-1411738-1415300-1416894-1401329-1408047-1410278-1412166-1410458-1403636-1412891-1414182
game-of-life,CUDA,simple,bit_planes,bit_planes,,16384,16384,128,1,1,0,0,32,8,42,32,0,0,16.077768,0.467925,0.000000,true,1414092-1408443-1419019-1411633-1415078-1411738-1415300-1416894-1401329-1408047-1410278-1412166-1410458-1403636-1412891-1414182
game-of-life,CUDA,simple,tiled_bit_planes,tiled_bit_planes,,16384,16384,128,1,1,0,0,32,8,42,32,0,0,20.065818,0.583992,0.000000,true,1414092-1408443-1419019-1411633-1415078-1411738-1415300-1416894-1401329-1408047-1410278-1412166-1410458-1403636-1412891-1414182
game-of-life,CUDA,temporal,bit_planes,bit_planes,,16320,16368,128,1,1,0,0,32,8,42,32,2,128,8.894714,0.260139,0.000000,true,1410658-1409908-1400063-1408834-1401207-1409974-1397766-1398292-1408760-1409350-1410344-1407170-1402698-1402449-1407431-1402400
game-of-life,CUDA,temporal,tiled_bit_planes,tiled_bit_planes,,16320,16128,128,1,1,0,0,32,8,42,32,2,128,11.341125,0.336624,0.000000,true,1391881-1390523-1379775-1389020-1381145-1388244-1377925-1377272-1385879-1390285-1388353-1387564-1382075-1381614-1385846-1381026
game-of-life,CUDA,temporal,bit_planes,bit_planes,,16320,16348,126,1,1,0,0,32,8,42,32,3,128,7.705100,0.229204,0.000000,true,1417332-1415286-1405362-1415708-1408274-1413966-1403471-1402916-1415472-1413244-1416977-1414072-1406093-1409860-1409953-1409859
game-of-life,CUDA,temporal,tiled_bit_planes,tiled_bit_planes,,16320,16128,126,1,1,0,0,32,8,42,32,3,128,10.077598,0.303869,0.000000,true,1399197-1396704-1386020-1396675-1389899-1394408-1385241-1383341-1394011-1395269-1396582-1396384-1387387-1390170-1390913-1389607
game-of-life,CUDA,temporal,bit_planes,bit_planes,,16320,16440,128,1,1,0,0,32,8,42,32,4,128,7.662055,0.223107,0.000000,true,1417816-1417893-1406893-1415416-1407152-1416286-1404729-1404148-1413585-1415322-1415948-1414554-1409790-1407981-1413325-1407498
game-of-life,CUDA,temporal,tiled_bit_planes,tiled_bit_planes,,16320,16128,128,1,1,0,0,32,8,42,32,4,128,9.751441,0.289440,0.000000,true,1391881-1390523-1379775-1389020-1381145-1388244-1377925-1377272-1385879-1390285-1388353-1387564-1382075-1381614-1385846-1381026
game-of-life,CUDA,temporal,bit_planes,bit_planes,,16320,16402,125,1,1,0,0,32,8,42,32,5,128,7.297408,0.218093,0.000000,true,1428889-1420626-1413066-1421857-1416401-1422060-1412357-1412678-1422414-1422398-1423973-1424666-1413670-1416101-1418919-1416172
game-of-life,CUDA,temporal,tiled_bit_planes,tiled_bit_planes,,16320,16368,125,1,1,0,0,32,8,42,32,5,128,9.240411,0.276736,0.000000,true,1424934-1416304-1409031-1418031-1413423-1418910-1408856-1409878-1419766-1419421-1421242-1420615-1411371-1413734-1415626-1415115
game-of-life,CUDA,temporal,bit_planes,bit_planes,,16320,16356,126,1,1,0,0,32,8,42,32,6,128,7.592528,0.225745,0.000000,true,1418242-1415865-1406428-1416630-1409068-1414758-1404156-1403510-1416412-1413823-1417604-1415026-1405961-1410599-1410126-1410931
game-of-life,CUDA,temporal,tiled_bit_planes,tiled_bit_planes,,16320,16368,126,1,1,0,0,32,8,42,32,6,128,9.164565,0.272286,0.000000,true,1418340-1416424-1406554-1416885-1410128-1415741-1405106-1404377-1417450-1414835-1418666-1416146-1406945-1411726-1411990-1411101
game-of-life,CUDA,temporal,bit_planes,bit_planes,,16320,16416,126,1,1,0,0,32,8,42,32,7,128,7.465845,0.221167,0.000000,true,1423040-1422389-1411027-1421027-1413954-1419852-1409890-1408175-1421063-1418798-1422037-1421504-1412233-1415714-1416548-1413469
game-of-life,CUDA,temporal,tiled_bit_planes,tiled_bit_planes,,16320,16368,126,1,1,0,0,32,8,42,32,7,128,9.062119,0.269242,0.000000,true,1418340-1416424-1406554-1416885-1410128-1415741-1405106-1404377-1417450-1414835-1418666-1416146-1406945-1411726-1411990-1411101
game-of-life,CUDA,temporal,bit_planes,bit_planes,,16320,16352,128,1,1,0,0,32,8,42,32,8,128,7.464723,0.218531,0.000000,true,1409227-1408698-1399341-1407286-1399789-1408527-1396551-1397133-1407260-1408054-1408952-1405624-1401031-1400961-1405484-1400652
game-of-life,CUDA,temporal,tiled_bit_planes,tiled_bit_planes,,16320,16368,128,1,1,0,0,32,8,42,32,8,128,9.124834,0.266870,0.000000,true,1410658-1409908-1400063-1408834-1401207-1409974-1397766-1398292-1408760-1409350-1410344-1407170-1402698-1402449-1407431-1402400
game-of-life,CUDA,temporal,bit_planes,bit_planes,,16320,16390,126,1,1,0,0,32,8,42,32,9,128,7.721925,0.229116,0.000000,true,1421028-1419409-1409654-1418789-1412111-1417597-1407433-1406296-1419333-1417095-1420502-1418776-1408247-1413690-1413873-1411303
game-of-life,CUDA,temporal,tiled_bit_planes,tiled_bit_planes,,16352,16104,126,1,1,0,0,32,8,42,32,9,128,9.979268,0.300762,0.000000,true,1399863-1391323-1389608-1387685-1397864-1395055-1387970-1387503-1398589-1385238-1392995-1389307-1393342-1392255-1386062-1398033
game-of-life,CUDA,temporal,bit_planes,bit_planes,,16320,16416,120,1,1,0,0,32,8,42,32,10,128,7.248744,0.225473,0.000000,true,1450786-1448225-1434843-1441006-1437146-1439758-1434792-1432809-1440864-1444898-1442121-1443244-1434515-1437945-1436486-1436147
game-of-life,CUDA,temporal,tiled_bit_planes,tiled_bit_planes,,16352,16104,120,1,1,0,0,32,8,42,32,10,128,9.462429,0.299445,0.000000,true,1420330-1412062-1410058-1409028-1421219-1418385-1410503-1411737-1420818-1409451-1416304-1406496-1412873-1410999-1408027-1417938
game-of-life,CUDA,temporal,bit_planes,bit_planes,,16320,16432,120,1,1,0,0,32,8,42,32,12,128,7.440957,0.231226,0.000000,true,1452310-1449002-1436830-1442772-1438553-1441221-1436093-1434180-1441708-1446373-1443574-1444956-1436301-1440120-1438581-1436229
game-of-life,CUDA,temporal,tiled_bit_planes,tiled_bit_planes,,16352,16104,120,1,1,0,0,32,8,42,32,12,128,9.389358,0.297132,0.000000,true,1420330-1412062-1410058-1409028-1421219-1418385-1410503-1411737-1420818-1409451-1416304-1406496-1412873-1410999-1408027-1417938
game-of-life,CUDA,temporal,bit_planes,bit_planes,,16320,16400,126,1,1,0,0,32,8,42,32,14,128,8.069565,0.239285,0.000000,true,1421467-1419419-1410162-1419576-1412752-1418398-1408339-1406850-1419862-1417636-1421018-1419699-1409741-1413821-1415472-1413458
game-of-life,CUDA,temporal,tiled_bit_planes,tiled_bit_planes,,16352,16320,126,1,1,0,0,32,8,42,32,14,128,9.643424,0.286794,0.000000,true,1417680-1409504-1407679-1406065-1415602-1412277-1407008-1407976-1419485-1405722-1411778-1407205-1409963-1410974-1405182-1417612
game-of-life,CUDA,temporal,bit_planes,bit_planes,,16320,16416,128,1,1,0,0,32,8,42,32,16,128,8.308779,0.242292,0.000000,true,1415440-1416122-1404572-1413031-1405196-1413999-1402533-1402043-1412335-1413135-1413784-1412307-1407944-1406643-1411485-1405221
game-of-life,CUDA,temporal,tiled_bit_planes,tiled_bit_planes,,16352,16320,128,1,1,0,0,32,8,42,32,16,128,9.751529,0.285477,0.000000,true,1409998-1400909-1401785-1401423-1407373-1402349-1400447-1399608-1411851-1398682-1406440-1398597-1401574-1403228-1397804-1410851
game-of-life,CUDA,temporal,bit_planes,bit_planes,,16320,16376,126,1,1,0,0,32,8,42,32,18,128,8.446820,0.250839,0.000000,true,1419915-1417497-1407827-1416997-1410746-1416283-1405908-1405154-1418143-1415612-1419083-1416803-1407249-1412507-1412861-1412752
game-of-life,CUDA,temporal,tiled_bit_planes,tiled_bit_planes,,16224,16520,126,1,1,0,0,32,8,42,32,18,128,10.388481,0.307619,0.000000,true,1426433-1421203-1424936-1419381-1421920-1413251-1422266-1416947-1415494-1425288-1419868-1420385-1418516-1415488-1410639-1412287
game-of-life,CUDA,temporal,bit_planes,bit_planes,,16320,16368,120,1,1,0,0,32,8,42,32,20,128,8.323532,0.259663,0.000000,true,1445911-1442407-1430369-1437127-1433150-1435531-1430174-1429214-1437245-1440969-1438264-1437621-1428914-1433434-1432732-1433188
game-of-life,CUDA,temporal,tiled_bit_planes,tiled_bit_planes,,16224,16520,120,1,1,0,0,32,8,42,32,20,128,9.867597,0.306805,0.000000,true,1448842-1443590-1450004-1441203-1440715-1437439-1436542-1437820-1439562-1446532-1439112-1443747-1443582-1438683-1434652-1436020
game-of-life,CUDA,temporal,bit_planes,bit_planes,,16320,16380,110,1,1,0,0,32,8,42,32,22,128,8.133062,0.276584,0.000000,true,1484297-1482782-1470588-1478858-1472843-1473867-1474433-1471453-1479139-1482975-1480405-1482394-1469206-1476787-1479192-1472948
game-of-life,CUDA,temporal,tiled_bit_planes,tiled_bit_planes,,16224,16240,110,1,1,0,0,32,8,42,32,22,128,9.148260,0.315647,0.000000,true,1466211-1457382-1463415-1450318-1458247-1451127-1454717-1451756-1456619-1461548-1459767-1455231-1460786-1455883-1450625-1451548
game-of-life,CUDA,temporal,bit_planes,bit_planes,,16320,16400,120,1,1,0,0,32,8,42,32,24,128,9.140287,0.284587,0.000000,true,1449032-1445420-1433998-1439639-1436017-1438183-1433349-1431488-1439726-1443826-1440936-1441333-1431999-1435603-1435812-1435895
game-of-life,CUDA,temporal,tiled_bit_planes,tiled_bit_planes,,16224,16240,120,1,1,0,0,32,8,42,32,24,128,9.953537,0.314813,0.000000,true,1423132-1417400-1424693-1416803-1417534-1414390-1413915-1413064-1415135-1422695-1413059-1419298-1418237-1412115-1410116-1414136
game-of-life,CUDA,simple,bit_array,bit_array,,16384,16384,128,1,1,0,0,32,8,42,64,0,0,189.671707,5.520173,0.000000,true,1414092-1408443-1419019-1411633-1415078-1411738-1415300-1416894-1401329-1408047-1410278-1412166-1410458-1403636-1412891-1414182
game-of-life,CUDA,simple,bit_planes,bit_planes,,16384,16384,128,1,1,0,0,32,8,42,64,0,0,9.899054,0.288100,0.000000,true,1414092-1408443-1419019-1411633-1415078-1411738-1415300-1416894-1401329-1408047-1410278-1412166-1410458-1403636-1412891-1414182
game-of-life,CUDA,simple,tiled_bit_planes,tiled_bit_planes,,16384,16384,128,1,1,0,0,32,8,42,64,0,0,13.513416,0.393292,0.000000,true,1414092-1408443-1419019-1411633-1415078-1411738-1415300-1416894-1401329-1408047-1410278-1412166-1410458-1403636-1412891-1414182
game-of-life,CUDA,temporal,bit_planes,bit_planes,,15360,17460,128,1,1,0,0,32,8,42,64,2,64,6.784105,0.197627,0.000000,true,1408608-1406923-1411675-1408858-1411103-1415341-1409754-1411246-1415395-1408163-1418833-1411582-1407972-1413550-1410111-1414143
game-of-life,CUDA,temporal,tiled_bit_planes,tiled_bit_planes,,16320,16368,128,1,1,0,0,32,8,42,64,2,64,8.548656,0.250018,0.000000,true,1410658-1409908-1400063-1408834-1401207-1409974-1397766-1398292-1408760-1409350-1410344-1407170-1402698-1402449-1407431-1402400
game-of-life,CUDA,temporal,bit_planes,bit_planes,,15360,17458,126,1,1,0,0,32,8,42,64,3,64,6.174315,0.182740,0.000000,true,1415970-1413386-1421476-1417560-1418904-1423032-1418249-1418111-1422927-1415405-1426866-1419895-1416366-1420296-1417035-1419683
game-of-life,CUDA,temporal,tiled_bit_planes,tiled_bit_planes,,16320,16368,126,1,1,0,0,32,8,42,64,3,64,7.784270,0.231277,0.000000,true,1418340-1416424-1406554-1416885-1410128-1415741-1405106-1404377-1417450-1414835-1418666-1416146-1406945-1411726-1411990-1411101
game-of-life,CUDA,temporal,bit_planes,bit_planes,,15360,17472,128,1,1,0,0,32,8,42,64,4,64,6.003324,0.174762,0.000000,true,1409811-1407028-1412759-1408822-1412232-1416230-1410786-1412320-1415936-1409123-1419643-1412403-1409552-1413068-1410318-1415072
game-of-life,CUDA,temporal,tiled_bit_planes,tiled_bit_planes,,16320,16368,128,1,1,0,0,32,8,42,64,4,64,7.664638,0.224164,0.000000,true,1410658-1409908-1400063-1408834-1401207-1409974-1397766-1398292-1408760-1409350-1410344-1407170-1402698-1402449-1407431-1402400
game-of-life,CUDA,temporal,bit_planes,bit_planes,,15360,17442,125,1,1,0,0,32,8,42,64,5,64,5.924544,0.176912,0.000000,true,1418644-1417777-1424977-1418744-1420809-1425208-1418588-1419886-1424138-1416955-1429753-1421746-1418599-1420629-1418950-1422756
game-of-life,CUDA,temporal,tiled_bit_planes,tiled_bit_planes,,16320,16368,125,1,1,0,0,32,8,42,64,5,64,7.346081,0.220004,0.000000,true,1424934-1416304-1409031-1418031-1413423-1418910-1408856-1409878-1419766-1419421-1421242-1420615-1411371-1413734-1415626-1415115
game-of-life,CUDA,temporal,bit_planes,bit_planes,,15360,17472,126,1,1,0,0,32,8,42,64,6,64,6.153123,0.181966,0.000000,true,1416709-1414217-1421890-1417422-1420058-1423929-1419287-1419182-1423456-1416418-1427738-1420803-1417891-1420905-1418101-1421470
game-of-life,CUDA,temporal,tiled_bit_planes,tiled_bit_planes,,16320,16368,126,1,1,0,0,32,8,42,64,6,64,7.307613,0.217115,0.000000,true,1418340-1416424-1406554-1416885-1410128-1415741-1405106-1404377-1417450-1414835-1418666-1416146-1406945-1411726-1411990-1411101
game-of-life,CUDA,temporal,bit_planes,bit_planes,,15360,17450,126,1,1,0,0,32,8,42,64,7,64,6.324504,0.187270,0.000000,true,1414481-1413702-1420218-1417525-1418267-1422467-1417462-1417449-1422330-1414780-1426052-1419243-1415814-1418816-1417032-1419142
game-of-life,CUDA,temporal,tiled_bit_planes,tiled_bit_planes,,16320,16368,126,1,1,0,0,32,8,42,64,7,64,7.230466,0.214823,0.000000,true,1418340-1416424-1406554-1416885-1410128-1415741-1405106-1404377-1417450-1414835-1418666-1416146-1406945-1411726-1411990-1411101
game-of-life,CUDA,temporal,bit_planes,bit_planes,,15360,17472,128,1,1,0,0,32,8,42,64,8,64,6.537679,0.190318,0.000000,true,1409811-1407028-1412759-1408822-1412232-1416230-1410786-1412320-1415936-1409123-1419643-1412403-1409552-1413068-1410318-1415072
game-of-life,CUDA,temporal,tiled_bit_planes,tiled_bit_planes,,16320,16368,128,1,1,0,0,32,8,42,64,8,64,7.292120,0.213269,0.000000,true,1410658-1409908-1400063-1408834-1401207-1409974-1397766-1398292-1408760-1409350-1410344-1407170-1402698-1402449-1407431-1402400
game-of-life,CUDA,temporal,bit_planes,bit_planes,,15360,17434,126,1,1,0,0,32,8,42,64,9,64,6.625443,0.196361,0.000000,true,1413744-1411936-1419355-1415479-1416787-1421273-1416070-1416198-1421296-1413180-1424354-1418150-1414750-1418780-1414660-1417386
game-of-life,CUDA,temporal,tiled_bit_planes,tiled_bit_planes,,16352,16320,126,1,1,0,0,32,8,42,64,9,64,7.832353,0.232933,0.000000,true,1417680-1409504-1407679-1406065-1415602-1412277-1407008-1407976-1419485-1405722-1411778-1407205-1409963-1410974-1405182-1417612
game-of-life,CUDA,temporal,bit_planes,bit_planes,,15360,17468,120,1,1,0,0,32,8,42,64,10,64,6.513141,0.202290,0.000000,true,1437043-1435345-1443595-1439729-1439612-1446291-1440879-1442416-1444147-1437919-1453123-1440808-1440005-1442684-1439962-1444744
game-of-life,CUDA,temporal,tiled_bit_planes,tiled_bit_planes,,16352,16320,120,1,1,0,0,32,8,42,64,10,64,7.432153,0.232082,0.000000,true,1438727-1430937-1429316-1427937-1439570-1436105-1429346-1431706-1441906-1429859-1434847-1425111-1429675-1430040-1427867-1438219
game-of-life,CUDA,temporal,bit_planes,bit_planes,,15360,17440,120,1,1,0,0,32,8,42,64,12,64,7.120167,0.221499,0.000000,true,1435391-1433365-1440542-1437678-1437269-1444280-1438325-1440007-1442030-1435357-1450392-1438865-1437178-1440614-1439112-1441356
game-of-life,CUDA,temporal,tiled_bit_planes,tiled_bit_planes,,16352,16320,120,1,1,0,0,32,8,42,64,12,64,7.396118,0.230957,0.000000,true,1438727-1430937-1429316-1427937-1439570-1436105-1429346-1431706-1441906-1429859-1434847-1425111-1429675-1430040-1427867-1438219
game-of-life,CUDA,temporal,bit_planes,bit_planes,,15360,17460,126,1,1,0,0,32,8,42,64,14,64,8.373208,0.247791,0.000000,true,1415826-1414116-1420955-1417784-1418904-1423032-1418249-1418111-1422927-1415405-1426866-1419895-1416429-1421186-1417658-1420813
game-of-life,CUDA,temporal,tiled_bit_planes,tiled_bit_planes,,16352,16320,126,1,1,0,0,32,8,42,64,14,64,7.720162,0.229596,0.000000,true,1417680-1409504-1407679-1406065-1415602-1412277-1407008-1407976-1419485-1405722-1411778-1407205-1409963-1410974-1405182-1417612
game-of-life,CUDA,temporal,bit_planes,bit_planes,,15360,17472,128,1,1,0,0,32,8,42,64,16,64,9.424731,0.274363,0.000000,true,1409811-1407028-1412759-1408822-1412232-1416230-1410786-1412320-1415936-1409123-1419643-1412403-1409552-1413068-1410318-1415072
game-of-life,CUDA,temporal,tiled_bit_planes,tiled_bit_planes,,16352,16320,128,1,1,0,0,32,8,42,64,16,64,7.817060,0.228846,0.000000,true,1409998-1400909-1401785-1401423-1407373-1402349-1400447-1399608-1411851-1398682-1406440-1398597-1401574-1403228-1397804-1410851
game-of-life,CUDA,temporal,bit_planes,bit_planes,,15360,17472,126,1,1,0,0,32,8,42,64,18,64,10.441892,0.308798,0.000000,true,1416709-1414217-1421890-1417422-1420058-1423929-1419287-1419182-1423456-1416418-1427738-1420803-1417891-1420905-1418101-1421470
game-of-life,CUDA,temporal,tiled_bit_planes,tiled_bit_planes,,16224,16240,126,1,1,0,0,32,8,42,64,18,64,8.393830,0.252840,0.000000,true,1402609-1395791-1400530-1395352-1399131-1391647-1399327-1392243-1391917-1400925-1394153-1397616-1392842-1389833-1386706-1389674
game-of-life,CUDA,temporal,bit_planes,bit_planes,,15360,17472,120,1,1,0,0,32,8,42,64,20,64,11.684387,0.362820,0.000000,true,1438197-1435920-1443005-1439912-1439961-1446507-1441238-1442720-1444410-1438236-1453355-1441205-1439513-1442395-1440720-1445304
game-of-life,CUDA,temporal,tiled_bit_planes,tiled_bit_planes,,16224,16240,120,1,1,0,0,32,8,42,64,20,64,7.981220,0.252432,0.000000,true,1423132-1417400-1424693-1416803-1417534-1414390-1413915-1413064-1415135-1422695-1413059-1419298-1418237-1412115-1410116-1414136
game-of-life,CUDA,temporal,bit_planes,bit_planes,,15360,17460,110,1,1,0,0,32,8,42,64,22,64,12.729470,0.431501,0.000000,true,1479139-1479700-1480703-1478922-1478253-1486813-1477200-1478238-1482496-1476694-1495056-1480250-1478066-1486665-1483836-1485008
game-of-life,CUDA,temporal,tiled_bit_planes,tiled_bit_planes,,16224,16240,110,1,1,0,0,32,8,42,64,22,64,7.308915,0.252183,0.000000,true,1466211-1457382-1463415-1450318-1458247-1451127-1454717-1451756-1456619-1461548-1459767-1455231-1460786-1455883-1450625-1451548
game-of-life,CUDA,temporal,bit_planes,bit_planes,,15360,17472,120,1,1,0,0,32,8,42,64,24,64,17.198785,0.534051,0.000000,true,1438197-1435920-1443005-1439912-1439961-1446507-1441238-1442720-1444410-1438236-1453355-1441205-1439513-1442395-1440720-1445304
game-of-life,CUDA,temporal,tiled_bit_planes,tiled_bit_planes,,16224,16240,120,1,1,0,0,32,8,42,64,24,64,7.955651,0.251623,0.000000,true,1423132-1417400-1424693-1416803-1417534-1414390-1413915-1413064-1415135-1422695-1413059-1419298-1418237-1412115-1410116-1414136
game-of-life,CUDA,,,,baseline,16384,16384,128,1,1,0,0,32,16,42,0,0,0,485.139886,14.119429,0.000000,true,1414092-1408443-1419019-1411633-1415078-1411738-1415300-1416894-1401329-1408047-1410278-1412166-1410458-1403636-1412891-1414182
game-of-life,CUDA,simple,standard,standard,,16384,16384,128,1,1,0,0,32,16,42,0,0,0,478.161645,13.916335,0.000000,true,1414092-1408443-1419019-1411633-1415078-1411738-1415300-1416894-1401329-1408047-1410278-1412166-1410458-1403636-1412891-1414182
game-of-life,CUDA,simple,bit_array,bit_array,,16384,16384,128,1,1,0,0,32,16,42,32,0,0,163.826558,4.767980,0.000000,true,1414092-1408443-1419019-1411633-1415078-1411738-1415300-1416894-1401329-1408047-1410278-1412166-1410458-1403636-1412891-1414182
game-of-life,CUDA,simple,bit_planes,bit_planes,,16384,16384,128,1,1,0,0,32,16,42,32,0,0,16.728668,0.486868,0.000000,true,1414092-1408443-1419019-1411633-1415078-1411738-1415300-1416894-1401329-1408047-1410278-1412166-1410458-1403636-1412891-1414182
game-of-life,CUDA,simple,tiled_bit_planes,tiled_bit_planes,,16384,16384,128,1,1,0,0,32,16,42,32,0,0,20.779405,0.604760,0.000000,true,1414092-1408443-1419019-1411633-1415078-1411738-1415300-1416894-1401329-1408047-1410278-1412166-1410458-1403636-1412891-1414182
game-of-life,CUDA,temporal,bit_planes,bit_planes,,16320,16368,128,1,1,0,0,32,16,42,32,2,128,9.049890,0.264678,0.000000,true,1410658-1409908-1400063-1408834-1401207-1409974-1397766-1398292-1408760-1409350-1410344-1407170-1402698-1402449-1407431-1402400
game-of-life,CUDA,temporal,tiled_bit_planes,tiled_bit_planes,,16320,16128,128,1,1,0,0,32,16,42,32,2,128,12.008221,0.356425,0.000000,true,1391881-1390523-1379775-1389020-1381145-1388244-1377925-1377272-1385879-1390285-1388353-1387564-1382075-1381614-1385846-1381026
game-of-life,CUDA,temporal,bit_planes,bit_planes,,16320,16348,126,1,1,0,0,32,16,42,32,3,128,7.671168,0.228195,0.000000,true,1417332-1415286-1405362-1415708-1408274-1413966-1403471-1402916-1415472-1413244-1416977-1414072-1406093-1409860-1409953-1409859
game-of-life,CUDA,temporal,tiled_bit_planes,tiled_bit_planes,,16320,16128,126,1,1,0,0,32,16,42,32,3,128,10.653214,0.321225,0.000000,true,1399197-1396704-1386020-1396675-1389899-1394408-1385241-1383341-1394011-1395269-1396582-1396384-1387387-1390170-1390913-1389607
game-of-life,CUDA,temporal,bit_planes,bit_planes,,16320,16440,128,1,1,0,0,32,16,42,32,4,128,7.311459,0.212898,0.000000,true,1417816-1417893-1406893-1415416-1407152-1416286-1404729-1404148-1413585-1415322-1415948-1414554-1409790-1407981-1413325-1407498
game-of-life,CUDA,temporal,tiled_bit_planes,tiled_bit_planes,,16320,16128,128,1,1,0,0,32,16,42,32,4,128,10.235457,0.303806,0.000000,true,1391881-1390523-1379775-1389020-1381145-1388244-1377925-1377272-1385879-1390285-1388353-1387564-1382075-1381614-1385846-1381026
game-of-life,CUDA,temporal,bit_planes,bit_planes,,16320,16402,125,1,1,0,0,32,16,42,32,5,128,6.735420,0.201297,0.000000,true,1428889-1420626-1413066-1421857-1416401-1422060-1412357-1412678-1422414-1422398-1423973-1424666-1413670-1416101-1418919-1416172
game-of-life,CUDA,temporal,tiled_bit_planes,tiled_bit_planes,,16320,16368,125,1,1,0,0,32,16,42,32,5,128,9.564003,0.286427,0.000000,true,1424934-1416304-1409031-1418031-1413423-1418910-1408856-1409878-1419766-1419421-1421242-1420615-1411371-1413734-1415626-1415115
game-of-life,CUDA,temporal,bit_planes,bit_planes,,16320,16356,126,1,1,0,0,32,16,42,32,6,128,6.765146,0.201145,0.000000,true,1418242-1415865-1406428-1416630-1409068-1414758-1404156-1403510-1416412-1413823-1417604-1415026-1405961-1410599-1410126-1410931
game-of-life,CUDA,temporal,tiled_bit_planes,tiled_bit_planes,,16320,16368,126,1,1,0,0,32,16,42,32,6,128,9.394455,0.279116,0.000000,true,1418340-1416424-1406554-1416885-1410128-1415741-1405106-1404377-1417450-1414835-1418666-1416146-1406945-1411726-1411990-1411101
game-of-life,CUDA,temporal,bit_planes,bit_planes,,16320,16416,126,1,1,0,0,32,16,42,32,7,128,6.633866,0.196521,0.000000,true,1423040-1422389-1411027-1421027-1413954-1419852-1409890-1408175-1421063-1418798-1422037-1421504-1412233-1415714-1416548-1413469
game-of-life,CUDA,temporal,tiled_bit_planes,tiled_bit_planes,,16320,16368,126,1,1,0,0,32,16,42,32,7,128,9.211136,0.273670,0.000000,true,1418340-1416424-1406554-1416885-1410128-1415741-1405106-1404377-1417450-1414835-1418666-1416146-1406945-1411726-1411990-1411101
game-of-life,CUDA,temporal,bit_planes,bit_planes,,16320,16352,128,1,1,0,0,32,16,42,32,8,128,6.696451,0.196040,0.000000,true,1409227-1408698-1399341-1407286-1399789-1408527-1396551-1397133-1407260-1408054-1408952-1405624-1401031-1400961-1405484-1400652
game-of-life,CUDA,temporal,tiled_bit_planes,tiled_bit_planes,,16320,16368,128,1,1,0,0,32,16,42,32,8,128,9.222142,0.269716,0.000000,true,1410658-1409908-1400063-1408834-1401207-1409974-1397766-1398292-1408760-1409350-1410344-1407170-1402698-1402449-1407431-1402400
game-of-life,CUDA,temporal,bit_planes,bit_planes,,16320,16390,126,1,1,0,0,32,16,42,32,9,128,6.741349,0.200022,0.000000,true,1421028-1419409-1409654-1418789-1412111-1417597-1407433-1406296-1419333-1417095-1420502-1418776-1408247-1413690-1413873-1411303
game-of-life,CUDA,temporal,tiled_bit_planes,tiled_bit_planes,,16352,16104,126,1,1,0,0,32,16,42,32,9,128,9.908409,0.298627,0.000000,true,1399863-1391323-1389608-1387685-1397864-1395055-1387970-1387503-1398589-1385238-1392995-1389307-1393342-1392255-1386062-1398033
game-of-life,CUDA,temporal,bit_planes,bit_planes,,16320,16416,120,1,1,0,0,32,16,42,32,10,128,6.353268,0.197619,0.000000,true,1450786-1448225-1434843-1441006-1437146-1439758-1434792-1432809-1440864-1444898-1442121-1443244-1434515-1437945-1436486-1436147
game-of-life,CUDA,temporal,tiled_bit_planes,tiled_bit_planes,,16352,16104,120,1,1,0,0,32,16,42,32,10,128,9.360673,0.296225,0.000000,true,1420330-1412062-1410058-1409028-1421219-1418385-1410503-1411737-1420818-1409451-1416304-1406496-1412873-1410999-1408027-1417938
game-of-life,CUDA,temporal,bit_planes,bit_planes,,16320,16432,120,1,1,0,0,32,16,42,32,12,128,6.505119,0.202145,0.000000,true,1452310-1449002-1436830-1442772-1438553-1441221-1436093-1434180-1441708-1446373-1443574-1444956-1436301-1440120-1438581-1436229
game-of-life,CUDA,temporal,tiled_bit_planes,tiled_bit_planes,,16352,16104,120,1,1,0,0,32,16,42,32,12,128,9.237956,0.292341,0.000000,true,1420330-1412062-1410058-1409028-1421219-1418385-1410503-1411737-1420818-1409451-1416304-1406496-1412873-1410999-1408027-1417938
game-of-life,CUDA,temporal,bit_planes,bit_planes,,16320,16400,126,1,1,0,0,32,16,42,32,14,128,7.048247,0.209000,0.000000,true,1421467-1419419-1410162-1419576-1412752-1418398-1408339-1406850-1419862-1417636-1421018-1419699-1409741-1413821-1415472-1413458
game-of-life,CUDA,temporal,tiled_bit_planes,tiled_bit_planes,,16352,16320,126,1,1,0,0,32,16,42,32,14,128,9.524843,0.283267,0.000000,true,1417680-1409504-1407679-1406065-1415602-1412277-1407008-1407976-1419485-1405722-1411778-1407205-1409963-1410974-1405182-1417612
game-of-life,CUDA,temporal,bit_planes,bit_planes,,16320,16416,128,1,1,0,0,32,16,42,32,16,128,7.387064,0.215414,0.000000,true,1415440-1416122-1404572-1413031-1405196-1413999-1402533-1402043-1412335-1413135-1413784-1412307-1407944-1406643-1411485-1405221
game-of-life,CUDA,temporal,tiled_bit_planes,tiled_bit_planes,,16352,16320,128,1,1,0,0,32,16,42,32,16,128,9.628592,0.281878,0.000000,true,1409998-1400909-1401785-1401423-1407373-1402349-1400447-1399608-1411851-1398682-1406440-1398597-1401574-1403228-1397804-1410851
game-of-life,CUDA,temporal,bit_planes,bit_planes,,16320,16376,126,1,1,0,0,32,16,42,32,18,128,7.509440,0.223002,0.000000,true,1419915-1417497-1407827-1416997-1410746-1416283-1405908-1405154-1418143-1415612-1419083-1416803-1407249-1412507-1412861-1412752
game-of-life,CUDA,temporal,tiled_bit_planes,tiled_bit_planes,,16224,16520,126,1,1,0,0,32,16,42,32,18,128,10.341238,0.306220,0.000000,true,1426433-1421203-1424936-1419381-1421920-1413251-1422266-1416947-1415494-1425288-1419868-1420385-1418516-1415488-1410639-1412287
game-of-life,CUDA,temporal,bit_planes,bit_planes,,16320,16368,120,1,1,0,0,32,16,42,32,20,128,7.399493,0.230837,0.000000,true,1445911-1442407-1430369-1437127-1433150-1435531-1430174-1429214-1437245-1440969-1438264-1437621-1428914-1433434-1432732-1433188
game-of-life,CUDA,temporal,tiled_bit_planes,tiled_bit_planes,,16224,16520,120,1,1,0,0,32,16,42,32,20,128,9.830099,0.305639,0.000000,true,1448842-1443590-1450004-1441203-1440715-1437439-1436542-1437820-1439562-1446532-1439112-1443747-1443582-1438683-1434652-1436020
game-of-life,CUDA,temporal,bit_planes,bit_planes,,16320,16380,110,1,1,0,0,32,16,42,32,22,128,7.227631,0.245793,0.000000,true,1484297-1482782-1470588-1478858-1472843-1473867-1474433-1471453-1479139-1482975-1480405-1482394-1469206-1476787-1479192-1472948
game-of-life,CUDA,temporal,tiled_bit_planes,tiled_bit_planes,,16224,16240,110,1,1,0,0,32,16,42,32,22,128,8.994986,0.310359,0.000000,true,1466211-1457382-1463415-1450318-1458247-1451127-1454717-1451756-1456619-1461548-1459767-1455231-1460786-1455883-1450625-1451548
game-of-life,CUDA,temporal,bit_planes,bit_planes,,16320,16400,120,1,1,0,0,32,16,42,32,24,128,8.118720,0.252780,0.000000,true,1449032-1445420-1433998-1439639-1436017-1438183-1433349-1431488-1439726-1443826-1440936-1441333-1431999-1435603-1435812-1435895
game-of-life,CUDA,temporal,tiled_bit_planes,tiled_bit_planes,,16224,16240,120,1,1,0,0,32,16,42,32,24,128,9.785441,0.309496,0.000000,true,1423132-1417400-1424693-1416803-1417534-1414390-1413915-1413064-1415135-1422695-1413059-1419298-1418237-1412115-1410116-1414136
game-of-life,CUDA,simple,bit_array,bit_array,,16384,16384,128,1,1,0,0,32,16,42,64,0,0,189.205386,5.506601,0.000000,true,1414092-1408443-1419019-1411633-1415078-1411738-1415300-1416894-1401329-1408047-1410278-1412166-1410458-1403636-1412891-1414182
game-of-life,CUDA,simple,bit_planes,bit_planes,,16384,16384,128,1,1,0,0,32,16,42,64,0,0,10.236289,0.297915,0.000000,true,1414092-1408443-1419019-1411633-1415078-1411738-1415300-1416894-1401329-1408047-1410278-1412166-1410458-1403636-1412891-1414182
game-of-life,CUDA,simple,tiled_bit_planes,tiled_bit_planes,,16384,16384,128,1,1,0,0,32,16,42,64,0,0,13.857109,0.403295,0.000000,true,1414092-1408443-1419019-1411633-1415078-1411738-1415300-1416894-1401329-1408047-1410278-1412166-1410458-1403636-1412891-1414182
game-of-life,CUDA,temporal,bit_planes,bit_planes,,15360,17460,128,1,1,0,0,32,16,42,64,2,64,7.629203,0.222246,0.000000,true,1408608-1406923-1411675-1408858-1411103-1415341-1409754-1411246-1415395-1408163-1418833-1411582-1407972-1413550-1410111-1414143
game-of-life,CUDA,temporal,tiled_bit_planes,tiled_bit_planes,,16320,16368,128,1,1,0,0,32,16,42,64,2,64,9.585687,0.280348,0.000000,true,1410658-1409908-1400063-1408834-1401207-1409974-1397766-1398292-1408760-1409350-1410344-1407170-1402698-1402449-1407431-1402400
game-of-life,CUDA,temporal,bit_planes,bit_planes,,15360,17458,126,1,1,0,0,32,16,42,64,3,64,6.592232,0.195109,0.000000,true,1415970-1413386-1421476-1417560-1418904-1423032-1418249-1418111-1422927-1415405-1426866-1419895-1416366-1420296-1417035-1419683
game-of-life,CUDA,temporal,tiled_bit_planes,tiled_bit_planes,,16320,16368,126,1,1,0,0,32,16,42,64,3,64,8.406999,0.249778,0.000000,true,1418340-1416424-1406554-1416885-1410128-1415741-1405106-1404377-1417450-1414835-1418666-1416146-1406945-1411726-1411990-1411101
game-of-life,CUDA,temporal,bit_planes,bit_planes,,15360,17472,128,1,1,0,0,32,16,42,64,4,64,6.120403,0.178171,0.000000,true,1409811-1407028-1412759-1408822-1412232-1416230-1410786-1412320-1415936-1409123-1419643-1412403-1409552-1413068-1410318-1415072
game-of-life,CUDA,temporal,tiled_bit_planes,tiled_bit_planes,,16320,16368,128,1,1,0,0,32,16,42,64,4,64,7.966036,0.232979,0.000000,true,1410658-1409908-1400063-1408834-1401207-1409974-1397766-1398292-1408760-1409350-1410344-1407170-1402698-1402449-1407431-1402400
game-of-life,CUDA,temporal,bit_planes,bit_planes,,15360,17442,125,1,1,0,0,32,16,42,64,5,64,6.020029,0.179763,0.000000,true,1418644-1417777-1424977-1418744-1420809-1425208-1418588-1419886-1424138-1416955-1429753-1421746-1418599-1420629-1418950-1422756
game-of-life,CUDA,temporal,tiled_bit_planes,tiled_bit_planes,,16320,16368,125,1,1,0,0,32,16,42,64,5,64,7.479815,0.224009,0.000000,true,1424934-1416304-1409031-1418031-1413423-1418910-1408856-1409878-1419766-1419421-1421242-1420615-1411371-1413734-1415626-1415115
game-of-life,CUDA,temporal,bit_planes,bit_planes,,15360,17472,126,1,1,0,0,32,16,42,64,6,64,6.211502,0.183693,0.000000,true,1416709-1414217-1421890-1417422-1420058-1423929-1419287-1419182-1423456-1416418-1427738-1420803-1417891-1420905-1418101-1421470
game-of-life,CUDA,temporal,tiled_bit_planes,tiled_bit_planes,,16320,16368,126,1,1,0,0,32,16,42,64,6,64,7.333412,0.217881,0.000000,true,1418340-1416424-1406554-1416885-1410128-1415741-1405106-1404377-1417450-1414835-1418666-1416146-1406945-1411726-1411990-1411101
game-of-life,CUDA,temporal,bit_planes,bit_planes,,15360,17450,126,1,1,0,0,32,16,42,64,7,64,6.379287,0.188893,0.000000,true,1414481-1413702-1420218-1417525-1418267-1422467-1417462-1417449-1422330-1414780-1426052-1419243-1415814-1418816-1417032-1419142
game-of-life,CUDA,temporal,tiled_bit_planes,tiled_bit_planes,,16320,16368,126,1,1,0,0,32,16,42,64,7,64,7.206279,0.214104,0.000000,true,1418340-1416424-1406554-1416885-1410128-1415741-1405106-1404377-1417450-1414835-1418666-1416146-1406945-1411726-1411990-1411101
game-of-life,CUDA,temporal,bit_planes,bit_planes,,15360,17472,128,1,1,0,0,32,16,42,64,8,64,6.673867,0.194283,0.000000,true,1409811-1407028-1412759-1408822-1412232-1416230-1410786-1412320-1415936-1409123-1419643-1412403-1409552-1413068-1410318-1415072
game-of-life,CUDA,temporal,tiled_bit_planes,tiled_bit_planes,,16320,16368,128,1,1,0,0,32,16,42,64,8,64,7.245138,0.211895,0.000000,true,1410658-1409908-1400063-1408834-1401207-1409974-1397766-1398292-1408760-1409350-1410344-1407170-1402698-1402449-1407431-1402400
game-of-life,CUDA,temporal,bit_planes,bit_planes,,15360,17434,126,1,1,0,0,32,16,42,64,9,64,6.767299,0.200566,0.000000,true,1413744-1411936-1419355-1415479-1416787-1421273-1416070-1416198-1421296-1413180-1424354-1418150-1414750-1418780-1414660-1417386
game-of-life,CUDA,temporal,tiled_bit_planes,tiled_bit_planes,,16352,16320,126,1,1,0,0,32,16,42,64,9,64,7.752010,0.230543,0.000000,true,1417680-1409504-1407679-1406065-1415602-1412277-1407008-1407976-1419485-1405722-1411778-1407205-1409963-1410974-1405182-1417612
game-of-life,CUDA,temporal,bit_planes,bit_planes,,15360,17468,120,1,1,0,0,32,16,42,64,10,64,6.643340,0.206334,0.000000,true,1437043-1435345-1443595-1439729-1439612-1446291-1440879-1442416-1444147-1437919-1453123-1440808-1440005-1442684-1439962-1444744
game-of-life,CUDA,temporal,tiled_bit_planes,tiled_bit_planes,,16352,16320,120,1,1,0,0,32,16,42,64,10,64,7.346061,0.229394,0.000000,true,1438727-1430937-1429316-1427937-1439570-1436105-1429346-1431706-1441906-1429859-1434847-1425111-1429675-1430040-1427867-1438219
game-of-life,CUDA,temporal,bit_planes,bit_planes,,15360,17440,120,1,1,0,0,32,16,42,64,12,64,7.281503,0.226518,0.000000,true,1435391-1433365-1440542-1437678-1437269-1444280-1438325-1440007-1442030-1435357-1450392-1438865-1437178-1440614-1439112-1441356
game-of-life,CUDA,temporal,tiled_bit_planes,tiled_bit_planes,,16352,16320,120,1,1,0,0,32,16,42,64,12,64,7.295264,0.227808,0.000000,true,1438727-1430937-1429316-1427937-1439570-1436105-1429346-1431706-1441906-1429859-1434847-1425111-1429675-1430040-1427867-1438219
game-of-life,CUDA,temporal,bit_planes,bit_planes,,15360,17460,126,1,1,0,0,32,16,42,64,14,64,8.569547,0.253602,0.000000,true,1415826-1414116-1420955-1417784-1418904-1423032-1418249-1418111-1422927-1415405-1426866-1419895-1416429-1421186-1417658-1420813
game-of-life,CUDA,temporal,tiled_bit_planes,tiled_bit_planes,,16352,16320,126,1,1,0,0,32,16,42,64,14,64,7.625557,0.226783,0.000000,true,1417680-1409504-1407679-1406065-1415602-1412277-1407008-1407976-1419485-1405722-1411778-1407205-1409963-1410974-1405182-1417612
game-of-life,CUDA,temporal,bit_planes,bit_planes,,15360,17472,128,1,1,0,0,32,16,42,64,16,64,9.643996,0.280746,0.000000,true,1409811-1407028-1412759-1408822-1412232-1416230-1410786-1412320-1415936-1409123-1419643-1412403-1409552-1413068-1410318-1415072
game-of-life,CUDA,temporal,tiled_bit_planes,tiled_bit_planes,,16352,16320,128,1,1,0,0,32,16,42,64,16,64,7.724839,0.226146,0.000000,true,1409998-1400909-1401785-1401423-1407373-1402349-1400447-1399608-1411851-1398682-1406440-1398597-1401574-1403228-1397804-1410851
game-of-life,CUDA,temporal,bit_planes,bit_planes,,15360,17472,126,1,1,0,0,32,16,42,64,18,64,10.690682,0.316156,0.000000,true,1416709-1414217-1421890-1417422-1420058-1423929-1419287-1419182-1423456-1416418-1427738-1420803-1417891-1420905-1418101-1421470
game-of-life,CUDA,temporal,tiled_bit_planes,tiled_bit_planes,,16224,16240,126,1,1,0,0,32,16,42,64,18,64,8.259835,0.248804,0.000000,true,1402609-1395791-1400530-1395352-1399131-1391647-1399327-1392243-1391917-1400925-1394153-1397616-1392842-1389833-1386706-1389674
game-of-life,CUDA,temporal,bit_planes,bit_planes,,15360,17472,120,1,1,0,0,32,16,42,64,20,64,11.958845,0.371342,0.000000,true,1438197-1435920-1443005-1439912-1439961-1446507-1441238-1442720-1444410-1438236-1453355-1441205-1439513-1442395-1440720-1445304
game-of-life,CUDA,temporal,tiled_bit_planes,tiled_bit_planes,,16224,16240,120,1,1,0,0,32,16,42,64,20,64,7.893787,0.249666,0.000000,true,1423132-1417400-1424693-1416803-1417534-1414390-1413915-1413064-1415135-1422695-1413059-1419298-1418237-1412115-1410116-1414136
game-of-life,CUDA,temporal,bit_planes,bit_planes,,15360,17460,110,1,1,0,0,32,16,42,64,22,64,13.033053,0.441792,0.000000,true,1479139-1479700-1480703-1478922-1478253-1486813-1477200-1478238-1482496-1476694-1495056-1480250-1478066-1486665-1483836-1485008
game-of-life,CUDA,temporal,tiled_bit_planes,tiled_bit_planes,,16224,16240,110,1,1,0,0,32,16,42,64,22,64,7.226169,0.249328,0.000000,true,1466211-1457382-1463415-1450318-1458247-1451127-1454717-1451756-1456619-1461548-1459767-1455231-1460786-1455883-1450625-1451548
game-of-life,CUDA,temporal,bit_planes,bit_planes,,15360,17472,120,1,1,0,0,32,16,42,64,24,64,17.604694,0.546655,0.000000,true,1438197-1435920-1443005-1439912-1439961-1446507-1441238-1442720-1444410-1438236-1453355-1441205-1439513-1442395-1440720-1445304
game-of-life,CUDA,temporal,tiled_bit_planes,tiled_bit_planes,,16224,16240,120,1,1,0,0,32,16,42,64,24,64,7.822959,0.247426,0.000000,true,1423132-1417400-1424693-1416803-1417534-1414390-1413915-1413064-1415135-1422695-1413059-1419298-1418237-1412115-1410116-1414136
game-of-life,CUDA,,,,baseline,16384,16384,128,1,1,0,0,32,32,42,0,0,0,533.367263,15.523030,0.000000,true,1414092-1408443-1419019-1411633-1415078-1411738-1415300-1416894-1401329-1408047-1410278-1412166-1410458-1403636-1412891-1414182
game-of-life,CUDA,simple,standard,standard,,16384,16384,128,1,1,0,0,32,32,42,0,0,0,498.758772,14.515791,0.000000,true,1414092-1408443-1419019-1411633-1415078-1411738-1415300-1416894-1401329-1408047-1410278-1412166-1410458-1403636-1412891-1414182
game-of-life,CUDA,simple,bit_array,bit_array,,16384,16384,128,1,1,0,0,32,32,42,32,0,0,168.939583,4.916789,0.000000,true,1414092-1408443-1419019-1411633-1415078-1411738-1415300-1416894-1401329-1408047-1410278-1412166-1410458-1403636-1412891-1414182
game-of-life,CUDA,simple,bit_planes,bit_planes,,16384,16384,128,1,1,0,0,32,32,42,32,0,0,19.362715,0.563529,0.000000,true,1414092-1408443-1419019-1411633-1415078-1411738-1415300-1416894-1401329-1408047-1410278-1412166-1410458-1403636-1412891-1414182
game-of-life,CUDA,simple,tiled_bit_planes,tiled_bit_planes,,16384,16384,128,1,1,0,0,32,32,42,32,0,0,23.953775,0.697147,0.000000,true,1414092-1408443-1419019-1411633-1415078-1411738-1415300-1416894-1401329-1408047-1410278-1412166-1410458-1403636-1412891-1414182
game-of-life,CUDA,simple,bit_array,bit_array,,16384,16384,128,1,1,0,0,32,32,42,64,0,0,191.402176,5.570536,0.000000,true,1414092-1408443-1419019-1411633-1415078-1411738-1415300-1416894-1401329-1408047-1410278-1412166-1410458-1403636-1412891-1414182
game-of-life,CUDA,simple,bit_planes,bit_planes,,16384,16384,128,1,1,0,0,32,32,42,64,0,0,11.594118,0.337433,0.000000,true,1414092-1408443-1419019-1411633-1415078-1411738-1415300-1416894-1401329-1408047-1410278-1412166-1410458-1403636-1412891-1414182
game-of-life,CUDA,simple,tiled_bit_planes,tiled_bit_planes,,16384,16384,128,1,1,0,0,32,32,42,64,0,0,15.282052,0.444766,0.000000,true,1414092-1408443-1419019-1411633-1415078-1411738-1415300-1416894-1401329-1408047-1410278-1412166-1410458-1403636-1412891-1414182
brian,CUDA,,,,baseline,16384,16384,128,1,1,0,0,32,2,42,0,0,0,448.607999,13.056211,0.000000,true,1370182-1335317-1332633-1347082-1348520-1322570-1344908-1333174-1321475-1342236-1347135-1335328-1331246-1335809-1337049-1330515
brian,CUDA,simple,standard,standard,,16384,16384,128,1,1,0,0,32,2,42,0,0,0,470.252492,13.686149,0.000000,true,1370182-1335317-1332633-1347082-1348520-1322570-1344908-1333174-1321475-1342236-1347135-1335328-1331246-1335809-1337049-1330515
brian,CUDA,simple,bit_array,bit_array,,16384,16384,128,1,1,0,0,32,2,42,32,0,0,539.995265,15.715931,0.000000,true,1370182-1335317-1332633-1347082-1348520-1322570-1344908-1333174-1321475-1342236-1347135-1335328-1331246-1335809-1337049-1330515
brian,CUDA,simple,bit_planes,bit_planes,,16384,16384,128,1,1,0,0,32,2,42,32,0,0,19.242200,0.560022,0.000000,true,1370182-1335317-1332633-1347082-1348520-1322570-1344908-1333174-1321475-1342236-1347135-1335328-1331246-1335809-1337049-1330515
brian,CUDA,simple,tiled_bit_planes,tiled_bit_planes,,16384,16384,128,1,1,0,0,32,2,42,32,0,0,22.608003,0.657979,0.000000,true,1370182-1335317-1332633-1347082-1348520-1322570-1344908-1333174-1321475-1342236-1347135-1335328-1331246-1335809-1337049-1330515
brian,CUDA,temporal,bit_planes,bit_planes,,16320,16440,128,1,1,0,0,32,2,42,32,2,64,15.195840,0.442479,0.000000,true,1348209-1326898-1306555-1345462-1318650-1328386-1334375-1352078-1339908-1324346-1341211-1344577-1327322-1322976-1331697-1338630
brian,CUDA,temporal,tiled_bit_planes,tiled_bit_planes,,16320,16368,128,1,1,0,0,32,2,42,32,2,64,19.703123,0.576248,0.000000,true,1341146-1317740-1302206-1337643-1311729-1324061-1328751-1348357-1334714-1319727-1332917-1339159-1316915-1314373-1327567-1330667
brian,CUDA,temporal,bit_planes,bit_planes,,16320,16414,126,1,1,0,0,32,2,42,32,3,64,14.724932,0.436263,0.000000,true,1346887-1326076-1309081-1343768-1320194-1330441-1336353-1353468-1339990-1327449-1341491-1346111-1325700-1323003-1331745-1338570
brian,CUDA,temporal,tiled_bit_planes,tiled_bit_planes,,16320,16368,126,1,1,0,0,32,2,42,32,3,64,16.937355,0.503222,0.000000,true,1343504-1320067-1307609-1339155-1315037-1327199-1332456-1350888-1336608-1325365-1336283-1341871-1319047-1317060-1329187-1332343
brian,CUDA,temporal,bit_planes,bit_planes,,16320,16408,128,1,1,0,0,32,2,42,32,4,64,13.671816,0.398878,0.000000,true,1343452-1323916-1305520-1341733-1316305-1326497-1332441-1350492-1337215-1321649-1336869-1343117-1325342-1320881-1330928-1337175
brian,CUDA,temporal,tiled_bit_planes,tiled_bit_planes,,16320,16368,128,1,1,0,0,32,2,42,32,4,64,16.182355,0.473278,0.000000,true,1341146-1317740-1302206-1337643-1311729-1324061-1328751-1348357-1334714-1319727-1332917-1339159-1316915-1314373-1327567-1330667
brian,CUDA,temporal,bit_planes,bit_planes,,16320,16416,125,1,1,0,0,32,2,42,32,5,64,13.120425,0.391787,0.000000,true,1347994-1328849-1310234-1345021-1321901-1331629-1338259-1357143-1341987-1329306-1344156-1347057-1325643-1324936-1334024-1339671
brian,CUDA,temporal,tiled_bit_planes,tiled_bit_planes,,16320,16320,125,1,1,0,0,32,2,42,32,5,64,15.919073,0.478154,0.000000,true,1341134-1320950-1305446-1337517-1312134-1325521-1330209-1351999-1333344-1322198-1334874-1338801-1318071-1313656-1327601-1330418
brian,CUDA,temporal,bit_planes,bit_planes,,16320,16432,126,1,1,0,0,32,2,42,32,6,64,13.205005,0.390803,0.000000,true,1350543-1327467-1312891-1346614-1321492-1331438-1337184-1354165-1341079-1329012-1343878-1346856-1328536-1326595-1334514-1338233
brian,CUDA,temporal,tiled_bit_planes,tiled_bit_planes,,16320,16320,126,1,1,0,0,32,2,42,32,6,64,15.729313,0.468704,0.000000,true,1340213-1319047-1304077-1336100-1310343-1324357-1328246-1348331-1331521-1320489-1332363-1337644-1316511-1312218-1326971-1329244
brian,CUDA,temporal,bit_planes,bit_planes,,16320,16400,126,1,1,0,0,32,2,42,32,7,64,13.368444,0.396412,0.000000,true,1343271-1323435-1311208-1342813-1318600-1329380-1335499-1352693-1338710-1326580-1339443-1345207-1323492-1322350-1330909-1338392
brian,CUDA,temporal,tiled_bit_planes,tiled_bit_planes,,16320,16320,126,1,1,0,0,32,2,42,32,7,64,15.675823,0.467110,0.000000,true,1340213-1319047-1304077-1336100-1310343-1324357-1328246-1348331-1331521-1320489-1332363-1337644-1316511-1312218-1326971-1329244
brian,CUDA,temporal,bit_planes,bit_planes,,16320,16416,128,1,1,0,0,32,2,42,32,8,64,13.985925,0.407844,0.000000,true,1344939-1324922-1302796-1342027-1316916-1326858-1332886-1350954-1338049-1322113-1338076-1343431-1322612-1320879-1332156-1335411
brian,CUDA,temporal,tiled_bit_planes,tiled_bit_planes,,16320,16320,128,1,1,0,0,32,2,42,32,8,64,15.790317,0.463170,0.000000,true,1337615-1316455-1298507-1334398-1306903-1321158-1324413-1345549-1329638-1315127-1328801-1334983-1315094-1309782-1325917-1327158
brian,CUDA,temporal,bit_planes,bit_planes,,16320,16422,126,1,1,0,0,32,2,42,32,9,64,14.135573,0.418598,0.000000,true,1350151-1327127-1311743-1344858-1320720-1330973-1336659-1353863-1340523-1327977-1342784-1346456-1324802-1323682-1333540-1340094
brian,CUDA,temporal,tiled_bit_planes,tiled_bit_planes,,16352,16240,126,1,1,0,0,32,2,42,32,9,64,16.469793,0.492222,0.000000,true,1333719-1323524-1329394-1326877-1338821-1334403-1312862-1318139-1315948-1320295-1341309-1324130-1314844-1309148-1324743-1321857
brian,CUDA,temporal,bit_planes,bit_planes,,16320,16412,120,1,1,0,0,32,2,42,32,10,64,13.819863,0.429973,0.000000,true,1351278-1335571-1319908-1356225-1328626-1342072-1349310-1365200-1349831-1345309-1347392-1350419-1330229-1334511-1342172-1347306
brian,CUDA,temporal,tiled_bit_planes,tiled_bit_planes,,16352,16240,120,1,1,0,0,32,2,42,32,10,64,15.616742,0.490063,0.000000,true,1343775-1331935-1337710-1334294-1345435-1349998-1322529-1321105-1324310-1325932-1350604-1335283-1319281-1315569-1334809-1329305
brian,CUDA,temporal,bit_planes,bit_planes,,16320,16440,120,1,1,0,0,32,2,42,32,12,64,15.067705,0.467998,0.000000,true,1355985-1335553-1321986-1358506-1331119-1344210-1350876-1366754-1352044-1347186-1351018-1351751-1332753-1338099-1342525-1351843
brian,CUDA,temporal,tiled_bit_planes,tiled_bit_planes,,16352,16240,120,1,1,0,0,32,2,42,32,12,64,15.513154,0.486813,0.000000,true,1343775-1331935-1337710-1334294-1345435-1349998-1322529-1321105-1324310-1325932-1350604-1335283-1319281-1315569-1334809-1329305
brian,CUDA,temporal,bit_planes,bit_planes,,16320,16416,126,1,1,0,0,32,2,42,32,14,64,17.170281,0.508650,0.000000,true,1347187-1326942-1308685-1343509-1320194-1330441-1336353-1353468-1339990-1327449-1341491-1346111-1324435-1323924-1333626-1337927
brian,CUDA,temporal,tiled_bit_planes,tiled_bit_planes,,16352,16352,126,1,1,0,0,32,2,42,32,14,64,16.910054,0.501918,0.000000,true,1340129-1330222-1341357-1336519-1345825-1341724-1321072-1328405-1326494-1329483-1353754-1328879-1323393-1317507-1331247-1336941
brian,CUDA,temporal,bit_planes,bit_planes,,16320,16448,128,1,1,0,0,32,2,42,32,16,64,19.248400,0.560211,0.000000,true,1346801-1326204-1306177-1346945-1319274-1328959-1334744-1352407-1340188-1325006-1342207-1345139-1330390-1325756-1329976-1339500
brian,CUDA,temporal,tiled_bit_planes,tiled_bit_planes,,16352,16352,128,1,1,0,0,32,2,42,32,16,64,17.114686,0.500054,0.000000,true,1337377-1328430-1337902-1335381-1342664-1339469-1318482-1326565-1325137-1327205-1353329-1325057-1321471-1312479-1327638-1333798
brian,CUDA,temporal,bit_planes,bit_planes,,16320,16436,126,1,1,0,0,32,2,42,32,18,64,21.510889,0.636461,0.000000,true,1350301-1326924-1311622-1348175-1321820-1331746-1337450-1354412-1341450-1329210-1344315-1347026-1328866-1327393-1335391-1341623
brian,CUDA,temporal,tiled_bit_planes,tiled_bit_planes,,16224,16416,126,1,1,0,0,32,2,42,32,18,64,18.482972,0.550777,0.000000,true,1316003-1312371-1319767-1329771-1326968-1343536-1306957-1334562-1345723-1321008-1335044-1334789-1340650-1336179-1337067-1352231
brian,CUDA,temporal,bit_planes,bit_planes,,16320,16440,120,1,1,0,0,32,2,42,32,20,64,24.052565,0.747065,0.000000,true,1355985-1335553-1321986-1358506-1331119-1344210-1350876-1366754-1352044-1347186-1351018-1351751-1332753-1338099-1342525-1351843
brian,CUDA,temporal,tiled_bit_planes,tiled_bit_planes,,16224,16416,120,1,1,0,0,32,2,42,32,20,64,17.554607,0.549268,0.000000,true,1326246-1322485-1327482-1344001-1338889-1351967-1322849-1342424-1355768-1327173-1342169-1342147-1348472-1343989-1344368-1352282
brian,CUDA,temporal,bit_planes,bit_planes,,16320,16440,110,1,1,0,0,32,2,42,32,22,64,26.169342,0.886703,0.000000,true,1368176-1351664-1345149-1374394-1355976-1360790-1367795-1384014-1378196-1371308-1370124-1370438-1352429-1353328-1356384-1371161
brian,CUDA,temporal,tiled_bit_planes,tiled_bit_planes,,16224,16432,110,1,1,0,0,32,2,42,32,22,64,16.976445,0.578903,0.000000,true,1344416-1345301-1348741-1366529-1356186-1362293-1343510-1354955-1367278-1350458-1352057-1360482-1365174-1357615-1362806-1359533
brian,CUDA,temporal,bit_planes,bit_planes,,16320,16448,120,1,1,0,0,32,2,42,32,24,64,35.339154,1.097088,0.000000,true,1352869-1335614-1321885-1358284-1331717-1345020-1351254-1367308-1352754-1347545-1351882-1352484-1334175-1340364-1342173-1353202
brian,CUDA,temporal,tiled_bit_planes,tiled_bit_planes,,16224,16432,120,1,1,0,0,32,2,42,32,24,64,18.489252,0.577949,0.000000,true,1323050-1323929-1329341-1346502-1340571-1353034-1324000-1343564-1357573-1328649-1343483-1343629-1347489-1343768-1345550-1354062
brian,CUDA,simple,bit_array,bit_array,,16384,16384,128,1,1,0,0,32,2,42,64,0,0,625.953773,18.217652,0.000000,true,1370182-1335317-1332633-1347082-1348520-1322570-1344908-1333174-1321475-1342236-1347135-1335328-1331246-1335809-1337049-1330515
brian,CUDA,simple,bit_planes,bit_planes,,16384,16384,128,1,1,0,0,32,2,42,64,0,0,11.877581,0.345683,0.000000,true,1370182-1335317-1332633-1347082-1348520-1322570-1344908-1333174-1321475-1342236-1347135-1335328-1331246-1335809-1337049-1330515
brian,CUDA,simple,tiled_bit_planes,tiled_bit_planes,,16384,16384,128,1,1,0,0,32,2,42,64,0,0,15.651555,0.455520,0.000000,true,1370182-1335317-1332633-1347082-1348520-1322570-1344908-1333174-1321475-1342236-1347135-1335328-1331246-1335809-1337049-1330515
brian,CUDA,temporal,bit_planes,bit_planes,,15360,17472,128,1,1,0,0,32,2,42,64,2,32,10.804946,0.314542,0.000000,true,1314663-1329372-1331952-1324787-1323857-1314559-1343727-1329371-1324092-1317608-1320239-1331887-1331179-1333463-1352142-1349171
brian,CUDA,temporal,tiled_bit_planes,tiled_bit_planes,,16320,16320,128,1,1,0,0,32,2,42,64,2,32,15.321873,0.449430,0.000000,true,1337615-1316455-1298507-1334398-1306903-1321158-1324413-1345549-1329638-1315127-1328801-1334983-1315094-1309782-1325917-1327158
brian,CUDA,temporal,bit_planes,bit_planes,,15360,17472,126,1,1,0,0,32,2,42,64,3,32,11.314362,0.334600,0.000000,true,1319791-1331576-1337027-1328696-1329143-1318633-1344692-1329842-1325187-1318863-1323835-1332593-1333541-1337345-1353875-1353764
brian,CUDA,temporal,tiled_bit_planes,tiled_bit_planes,,16320,16320,126,1,1,0,0,32,2,42,64,3,32,13.734071,0.409250,0.000000,true,1340213-1319047-1304077-1336100-1310343-1324357-1328246-1348331-1331521-1320489-1332363-1337644-1316511-1312218-1326971-1329244
brian,CUDA,temporal,bit_planes,bit_planes,,15360,17472,128,1,1,0,0,32,2,42,64,4,32,11.532084,0.335710,0.000000,true,1314663-1329372-1331952-1324787-1323857-1314559-1343727-1329371-1324092-1317608-1320239-1331887-1331179-1333463-1352142-1349171
brian,CUDA,temporal,tiled_bit_planes,tiled_bit_planes,,16320,16320,128,1,1,0,0,32,2,42,64,4,32,13.405009,0.393203,0.000000,true,1337615-1316455-1298507-1334398-1306903-1321158-1324413-1345549-1329638-1315127-1328801-1334983-1315094-1309782-1325917-1327158
brian,CUDA,temporal,bit_planes,bit_planes,,15360,17468,125,1,1,0,0,32,2,42,64,5,32,11.378951,0.339280,0.000000,true,1324264-1332069-1339861-1329999-1330333-1320104-1346812-1329706-1326795-1319767-1325342-1334227-1337241-1337326-1353229-1354617
brian,CUDA,temporal,tiled_bit_planes,tiled_bit_planes,,16320,16320,125,1,1,0,0,32,2,42,64,5,32,12.869143,0.386544,0.000000,true,1341134-1320950-1305446-1337517-1312134-1325521-1330209-1351999-1333344-1322198-1334874-1338801-1318071-1313656-1327601-1330418
brian,CUDA,temporal,bit_planes,bit_planes,,15360,17460,126,1,1,0,0,32,2,42,64,6,32,12.307396,0.364217,0.000000,true,1317940-1328193-1338261-1330922-1328175-1317647-1343547-1328795-1324118-1317786-1323142-1331810-1331541-1336926-1350888-1349749
brian,CUDA,temporal,tiled_bit_planes,tiled_bit_planes,,16320,16320,126,1,1,0,0,32,2,42,64,6,32,12.818245,0.381960,0.000000,true,1340213-1319047-1304077-1336100-1310343-1324357-1328246-1348331-1331521-1320489-1332363-1337644-1316511-1312218-1326971-1329244
brian,CUDA,temporal,bit_planes,bit_planes,,15360,17460,126,1,1,0,0,32,2,42,64,7,32,14.102483,0.417340,0.000000,true,1317940-1328193-1338261-1330922-1328175-1317647-1343547-1328795-1324118-1317786-1323142-1331810-1331541-1336926-1350888-1349749
brian,CUDA,temporal,tiled_bit_planes,tiled_bit_planes,,16320,16320,126,1,1,0,0,32,2,42,64,7,32,12.820718,0.382034,0.000000,true,1340213-1319047-1304077-1336100-1310343-1324357-1328246-1348331-1331521-1320489-1332363-1337644-1316511-1312218-1326971-1329244
brian,CUDA,temporal,bit_planes,bit_planes,,15360,17472,128,1,1,0,0,32,2,42,64,8,32,15.518723,0.451765,0.000000,true,1314663-1329372-1331952-1324787-1323857-1314559-1343727-1329371-1324092-1317608-1320239-1331887-1331179-1333463-1352142-1349171
brian,CUDA,temporal,tiled_bit_planes,tiled_bit_planes,,16320,16320,128,1,1,0,0,32,2,42,64,8,32,12.942724,0.379643,0.000000,true,1337615-1316455-1298507-1334398-1306903-1321158-1324413-1345549-1329638-1315127-1328801-1334983-1315094-1309782-1325917-1327158
brian,CUDA,temporal,bit_planes,bit_planes,,15360,17472,126,1,1,0,0,32,2,42,64,9,32,17.321461,0.512248,0.000000,true,1319791-1331576-1337027-1328696-1329143-1318633-1344692-1329842-1325187-1318863-1323835-1332593-1333541-1337345-1353875-1353764
brian,CUDA,temporal,tiled_bit_planes,tiled_bit_planes,,16352,16352,126,1,1,0,0,32,2,42,64,9,32,14.431875,0.428362,0.000000,true,1340129-1330222-1341357-1336519-1345825-1341724-1321072-1328405-1326494-1329483-1353754-1328879-1323393-1317507-1331247-1336941
brian,CUDA,temporal,bit_planes,bit_planes,,15360,17472,120,1,1,0,0,32,2,42,64,10,32,18.870885,0.585972,0.000000,true,1333988-1343383-1348231-1339797-1340204-1327577-1353191-1339879-1331639-1331061-1333716-1339993-1340414-1349925-1361304-1361486
brian,CUDA,temporal,tiled_bit_planes,tiled_bit_planes,,16352,16352,120,1,1,0,0,32,2,42,64,10,32,13.702733,0.427055,0.000000,true,1348593-1338786-1349514-1343431-1352887-1357636-1331165-1330448-1334623-1335294-1362084-1341295-1329461-1324051-1341560-1344563
brian,CUDA,temporal,bit_planes,bit_planes,,15360,17472,120,1,1,0,0,32,2,42,64,12,32,28.185065,0.875193,0.000000,true,1333988-1343383-1348231-1339797-1340204-1327577-1353191-1339879-1331639-1331061-1333716-1339993-1340414-1349925-1361304-1361486
brian,CUDA,temporal,tiled_bit_planes,tiled_bit_planes,,16352,16352,120,1,1,0,0,32,2,42,64,12,32,13.623783,0.424595,0.000000,true,1348593-1338786-1349514-1343431-1352887-1357636-1331165-1330448-1334623-1335294-1362084-1341295-1329461-1324051-1341560-1344563
brian,CUDA,temporal,bit_planes,bit_planes,,15360,17476,126,1,1,0,0,32,2,42,64,14,32,58.140001,1.718982,0.000000,true,1319790-1331355-1336739-1327609-1329423-1318986-1345036-1330245-1325541-1319139-1324241-1332946-1336332-1335585-1353410-1355106
brian,CUDA,temporal,tiled_bit_planes,tiled_bit_planes,,16352,16352,126,1,1,0,0,32,2,42,64,14,32,14.128553,0.419358,0.000000,true,1340129-1330222-1341357-1336519-1345825-1341724-1321072-1328405-1326494-1329483-1353754-1328879-1323393-1317507-1331247-1336941
brian,CUDA,temporal,tiled_bit_planes,tiled_bit_planes,,16352,16352,128,1,1,0,0,32,2,42,64,16,32,14.308337,0.418059,0.000000,true,1337377-1328430-1337902-1335381-1342664-1339469-1318482-1326565-1325137-1327205-1353329-1325057-1321471-1312479-1327638-1333798
brian,CUDA,temporal,tiled_bit_planes,tiled_bit_planes,,16224,16432,126,1,1,0,0,32,2,42,64,18,32,16.406616,0.488427,0.000000,true,1311621-1314056-1322096-1332318-1328628-1344696-1308139-1335536-1347260-1322146-1336524-1336384-1339372-1335914-1338349-1354768
brian,CUDA,temporal,tiled_bit_planes,tiled_bit_planes,,16224,16432,120,1,1,0,0,32,2,42,64,20,32,15.603332,0.487739,0.000000,true,1323050-1323929-1329341-1346502-1340571-1353034-1324000-1343564-1357573-1328649-1343483-1343629-1347489-1343768-1345550-1354062
brian,CUDA,temporal,tiled_bit_planes,tiled_bit_planes,,16224,16432,110,1,1,0,0,32,2,42,64,22,32,14.282538,0.487040,0.000000,true,1344416-1345301-1348741-1366529-1356186-1362293-1343510-1354955-1367278-1350458-1352057-1360482-1365174-1357615-1362806-1359533
brian,CUDA,temporal,tiled_bit_planes,tiled_bit_planes,,16224,16432,120,1,1,0,0,32,2,42,64,24,32,15.559676,0.486375,0.000000,true,1323050-1323929-1329341-1346502-1340571-1353034-1324000-1343564-1357573-1328649-1343483-1343629-1347489-1343768-1345550-1354062
brian,CUDA,,,,baseline,16384,16384,128,1,1,0,0,32,4,42,0,0,0,450.949609,13.124361,0.000000,true,1370182-1335317-1332633-1347082-1348520-1322570-1344908-1333174-1321475-1342236-1347135-1335328-1331246-1335809-1337049-1330515
brian,CUDA,simple,standard,standard,,16384,16384,128,1,1,0,0,32,4,42,0,0,0,470.316780,13.688020,0.000000,true,1370182-1335317-1332633-1347082-1348520-1322570-1344908-1333174-1321475-1342236-1347135-1335328-1331246-1335809-1337049-1330515
brian,CUDA,simple,bit_array,bit_array,,16384,16384,128,1,1,0,0,32,4,42,32,0,0,540.390508,15.727434,0.000000,true,1370182-1335317-1332633-1347082-1348520-1322570-1344908-1333174-1321475-1342236-1347135-1335328-1331246-1335809-1337049-1330515
brian,CUDA,simple,bit_planes,bit_planes,,16384,16384,128,1,1,0,0,32,4,42,32,0,0,19.290023,0.561414,0.000000,true,1370182-1335317-1332633-1347082-1348520-1322570-1344908-1333174-1321475-1342236-1347135-1335328-1331246-1335809-1337049-1330515
brian,CUDA,simple,tiled_bit_planes,tiled_bit_planes,,16384,16384,128,1,1,0,0,32,4,42,32,0,0,22.630457,0.658633,0.000000,true,1370182-1335317-1332633-1347082-1348520-1322570-1344908-1333174-1321475-1342236-1347135-1335328-1331246-1335809-1337049-1330515
brian,CUDA,temporal,bit_planes,bit_planes,,16320,16440,128,1,1,0,0,32,4,42,32,2,64,10.714137,0.311979,0.000000,true,1348209-1326898-1306555-1345462-1318650-1328386-1334375-1352078-1339908-1324346-1341211-1344577-1327322-1322976-1331697-1338630
brian,CUDA,temporal,tiled_bit_planes,tiled_bit_planes,,16320,16368,128,1,1,0,0,32,4,42,32,2,64,17.932694,0.524469,0.000000,true,1341146-1317740-1302206-1337643-1311729-1324061-1328751-1348357-1334714-1319727-1332917-1339159-1316915-1314373-1327567-1330667
brian,CUDA,temporal,bit_planes,bit_planes,,16320,16414,126,1,1,0,0,32,4,42,32,3,64,12.287676,0.364053,0.000000,true,1346887-1326076-1309081-1343768-1320194-1330441-1336353-1353468-1339990-1327449-1341491-1346111-1325700-1323003-1331745-1338570
brian,CUDA,temporal,tiled_bit_planes,tiled_bit_planes,,16320,16368,126,1,1,0,0,32,4,42,32,3,64,16.590517,0.492917,0.000000,true,1343504-1320067-1307609-1339155-1315037-1327199-1332456-1350888-1336608-1325365-1336283-1341871-1319047-1317060-1329187-1332343
brian,CUDA,temporal,bit_planes,bit_planes,,16320,16408,128,1,1,0,0,32,4,42,32,4,64,12.270009,0.357980,0.000000,true,1343452-1323916-1305520-1341733-1316305-1326497-1332441-1350492-1337215-1321649-1336869-1343117-1325342-1320881-1330928-1337175
brian,CUDA,temporal,tiled_bit_planes,tiled_bit_planes,,16320,16368,128,1,1,0,0,32,4,42,32,4,64,16.359304,0.478453,0.000000,true,1341146-1317740-1302206-1337643-1311729-1324061-1328751-1348357-1334714-1319727-1332917-1339159-1316915-1314373-1327567-1330667
brian,CUDA,temporal,bit_planes,bit_planes,,16320,16416,125,1,1,0,0,32,4,42,32,5,64,12.013678,0.358739,0.000000,true,1347994-1328849-1310234-1345021-1321901-1331629-1338259-1357143-1341987-1329306-1344156-1347057-1325643-1324936-1334024-1339671
brian,CUDA,temporal,tiled_bit_planes,tiled_bit_planes,,16320,16320,125,1,1,0,0,32,4,42,32,5,64,16.139779,0.484783,0.000000,true,1341134-1320950-1305446-1337517-1312134-1325521-1330209-1351999-1333344-1322198-1334874-1338801-1318071-1313656-1327601-1330418
brian,CUDA,temporal,bit_planes,bit_planes,,16320,16432,126,1,1,0,0,32,4,42,32,6,64,12.445236,0.368317,0.000000,true,1350543-1327467-1312891-1346614-1321492-1331438-1337184-1354165-1341079-1329012-1343878-1346856-1328536-1326595-1334514-1338233
brian,CUDA,temporal,tiled_bit_planes,tiled_bit_planes,,16320,16320,126,1,1,0,0,32,4,42,32,6,64,16.090575,0.479469,0.000000,true,1340213-1319047-1304077-1336100-1310343-1324357-1328246-1348331-1331521-1320489-1332363-1337644-1316511-1312218-1326971-1329244
brian,CUDA,temporal,bit_planes,bit_planes,,16320,16400,126,1,1,0,0,32,4,42,32,7,64,13.083359,0.387958,0.000000,true,1343271-1323435-1311208-1342813-1318600-1329380-1335499-1352693-1338710-1326580-1339443-1345207-1323492-1322350-1330909-1338392
brian,CUDA,temporal,tiled_bit_planes,tiled_bit_planes,,16320,16320,126,1,1,0,0,32,4,42,32,7,64,15.962549,0.475654,0.000000,true,1340213-1319047-1304077-1336100-1310343-1324357-1328246-1348331-1331521-1320489-1332363-1337644-1316511-1312218-1326971-1329244
brian,CUDA,temporal,bit_planes,bit_planes,,16320,16416,128,1,1,0,0,32,4,42,32,8,64,13.091632,0.381765,0.000000,true,1344939-1324922-1302796-1342027-1316916-1326858-1332886-1350954-1338049-1322113-1338076-1343431-1322612-1320879-1332156-1335411
brian,CUDA,temporal,tiled_bit_planes,tiled_bit_planes,,16320,16320,128,1,1,0,0,32,4,42,32,8,64,16.118818,0.472806,0.000000,true,1337615-1316455-1298507-1334398-1306903-1321158-1324413-1345549-1329638-1315127-1328801-1334983-1315094-1309782-1325917-1327158
brian,CUDA,temporal,bit_planes,bit_planes,,16320,16422,126,1,1,0,0,32,4,42,32,9,64,13.542900,0.401047,0.000000,true,1350151-1327127-1311743-1344858-1320720-1330973-1336659-1353863-1340523-1327977-1342784-1346456-1324802-1323682-1333540-1340094
brian,CUDA,temporal,tiled_bit_planes,tiled_bit_planes,,16352,16240,126,1,1,0,0,32,4,42,32,9,64,17.412661,0.520400,0.000000,true,1333719-1323524-1329394-1326877-1338821-1334403-1312862-1318139-1315948-1320295-1341309-1324130-1314844-1309148-1324743-1321857
brian,CUDA,temporal,bit_planes,bit_planes,,16320,16412,120,1,1,0,0,32,4,42,32,10,64,13.137993,0.408758,0.000000,true,1351278-1335571-1319908-1356225-1328626-1342072-1349310-1365200-1349831-1345309-1347392-1350419-1330229-1334511-1342172-1347306
brian,CUDA,temporal,tiled_bit_planes,tiled_bit_planes,,16352,16240,120,1,1,0,0,32,4,42,32,10,64,16.519750,0.518400,0.000000,true,1343775-1331935-1337710-1334294-1345435-1349998-1322529-1321105-1324310-1325932-1350604-1335283-1319281-1315569-1334809-1329305
brian,CUDA,temporal,bit_planes,bit_planes,,16320,16440,120,1,1,0,0,32,4,42,32,12,64,14.575285,0.452703,0.000000,true,1355985-1335553-1321986-1358506-1331119-1344210-1350876-1366754-1352044-1347186-1351018-1351751-1332753-1338099-1342525-1351843
brian,CUDA,temporal,tiled_bit_planes,tiled_bit_planes,,16352,16240,120,1,1,0,0,32,4,42,32,12,64,16.436253,0.515780,0.000000,true,1343775-1331935-1337710-1334294-1345435-1349998-1322529-1321105-1324310-1325932-1350604-1335283-1319281-1315569-1334809-1329305
brian,CUDA,temporal,bit_planes,bit_planes,,16320,16416,126,1,1,0,0,32,4,42,32,14,64,16.879518,0.500037,0.000000,true,1347187-1326942-1308685-1343509-1320194-1330441-1336353-1353468-1339990-1327449-1341491-1346111-1324435-1323924-1333626-1337927
brian,CUDA,temporal,tiled_bit_planes,tiled_bit_planes,,16352,16352,126,1,1,0,0,32,4,42,32,14,64,17.981048,0.533707,0.000000,true,1340129-1330222-1341357-1336519-1345825-1341724-1321072-1328405-1326494-1329483-1353754-1328879-1323393-1317507-1331247-1336941
brian,CUDA,temporal,bit_planes,bit_planes,,16320,16448,128,1,1,0,0,32,4,42,32,16,64,19.418780,0.565170,0.000000,true,1346801-1326204-1306177-1346945-1319274-1328959-1334744-1352407-1340188-1325006-1342207-1345139-1330390-1325756-1329976-1339500
brian,CUDA,temporal,tiled_bit_planes,tiled_bit_planes,,16352,16352,128,1,1,0,0,32,4,42,32,16,64,18.233443,0.532742,0.000000,true,1337377-1328430-1337902-1335381-1342664-1339469-1318482-1326565-1325137-1327205-1353329-1325057-1321471-1312479-1327638-1333798
brian,CUDA,temporal,bit_planes,bit_planes,,16320,16436,126,1,1,0,0,32,4,42,32,18,64,21.728421,0.642897,0.000000,true,1350301-1326924-1311622-1348175-1321820-1331746-1337450-1354412-1341450-1329210-1344315-1347026-1328866-1327393-1335391-1341623
brian,CUDA,temporal,tiled_bit_planes,tiled_bit_planes,,16224,16416,126,1,1,0,0,32,4,42,32,18,64,19.443368,0.579396,0.000000,true,1316003-1312371-1319767-1329771-1326968-1343536-1306957-1334562-1345723-1321008-1335044-1334789-1340650-1336179-1337067-1352231
brian,CUDA,temporal,bit_planes,bit_planes,,16320,16440,120,1,1,0,0,32,4,42,32,20,64,24.116463,0.749049,0.000000,true,1355985-1335553-1321986-1358506-1331119-1344210-1350876-1366754-1352044-1347186-1351018-1351751-1332753-1338099-1342525-1351843
brian,CUDA,temporal,tiled_bit_planes,tiled_bit_planes,,16224,16416,120,1,1,0,0,32,4,42,32,20,64,18.599431,0.581960,0.000000,true,1326246-1322485-1327482-1344001-1338889-1351967-1322849-1342424-1355768-1327173-1342169-1342147-1348472-1343989-1344368-1352282
brian,CUDA,temporal,bit_planes,bit_planes,,16320,16440,110,1,1,0,0,32,4,42,32,22,64,26.325411,0.891991,0.000000,true,1368176-1351664-1345149-1374394-1355976-1360790-1367795-1384014-1378196-1371308-1370124-1370438-1352429-1353328-1356384-1371161
brian,CUDA,temporal,tiled_bit_planes,tiled_bit_planes,,16224,16432,110,1,1,0,0,32,4,42,32,22,64,17.101988,0.583184,0.000000,true,1344416-1345301-1348741-1366529-1356186-1362293-1343510-1354955-1367278-1350458-1352057-1360482-1365174-1357615-1362806-1359533
brian,CUDA,temporal,bit_planes,bit_planes,,16320,16448,120,1,1,0,0,32,4,42,32,24,64,34.739902,1.078485,0.000000,true,1352869-1335614-1321885-1358284-1331717-1345020-1351254-1367308-1352754-1347545-1351882-1352484-1334175-1340364-1342173-1353202
brian,CUDA,temporal,tiled_bit_planes,tiled_bit_planes,,16224,16432,120,1,1,0,0,32,4,42,32,24,64,18.626912,0.582252,0.000000,true,1323050-1323929-1329341-1346502-1340571-1353034-1324000-1343564-1357573-1328649-1343483-1343629-1347489-1343768-1345550-1354062
brian,CUDA,simple,bit_array,bit_array,,16384,16384,128,1,1,0,0,32,4,42,64,0,0,620.068601,18.046371,0.000000,true,1370182-1335317-1332633-1347082-1348520-1322570-1344908-1333174-1321475-1342236-1347135-1335328-1331246-1335809-1337049-1330515
brian,CUDA,simple,bit_planes,bit_planes,,16384,16384,128,1,1,0,0,32,4,42,64,0,0,11.818812,0.343973,0.000000,true,1370182-1335317-1332633-1347082-1348520-1322570-1344908-1333174-1321475-1342236-1347135-1335328-1331246-1335809-1337049-1330515
brian,CUDA,simple,tiled_bit_planes,tiled_bit_planes,,16384,16384,128,1,1,0,0,32,4,42,64,0,0,15.515638,0.451564,0.000000,true,1370182-1335317-1332633-1347082-1348520-1322570-1344908-1333174-1321475-1342236-1347135-1335328-1331246-1335809-1337049-1330515
brian,CUDA,temporal,bit_planes,bit_planes,,15360,17472,128,1,1,0,0,32,4,42,64,2,32,8.680887,0.252709,0.000000,true,1314663-1329372-1331952-1324787-1323857-1314559-1343727-1329371-1324092-1317608-1320239-1331887-1331179-1333463-1352142-1349171
brian,CUDA,temporal,tiled_bit_planes,tiled_bit_planes,,16320,16320,128,1,1,0,0,32,4,42,64,2,32,13.795156,0.404647,0.000000,true,1337615-1316455-1298507-1334398-1306903-1321158-1324413-1345549-1329638-1315127-1328801-1334983-1315094-1309782-1325917-1327158
brian,CUDA,temporal,bit_planes,bit_planes,,15360,17472,126,1,1,0,0,32,4,42,64,3,32,10.180183,0.301059,0.000000,true,1319791-1331576-1337027-1328696-1329143-1318633-1344692-1329842-1325187-1318863-1323835-1332593-1333541-1337345-1353875-1353764
brian,CUDA,temporal,tiled_bit_planes,tiled_bit_planes,,16320,16320,126,1,1,0,0,32,4,42,64,3,32,12.937097,0.385501,0.000000,true,1340213-1319047-1304077-1336100-1310343-1324357-1328246-1348331-1331521-1320489-1332363-1337644-1316511-1312218-1326971-1329244
brian,CUDA,temporal,bit_planes,bit_planes,,15360,17472,128,1,1,0,0,32,4,42,64,4,32,10.489254,0.305352,0.000000,true,1314663-1329372-1331952-1324787-1323857-1314559-1343727-1329371-1324092-1317608-1320239-1331887-1331179-1333463-1352142-1349171
brian,CUDA,temporal,tiled_bit_planes,tiled_bit_planes,,16320,16320,128,1,1,0,0,32,4,42,64,4,32,12.856314,0.377108,0.000000,true,1337615-1316455-1298507-1334398-1306903-1321158-1324413-1345549-1329638-1315127-1328801-1334983-1315094-1309782-1325917-1327158
brian,CUDA,temporal,bit_planes,bit_planes,,15360,17468,125,1,1,0,0,32,4,42,64,5,32,10.985210,0.327540,0.000000,true,1324264-1332069-1339861-1329999-1330333-1320104-1346812-1329706-1326795-1319767-1325342-1334227-1337241-1337326-1353229-1354617
brian,CUDA,temporal,tiled_bit_planes,tiled_bit_planes,,16320,16320,125,1,1,0,0,32,4,42,64,5,32,12.384164,0.371977,0.000000,true,1341134-1320950-1305446-1337517-1312134-1325521-1330209-1351999-1333344-1322198-1334874-1338801-1318071-1313656-1327601-1330418
brian,CUDA,temporal,bit_planes,bit_planes,,15360,17460,126,1,1,0,0,32,4,42,64,6,32,11.813153,0.349591,0.000000,true,1317940-1328193-1338261-1330922-1328175-1317647-1343547-1328795-1324118-1317786-1323142-1331810-1331541-1336926-1350888-1349749
brian,CUDA,temporal,tiled_bit_planes,tiled_bit_planes,,16320,16320,126,1,1,0,0,32,4,42,64,6,32,12.361288,0.368343,0.000000,true,1340213-1319047-1304077-1336100-1310343-1324357-1328246-1348331-1331521-1320489-1332363-1337644-1316511-1312218-1326971-1329244
brian,CUDA,temporal,bit_planes,bit_planes,,15360,17460,126,1,1,0,0,32,4,42,64,7,32,12.991510,0.384462,0.000000,true,1317940-1328193-1338261-1330922-1328175-1317647-1343547-1328795-1324118-1317786-1323142-1331810-1331541-1336926-1350888-1349749
brian,CUDA,temporal,tiled_bit_planes,tiled_bit_planes,,16320,16320,126,1,1,0,0,32,4,42,64,7,32,12.287096,0.366133,0.000000,true,1340213-1319047-1304077-1336100-1310343-1324357-1328246-1348331-1331521-1320489-1332363-1337644-1316511-1312218-1326971-1329244
brian,CUDA,temporal,bit_planes,bit_planes,,15360,17472,128,1,1,0,0,32,4,42,64,8,32,14.911508,0.434088,0.000000,true,1314663-1329372-1331952-1324787-1323857-1314559-1343727-1329371-1324092-1317608-1320239-1331887-1331179-1333463-1352142-1349171
brian,CUDA,temporal,tiled_bit_planes,tiled_bit_planes,,16320,16320,128,1,1,0,0,32,4,42,64,8,32,12.417835,0.364247,0.000000,true,1337615-1316455-1298507-1334398-1306903-1321158-1324413-1345549-1329638-1315127-1328801-1334983-1315094-1309782-1325917-1327158
brian,CUDA,temporal,bit_planes,bit_planes,,15360,17472,126,1,1,0,0,32,4,42,64,9,32,16.658501,0.492642,0.000000,true,1319791-1331576-1337027-1328696-1329143-1318633-1344692-1329842-1325187-1318863-1323835-1332593-1333541-1337345-1353875-1353764
brian,CUDA,temporal,tiled_bit_planes,tiled_bit_planes,,16352,16352,126,1,1,0,0,32,4,42,64,9,32,13.933346,0.413564,0.000000,true,1340129-1330222-1341357-1336519-1345825-1341724-1321072-1328405-1326494-1329483-1353754-1328879-1323393-1317507-1331247-1336941
brian,CUDA,temporal,bit_planes,bit_planes,,15360,17472,120,1,1,0,0,32,4,42,64,10,32,18.463734,0.573330,0.000000,true,1333988-1343383-1348231-1339797-1340204-1327577-1353191-1339879-1331639-1331061-1333716-1339993-1340414-1349925-1361304-1361486
brian,CUDA,temporal,tiled_bit_planes,tiled_bit_planes,,16352,16352,120,1,1,0,0,32,4,42,64,10,32,13.229272,0.412300,0.000000,true,1348593-1338786-1349514-1343431-1352887-1357636-1331165-1330448-1334623-1335294-1362084-1341295-1329461-1324051-1341560-1344563
brian,CUDA,temporal,bit_planes,bit_planes,,15360,17472,120,1,1,0,0,32,4,42,64,12,32,26.856180,0.833929,0.000000,true,1333988-1343383-1348231-1339797-1340204-1327577-1353191-1339879-1331639-1331061-1333716-1339993-1340414-1349925-1361304-1361486
brian,CUDA,temporal,tiled_bit_planes,tiled_bit_planes,,16352,16352,120,1,1,0,0,32,4,42,64,12,32,13.181009,0.410795,0.000000,true,1348593-1338786-1349514-1343431-1352887-1357636-1331165-1330448-1334623-1335294-1362084-1341295-1329461-1324051-1341560-1344563
brian,CUDA,temporal,bit_planes,bit_planes,,15360,17476,126,1,1,0,0,32,4,42,64,14,32,56.069286,1.657758,0.000000,true,1319790-1331355-1336739-1327609-1329423-1318986-1345036-1330245-1325541-1319139-1324241-1332946-1336332-1335585-1353410-1355106
brian,CUDA,temporal,tiled_bit_planes,tiled_bit_planes,,16352,16352,126,1,1,0,0,32,4,42,64,14,32,13.794665,0.409448,0.000000,true,1340129-1330222-1341357-1336519-1345825-1341724-1321072-1328405-1326494-1329483-1353754-1328879-1323393-1317507-1331247-1336941
brian,CUDA,temporal,tiled_bit_planes,tiled_bit_planes,,16352,16352,128,1,1,0,0,32,4,42,64,16,32,13.986898,0.408667,0.000000,true,1337377-1328430-1337902-1335381-1342664-1339469-1318482-1326565-1325137-1327205-1353329-1325057-1321471-1312479-1327638-1333798
brian,CUDA,temporal,tiled_bit_planes,tiled_bit_planes,,16224,16432,126,1,1,0,0,32,4,42,64,18,32,16.003682,0.476432,0.000000,true,1311621-1314056-1322096-1332318-1328628-1344696-1308139-1335536-1347260-1322146-1336524-1336384-1339372-1335914-1338349-1354768
brian,CUDA,temporal,tiled_bit_planes,tiled_bit_planes,,16224,16432,120,1,1,0,0,32,4,42,64,20,32,15.224655,0.475902,0.000000,true,1323050-1323929-1329341-1346502-1340571-1353034-1324000-1343564-1357573-1328649-1343483-1343629-1347489-1343768-1345550-1354062
brian,CUDA,temporal,tiled_bit_planes,tiled_bit_planes,,16224,16432,110,1,1,0,0,32,4,42,64,22,32,13.944593,0.475516,0.000000,true,1344416-1345301-1348741-1366529-1356186-1362293-1343510-1354955-1367278-1350458-1352057-1360482-1365174-1357615-1362806-1359533
brian,CUDA,temporal,tiled_bit_planes,tiled_bit_planes,,16224,16432,120,1,1,0,0,32,4,42,64,24,32,15.198585,0.475087,0.000000,true,1323050-1323929-1329341-1346502-1340571-1353034-1324000-1343564-1357573-1328649-1343483-1343629-1347489-1343768-1345550-1354062
brian,CUDA,,,,baseline,16384,16384,128,1,1,0,0,32,8,42,0,0,0,462.076011,13.448182,0.000000,true,1370182-1335317-1332633-1347082-1348520-1322570-1344908-1333174-1321475-1342236-1347135-1335328-1331246-1335809-1337049-1330515
brian,CUDA,simple,standard,standard,,16384,16384,128,1,1,0,0,32,8,42,0,0,0,482.861164,14.053109,0.000000,true,1370182-1335317-1332633-1347082-1348520-1322570-1344908-1333174-1321475-1342236-1347135-1335328-1331246-1335809-1337049-1330515
brian,CUDA,simple,bit_array,bit_array,,16384,16384,128,1,1,0,0,32,8,42,32,0,0,529.061681,15.397721,0.000000,true,1370182-1335317-1332633-1347082-1348520-1322570-1344908-1333174-1321475-1342236-1347135-1335328-1331246-1335809-1337049-1330515
brian,CUDA,simple,bit_planes,bit_planes,,16384,16384,128,1,1,0,0,32,8,42,32,0,0,19.592364,0.570213,0.000000,true,1370182-1335317-1332633-1347082-1348520-1322570-1344908-1333174-1321475-1342236-1347135-1335328-1331246-1335809-1337049-1330515
brian,CUDA,simple,tiled_bit_planes,tiled_bit_planes,,16384,16384,128,1,1,0,0,32,8,42,32,0,0,22.919548,0.667047,0.000000,true,1370182-1335317-1332633-1347082-1348520-1322570-1344908-1333174-1321475-1342236-1347135-1335328-1331246-1335809-1337049-1330515
brian,CUDA,temporal,bit_planes,bit_planes,,16320,16440,128,1,1,0,0,32,8,42,32,2,64,9.791540,0.285114,0.000000,true,1348209-1326898-1306555-1345462-1318650-1328386-1334375-1352078-1339908-1324346-1341211-1344577-1327322-1322976-1331697-1338630
brian,CUDA,temporal,tiled_bit_planes,tiled_bit_planes,,16320,16368,128,1,1,0,0,32,8,42,32,2,64,17.206036,0.503217,0.000000,true,1341146-1317740-1302206-1337643-1311729-1324061-1328751-1348357-1334714-1319727-1332917-1339159-1316915-1314373-1327567-1330667
brian,CUDA,temporal,bit_planes,bit_planes,,16320,16414,126,1,1,0,0,32,8,42,32,3,64,12.117457,0.359010,0.000000,true,1346887-1326076-1309081-1343768-1320194-1330441-1336353-1353468-1339990-1327449-1341491-1346111-1325700-1323003-1331745-1338570
brian,CUDA,temporal,tiled_bit_planes,tiled_bit_planes,,16320,16368,126,1,1,0,0,32,8,42,32,3,64,16.015270,0.475826,0.000000,true,1343504-1320067-1307609-1339155-1315037-1327199-1332456-1350888-1336608-1325365-1336283-1341871-1319047-1317060-1329187-1332343
brian,CUDA,temporal,bit_planes,bit_planes,,16320,16408,128,1,1,0,0,32,8,42,32,4,64,12.048282,0.351511,0.000000,true,1343452-1323916-1305520-1341733-1316305-1326497-1332441-1350492-1337215-1321649-1336869-1343117-1325342-1320881-1330928-1337175
brian,CUDA,temporal,tiled_bit_planes,tiled_bit_planes,,16320,16368,128,1,1,0,0,32,8,42,32,4,64,15.835456,0.463132,0.000000,true,1341146-1317740-1302206-1337643-1311729-1324061-1328751-1348357-1334714-1319727-1332917-1339159-1316915-1314373-1327567-1330667
brian,CUDA,temporal,bit_planes,bit_planes,,16320,16416,125,1,1,0,0,32,8,42,32,5,64,11.936421,0.356432,0.000000,true,1347994-1328849-1310234-1345021-1321901-1331629-1338259-1357143-1341987-1329306-1344156-1347057-1325643-1324936-1334024-1339671
brian,CUDA,temporal,tiled_bit_planes,tiled_bit_planes,,16320,16320,125,1,1,0,0,32,8,42,32,5,64,15.563362,0.467469,0.000000,true,1341134-1320950-1305446-1337517-1312134-1325521-1330209-1351999-1333344-1322198-1334874-1338801-1318071-1313656-1327601-1330418
brian,CUDA,temporal,bit_planes,bit_planes,,16320,16432,126,1,1,0,0,32,8,42,32,6,64,12.253023,0.362629,0.000000,true,1350543-1327467-1312891-1346614-1321492-1331438-1337184-1354165-1341079-1329012-1343878-1346856-1328536-1326595-1334514-1338233
brian,CUDA,temporal,tiled_bit_planes,tiled_bit_planes,,16320,16320,126,1,1,0,0,32,8,42,32,6,64,15.514497,0.462303,0.000000,true,1340213-1319047-1304077-1336100-1310343-1324357-1328246-1348331-1331521-1320489-1332363-1337644-1316511-1312218-1326971-1329244
brian,CUDA,temporal,bit_planes,bit_planes,,16320,16400,126,1,1,0,0,32,8,42,32,7,64,12.426749,0.368488,0.000000,true,1343271-1323435-1311208-1342813-1318600-1329380-1335499-1352693-1338710-1326580-1339443-1345207-1323492-1322350-1330909-1338392
brian,CUDA,temporal,tiled_bit_planes,tiled_bit_planes,,16320,16320,126,1,1,0,0,32,8,42,32,7,64,15.374163,0.458121,0.000000,true,1340213-1319047-1304077-1336100-1310343-1324357-1328246-1348331-1331521-1320489-1332363-1337644-1316511-1312218-1326971-1329244
brian,CUDA,temporal,bit_planes,bit_planes,,16320,16416,128,1,1,0,0,32,8,42,32,8,64,13.216462,0.385405,0.000000,true,1344939-1324922-1302796-1342027-1316916-1326858-1332886-1350954-1338049-1322113-1338076-1343431-1322612-1320879-1332156-1335411
brian,CUDA,temporal,tiled_bit_planes,tiled_bit_planes,,16320,16320,128,1,1,0,0,32,8,42,32,8,64,15.524733,0.455380,0.000000,true,1337615-1316455-1298507-1334398-1306903-1321158-1324413-1345549-1329638-1315127-1328801-1334983-1315094-1309782-1325917-1327158
brian,CUDA,temporal,bit_planes,bit_planes,,16320,16422,126,1,1,0,0,32,8,42,32,9,64,13.586446,0.402336,0.000000,true,1350151-1327127-1311743-1344858-1320720-1330973-1336659-1353863-1340523-1327977-1342784-1346456-1324802-1323682-1333540-1340094
brian,CUDA,temporal,tiled_bit_planes,tiled_bit_planes,,16352,16240,126,1,1,0,0,32,8,42,32,9,64,16.894080,0.504902,0.000000,true,1333719-1323524-1329394-1326877-1338821-1334403-1312862-1318139-1315948-1320295-1341309-1324130-1314844-1309148-1324743-1321857
brian,CUDA,temporal,bit_planes,bit_planes,,16320,16412,120,1,1,0,0,32,8,42,32,10,64,13.319340,0.414400,0.000000,true,1351278-1335571-1319908-1356225-1328626-1342072-1349310-1365200-1349831-1345309-1347392-1350419-1330229-1334511-1342172-1347306
brian,CUDA,temporal,tiled_bit_planes,tiled_bit_planes,,16352,16240,120,1,1,0,0,32,8,42,32,10,64,16.041731,0.503400,0.000000,true,1343775-1331935-1337710-1334294-1345435-1349998-1322529-1321105-1324310-1325932-1350604-1335283-1319281-1315569-1334809-1329305
brian,CUDA,temporal,bit_planes,bit_planes,,16320,16440,120,1,1,0,0,32,8,42,32,12,64,14.602627,0.453553,0.000000,true,1355985-1335553-1321986-1358506-1331119-1344210-1350876-1366754-1352044-1347186-1351018-1351751-1332753-1338099-1342525-1351843
brian,CUDA,temporal,tiled_bit_planes,tiled_bit_planes,,16352,16240,120,1,1,0,0,32,8,42,32,12,64,15.946405,0.500408,0.000000,true,1343775-1331935-1337710-1334294-1345435-1349998-1322529-1321105-1324310-1325932-1350604-1335283-1319281-1315569-1334809-1329305
brian,CUDA,temporal,bit_planes,bit_planes,,16320,16416,126,1,1,0,0,32,8,42,32,14,64,16.725884,0.495486,0.000000,true,1347187-1326942-1308685-1343509-1320194-1330441-1336353-1353468-1339990-1327449-1341491-1346111-1324435-1323924-1333626-1337927
brian,CUDA,temporal,tiled_bit_planes,tiled_bit_planes,,16352,16352,126,1,1,0,0,32,8,42,32,14,64,17.353610,0.515083,0.000000,true,1340129-1330222-1341357-1336519-1345825-1341724-1321072-1328405-1326494-1329483-1353754-1328879-1323393-1317507-1331247-1336941
brian,CUDA,temporal,bit_planes,bit_planes,,16320,16448,128,1,1,0,0,32,8,42,32,16,64,19.108147,0.556129,0.000000,true,1346801-1326204-1306177-1346945-1319274-1328959-1334744-1352407-1340188-1325006-1342207-1345139-1330390-1325756-1329976-1339500
brian,CUDA,temporal,tiled_bit_planes,tiled_bit_planes,,16352,16352,128,1,1,0,0,32,8,42,32,16,64,17.577052,0.513564,0.000000,true,1337377-1328430-1337902-1335381-1342664-1339469-1318482-1326565-1325137-1327205-1353329-1325057-1321471-1312479-1327638-1333798
brian,CUDA,temporal,bit_planes,bit_planes,,16320,16436,126,1,1,0,0,32,8,42,32,18,64,21.415364,0.633634,0.000000,true,1350301-1326924-1311622-1348175-1321820-1331746-1337450-1354412-1341450-1329210-1344315-1347026-1328866-1327393-1335391-1341623
brian,CUDA,temporal,tiled_bit_planes,tiled_bit_planes,,16224,16416,126,1,1,0,0,32,8,42,32,18,64,19.149620,0.570643,0.000000,true,1316003-1312371-1319767-1329771-1326968-1343536-1306957-1334562-1345723-1321008-1335044-1334789-1340650-1336179-1337067-1352231
brian,CUDA,temporal,bit_planes,bit_planes,,16320,16440,120,1,1,0,0,32,8,42,32,20,64,23.994157,0.745251,0.000000,true,1355985-1335553-1321986-1358506-1331119-1344210-1350876-1366754-1352044-1347186-1351018-1351751-1332753-1338099-1342525-1351843
brian,CUDA,temporal,tiled_bit_planes,tiled_bit_planes,,16224,16416,120,1,1,0,0,32,8,42,32,20,64,18.233723,0.570517,0.000000,true,1326246-1322485-1327482-1344001-1338889-1351967-1322849-1342424-1355768-1327173-1342169-1342147-1348472-1343989-1344368-1352282
brian,CUDA,temporal,bit_planes,bit_planes,,16320,16440,110,1,1,0,0,32,8,42,32,22,64,25.972083,0.880019,0.000000,true,1368176-1351664-1345149-1374394-1355976-1360790-1367795-1384014-1378196-1371308-1370124-1370438-1352429-1353328-1356384-1371161
brian,CUDA,temporal,tiled_bit_planes,tiled_bit_planes,,16224,16432,110,1,1,0,0,32,8,42,32,22,64,17.576241,0.599356,0.000000,true,1344416-1345301-1348741-1366529-1356186-1362293-1343510-1354955-1367278-1350458-1352057-1360482-1365174-1357615-1362806-1359533
brian,CUDA,temporal,bit_planes,bit_planes,,16320,16448,120,1,1,0,0,32,8,42,32,24,64,35.695339,1.108146,0.000000,true,1352869-1335614-1321885-1358284-1331717-1345020-1351254-1367308-1352754-1347545-1351882-1352484-1334175-1340364-1342173-1353202
brian,CUDA,temporal,tiled_bit_planes,tiled_bit_planes,,16224,16432,120,1,1,0,0,32,8,42,32,24,64,19.310395,0.603617,0.000000,true,1323050-1323929-1329341-1346502-1340571-1353034-1324000-1343564-1357573-1328649-1343483-1343629-1347489-1343768-1345550-1354062
brian,CUDA,simple,bit_array,bit_array,,16384,16384,128,1,1,0,0,32,8,42,64,0,0,583.449293,16.980609,0.000000,true,1370182-1335317-1332633-1347082-1348520-1322570-1344908-1333174-1321475-1342236-1347135-1335328-1331246-1335809-1337049-1330515
brian,CUDA,simple,bit_planes,bit_planes,,16384,16384,128,1,1,0,0,32,8,42,64,0,0,12.031516,0.350163,0.000000,true,1370182-1335317-1332633-1347082-1348520-1322570-1344908-1333174-1321475-1342236-1347135-1335328-1331246-1335809-1337049-1330515
brian,CUDA,simple,tiled_bit_planes,tiled_bit_planes,,16384,16384,128,1,1,0,0,32,8,42,64,0,0,15.806832,0.460039,0.000000,true,1370182-1335317-1332633-1347082-1348520-1322570-1344908-1333174-1321475-1342236-1347135-1335328-1331246-1335809-1337049-1330515
brian,CUDA,temporal,bit_planes,bit_planes,,15360,17472,128,1,1,0,0,32,8,42,64,2,32,8.310101,0.241915,0.000000,true,1314663-1329372-1331952-1324787-1323857-1314559-1343727-1329371-1324092-1317608-1320239-1331887-1331179-1333463-1352142-1349171
brian,CUDA,temporal,tiled_bit_planes,tiled_bit_planes,,16320,16320,128,1,1,0,0,32,8,42,64,2,32,13.793473,0.404598,0.000000,true,1337615-1316455-1298507-1334398-1306903-1321158-1324413-1345549-1329638-1315127-1328801-1334983-1315094-1309782-1325917-1327158
brian,CUDA,temporal,bit_planes,bit_planes,,15360,17472,126,1,1,0,0,32,8,42,64,3,32,9.809127,0.290085,0.000000,true,1319791-1331576-1337027-1328696-1329143-1318633-1344692-1329842-1325187-1318863-1323835-1332593-1333541-1337345-1353875-1353764
brian,CUDA,temporal,tiled_bit_planes,tiled_bit_planes,,16320,16320,126,1,1,0,0,32,8,42,64,3,32,12.961504,0.386229,0.000000,true,1340213-1319047-1304077-1336100-1310343-1324357-1328246-1348331-1331521-1320489-1332363-1337644-1316511-1312218-1326971-1329244
brian,CUDA,temporal,bit_planes,bit_planes,,15360,17472,128,1,1,0,0,32,8,42,64,4,32,10.374749,0.302019,0.000000,true,1314663-1329372-1331952-1324787-1323857-1314559-1343727-1329371-1324092-1317608-1320239-1331887-1331179-1333463-1352142-1349171
brian,CUDA,temporal,tiled_bit_planes,tiled_bit_planes,,16320,16320,128,1,1,0,0,32,8,42,64,4,32,12.900691,0.378410,0.000000,true,1337615-1316455-1298507-1334398-1306903-1321158-1324413-1345549-1329638-1315127-1328801-1334983-1315094-1309782-1325917-1327158
brian,CUDA,temporal,bit_planes,bit_planes,,15360,17468,125,1,1,0,0,32,8,42,64,5,32,10.687556,0.318665,0.000000,true,1324264-1332069-1339861-1329999-1330333-1320104-1346812-1329706-1326795-1319767-1325342-1334227-1337241-1337326-1353229-1354617
brian,CUDA,temporal,tiled_bit_planes,tiled_bit_planes,,16320,16320,125,1,1,0,0,32,8,42,64,5,32,12.443114,0.373748,0.000000,true,1341134-1320950-1305446-1337517-1312134-1325521-1330209-1351999-1333344-1322198-1334874-1338801-1318071-1313656-1327601-1330418
brian,CUDA,temporal,bit_planes,bit_planes,,15360,17460,126,1,1,0,0,32,8,42,64,6,32,11.733982,0.347248,0.000000,true,1317940-1328193-1338261-1330922-1328175-1317647-1343547-1328795-1324118-1317786-1323142-1331810-1331541-1336926-1350888-1349749
brian,CUDA,temporal,tiled_bit_planes,tiled_bit_planes,,16320,16320,126,1,1,0,0,32,8,42,64,6,32,12.432327,0.370460,0.000000,true,1340213-1319047-1304077-1336100-1310343-1324357-1328246-1348331-1331521-1320489-1332363-1337644-1316511-1312218-1326971-1329244
brian,CUDA,temporal,bit_planes,bit_planes,,15360,17460,126,1,1,0,0,32,8,42,64,7,32,12.883816,0.381275,0.000000,true,1317940-1328193-1338261-1330922-1328175-1317647-1343547-1328795-1324118-1317786-1323142-1331810-1331541-1336926-1350888-1349749
brian,CUDA,temporal,tiled_bit_planes,tiled_bit_planes,,16320,16320,126,1,1,0,0,32,8,42,64,7,32,12.355701,0.368177,0.000000,true,1340213-1319047-1304077-1336100-1310343-1324357-1328246-1348331-1331521-1320489-1332363-1337644-1316511-1312218-1326971-1329244
brian,CUDA,temporal,bit_planes,bit_planes,,15360,17472,128,1,1,0,0,32,8,42,64,8,32,14.494511,0.421949,0.000000,true,1314663-1329372-1331952-1324787-1323857-1314559-1343727-1329371-1324092-1317608-1320239-1331887-1331179-1333463-1352142-1349171
brian,CUDA,temporal,tiled_bit_planes,tiled_bit_planes,,16320,16320,128,1,1,0,0,32,8,42,64,8,32,12.472178,0.365841,0.000000,true,1337615-1316455-1298507-1334398-1306903-1321158-1324413-1345549-1329638-1315127-1328801-1334983-1315094-1309782-1325917-1327158
brian,CUDA,temporal,bit_planes,bit_planes,,15360,17472,126,1,1,0,0,32,8,42,64,9,32,16.068331,0.475189,0.000000,true,1319791-1331576-1337027-1328696-1329143-1318633-1344692-1329842-1325187-1318863-1323835-1332593-1333541-1337345-1353875-1353764
brian,CUDA,temporal,tiled_bit_planes,tiled_bit_planes,,16352,16352,126,1,1,0,0,32,8,42,64,9,32,13.865001,0.411536,0.000000,true,1340129-1330222-1341357-1336519-1345825-1341724-1321072-1328405-1326494-1329483-1353754-1328879-1323393-1317507-1331247-1336941
brian,CUDA,temporal,bit_planes,bit_planes,,15360,17472,120,1,1,0,0,32,8,42,64,10,32,17.813873,0.553150,0.000000,true,1333988-1343383-1348231-1339797-1340204-1327577-1353191-1339879-1331639-1331061-1333716-1339993-1340414-1349925-1361304-1361486
brian,CUDA,temporal,tiled_bit_planes,tiled_bit_planes,,16352,16352,120,1,1,0,0,32,8,42,64,10,32,13.170653,0.410473,0.000000,true,1348593-1338786-1349514-1343431-1352887-1357636-1331165-1330448-1334623-1335294-1362084-1341295-1329461-1324051-1341560-1344563
brian,CUDA,temporal,bit_planes,bit_planes,,15360,17472,120,1,1,0,0,32,8,42,64,12,32,26.426706,0.820593,0.000000,true,1333988-1343383-1348231-1339797-1340204-1327577-1353191-1339879-1331639-1331061-1333716-1339993-1340414-1349925-1361304-1361486
brian,CUDA,temporal,tiled_bit_planes,tiled_bit_planes,,16352,16352,120,1,1,0,0,32,8,42,64,12,32,13.119946,0.408892,0.000000,true,1348593-1338786-1349514-1343431-1352887-1357636-1331165-1330448-1334623-1335294-1362084-1341295-1329461-1324051-1341560-1344563
brian,CUDA,temporal,bit_planes,bit_planes,,15360,17476,126,1,1,0,0,32,8,42,64,14,32,55.026145,1.626917,0.000000,true,1319790-1331355-1336739-1327609-1329423-1318986-1345036-1330245-1325541-1319139-1324241-1332946-1336332-1335585-1353410-1355106
brian,CUDA,temporal,tiled_bit_planes,tiled_bit_planes,,16352,16352,126,1,1,0,0,32,8,42,64,14,32,13.734203,0.407653,0.000000,true,1340129-1330222-1341357-1336519-1345825-1341724-1321072-1328405-1326494-1329483-1353754-1328879-1323393-1317507-1331247-1336941
brian,CUDA,temporal,tiled_bit_planes,tiled_bit_planes,,16352,16352,128,1,1,0,0,32,8,42,64,16,32,13.917412,0.406637,0.000000,true,1337377-1328430-1337902-1335381-1342664-1339469-1318482-1326565-1325137-1327205-1353329-1325057-1321471-1312479-1327638-1333798
brian,CUDA,temporal,tiled_bit_planes,tiled_bit_planes,,16224,16432,126,1,1,0,0,32,8,42,64,18,32,16.189266,0.481957,0.000000,true,1311621-1314056-1322096-1332318-1328628-1344696-1308139-1335536-1347260-1322146-1336524-1336384-1339372-1335914-1338349-1354768
brian,CUDA,temporal,tiled_bit_planes,tiled_bit_planes,,16224,16432,120,1,1,0,0,32,8,42,64,20,32,15.404700,0.481530,0.000000,true,1323050-1323929-1329341-1346502-1340571-1353034-1324000-1343564-1357573-1328649-1343483-1343629-1347489-1343768-1345550-1354062
brian,CUDA,temporal,tiled_bit_planes,tiled_bit_planes,,16224,16432,110,1,1,0,0,32,8,42,64,22,32,14.108523,0.481106,0.000000,true,1344416-1345301-1348741-1366529-1356186-1362293-1343510-1354955-1367278-1350458-1352057-1360482-1365174-1357615-1362806-1359533
brian,CUDA,temporal,tiled_bit_planes,tiled_bit_planes,,16224,16432,120,1,1,0,0,32,8,42,64,24,32,15.246488,0.476585,0.000000,true,1323050-1323929-1329341-1346502-1340571-1353034-1324000-1343564-1357573-1328649-1343483-1343629-1347489-1343768-1345550-1354062
brian,CUDA,,,,baseline,16384,16384,128,1,1,0,0,32,16,42,0,0,0,481.583516,14.015925,0.000000,true,1370182-1335317-1332633-1347082-1348520-1322570-1344908-1333174-1321475-1342236-1347135-1335328-1331246-1335809-1337049-1330515
brian,CUDA,simple,standard,standard,,16384,16384,128,1,1,0,0,32,16,42,0,0,0,498.701818,14.514133,0.000000,true,1370182-1335317-1332633-1347082-1348520-1322570-1344908-1333174-1321475-1342236-1347135-1335328-1331246-1335809-1337049-1330515
brian,CUDA,simple,bit_array,bit_array,,16384,16384,128,1,1,0,0,32,16,42,32,0,0,474.680760,13.815028,0.000000,true,1370182-1335317-1332633-1347082-1348520-1322570-1344908-1333174-1321475-1342236-1347135-1335328-1331246-1335809-1337049-1330515
brian,CUDA,simple,bit_planes,bit_planes,,16384,16384,128,1,1,0,0,32,16,42,32,0,0,20.283789,0.590336,0.000000,true,1370182-1335317-1332633-1347082-1348520-1322570-1344908-1333174-1321475-1342236-1347135-1335328-1331246-1335809-1337049-1330515
brian,CUDA,simple,tiled_bit_planes,tiled_bit_planes,,16384,16384,128,1,1,0,0,32,16,42,32,0,0,23.376094,0.680334,0.000000,true,1370182-1335317-1332633-1347082-1348520-1322570-1344908-1333174-1321475-1342236-1347135-1335328-1331246-1335809-1337049-1330515
brian,CUDA,temporal,bit_planes,bit_planes,,16320,16440,128,1,1,0,0,32,16,42,32,2,64,9.957864,0.289957,0.000000,true,1348209-1326898-1306555-1345462-1318650-1328386-1334375-1352078-1339908-1324346-1341211-1344577-1327322-1322976-1331697-1338630
brian,CUDA,temporal,tiled_bit_planes,tiled_bit_planes,,16320,16368,128,1,1,0,0,32,16,42,32,2,64,18.891776,0.552519,0.000000,true,1341146-1317740-1302206-1337643-1311729-1324061-1328751-1348357-1334714-1319727-1332917-1339159-1316915-1314373-1327567-1330667
brian,CUDA,temporal,bit_planes,bit_planes,,16320,16414,126,1,1,0,0,32,16,42,32,3,64,12.656509,0.374981,0.000000,true,1346887-1326076-1309081-1343768-1320194-1330441-1336353-1353468-1339990-1327449-1341491-1346111-1325700-1323003-1331745-1338570
brian,CUDA,temporal,tiled_bit_planes,tiled_bit_planes,,16320,16368,126,1,1,0,0,32,16,42,32,3,64,17.052912,0.506655,0.000000,true,1343504-1320067-1307609-1339155-1315037-1327199-1332456-1350888-1336608-1325365-1336283-1341871-1319047-1317060-1329187-1332343
brian,CUDA,temporal,bit_planes,bit_planes,,16320,16408,128,1,1,0,0,32,16,42,32,4,64,12.648066,0.369010,0.000000,true,1343452-1323916-1305520-1341733-1316305-1326497-1332441-1350492-1337215-1321649-1336869-1343117-1325342-1320881-1330928-1337175
brian,CUDA,temporal,tiled_bit_planes,tiled_bit_planes,,16320,16368,128,1,1,0,0,32,16,42,32,4,64,16.504536,0.482700,0.000000,true,1341146-1317740-1302206-1337643-1311729-1324061-1328751-1348357-1334714-1319727-1332917-1339159-1316915-1314373-1327567-1330667
brian,CUDA,temporal,bit_planes,bit_planes,,16320,16416,125,1,1,0,0,32,16,42,32,5,64,12.302058,0.367350,0.000000,true,1347994-1328849-1310234-1345021-1321901-1331629-1338259-1357143-1341987-1329306-1344156-1347057-1325643-1324936-1334024-1339671
brian,CUDA,temporal,tiled_bit_planes,tiled_bit_planes,,16320,16320,125,1,1,0,0,32,16,42,32,5,64,15.804870,0.474723,0.000000,true,1341134-1320950-1305446-1337517-1312134-1325521-1330209-1351999-1333344-1322198-1334874-1338801-1318071-1313656-1327601-1330418
brian,CUDA,temporal,bit_planes,bit_planes,,16320,16432,126,1,1,0,0,32,16,42,32,6,64,12.502725,0.370019,0.000000,true,1350543-1327467-1312891-1346614-1321492-1331438-1337184-1354165-1341079-1329012-1343878-1346856-1328536-1326595-1334514-1338233
brian,CUDA,temporal,tiled_bit_planes,tiled_bit_planes,,16320,16320,126,1,1,0,0,32,16,42,32,6,64,15.686940,0.467442,0.000000,true,1340213-1319047-1304077-1336100-1310343-1324357-1328246-1348331-1331521-1320489-1332363-1337644-1316511-1312218-1326971-1329244
brian,CUDA,temporal,bit_planes,bit_planes,,16320,16400,126,1,1,0,0,32,16,42,32,7,64,12.552450,0.372215,0.000000,true,1343271-1323435-1311208-1342813-1318600-1329380-1335499-1352693-1338710-1326580-1339443-1345207-1323492-1322350-1330909-1338392
brian,CUDA,temporal,tiled_bit_planes,tiled_bit_planes,,16320,16320,126,1,1,0,0,32,16,42,32,7,64,15.536260,0.462952,0.000000,true,1340213-1319047-1304077-1336100-1310343-1324357-1328246-1348331-1331521-1320489-1332363-1337644-1316511-1312218-1326971-1329244
brian,CUDA,temporal,bit_planes,bit_planes,,16320,16416,128,1,1,0,0,32,16,42,32,8,64,13.106525,0.382199,0.000000,true,1344939-1324922-1302796-1342027-1316916-1326858-1332886-1350954-1338049-1322113-1338076-1343431-1322612-1320879-1332156-1335411
brian,CUDA,temporal,tiled_bit_planes,tiled_bit_planes,,16320,16320,128,1,1,0,0,32,16,42,32,8,64,15.687551,0.460156,0.000000,true,1337615-1316455-1298507-1334398-1306903-1321158-1324413-1345549-1329638-1315127-1328801-1334983-1315094-1309782-1325917-1327158
brian,CUDA,temporal,bit_planes,bit_planes,,16320,16422,126,1,1,0,0,32,16,42,32,9,64,13.526706,0.400567,0.000000,true,1350151-1327127-1311743-1344858-1320720-1330973-1336659-1353863-1340523-1327977-1342784-1346456-1324802-1323682-1333540-1340094
brian,CUDA,temporal,tiled_bit_planes,tiled_bit_planes,,16352,16240,126,1,1,0,0,32,16,42,32,9,64,16.951118,0.506607,0.000000,true,1333719-1323524-1329394-1326877-1338821-1334403-1312862-1318139-1315948-1320295-1341309-1324130-1314844-1309148-1324743-1321857
brian,CUDA,temporal,bit_planes,bit_planes,,16320,16412,120,1,1,0,0,32,16,42,32,10,64,13.287160,0.413399,0.000000,true,1351278-1335571-1319908-1356225-1328626-1342072-1349310-1365200-1349831-1345309-1347392-1350419-1330229-1334511-1342172-1347306
brian,CUDA,temporal,tiled_bit_planes,tiled_bit_planes,,16352,16240,120,1,1,0,0,32,16,42,32,10,64,16.117055,0.505764,0.000000,true,1343775-1331935-1337710-1334294-1345435-1349998-1322529-1321105-1324310-1325932-1350604-1335283-1319281-1315569-1334809-1329305
brian,CUDA,temporal,bit_planes,bit_planes,,16320,16440,120,1,1,0,0,32,16,42,32,12,64,14.578049,0.452789,0.000000,true,1355985-1335553-1321986-1358506-1331119-1344210-1350876-1366754-1352044-1347186-1351018-1351751-1332753-1338099-1342525-1351843
brian,CUDA,temporal,tiled_bit_planes,tiled_bit_planes,,16352,16240,120,1,1,0,0,32,16,42,32,12,64,16.016763,0.502616,0.000000,true,1343775-1331935-1337710-1334294-1345435-1349998-1322529-1321105-1324310-1325932-1350604-1335283-1319281-1315569-1334809-1329305
brian,CUDA,temporal,bit_planes,bit_planes,,16320,16416,126,1,1,0,0,32,16,42,32,14,64,16.786576,0.497284,0.000000,true,1347187-1326942-1308685-1343509-1320194-1330441-1336353-1353468-1339990-1327449-1341491-1346111-1324435-1323924-1333626-1337927
brian,CUDA,temporal,tiled_bit_planes,tiled_bit_planes,,16352,16352,126,1,1,0,0,32,16,42,32,14,64,17.431620,0.517399,0.000000,true,1340129-1330222-1341357-1336519-1345825-1341724-1321072-1328405-1326494-1329483-1353754-1328879-1323393-1317507-1331247-1336941
brian,CUDA,temporal,bit_planes,bit_planes,,16320,16448,128,1,1,0,0,32,16,42,32,16,64,19.084670,0.555445,0.000000,true,1346801-1326204-1306177-1346945-1319274-1328959-1334744-1352407-1340188-1325006-1342207-1345139-1330390-1325756-1329976-1339500
brian,CUDA,temporal,tiled_bit_planes,tiled_bit_planes,,16352,16352,128,1,1,0,0,32,16,42,32,16,64,17.660018,0.515988,0.000000,true,1337377-1328430-1337902-1335381-1342664-1339469-1318482-1326565-1325137-1327205-1353329-1325057-1321471-1312479-1327638-1333798
brian,CUDA,temporal,bit_planes,bit_planes,,16320,16436,126,1,1,0,0,32,16,42,32,18,64,21.389586,0.632872,0.000000,true,1350301-1326924-1311622-1348175-1321820-1331746-1337450-1354412-1341450-1329210-1344315-1347026-1328866-1327393-1335391-1341623
brian,CUDA,temporal,tiled_bit_planes,tiled_bit_planes,,16224,16416,126,1,1,0,0,32,16,42,32,18,64,19.238265,0.573284,0.000000,true,1316003-1312371-1319767-1329771-1326968-1343536-1306957-1334562-1345723-1321008-1335044-1334789-1340650-1336179-1337067-1352231
brian,CUDA,temporal,bit_planes,bit_planes,,16320,16440,120,1,1,0,0,32,16,42,32,20,64,23.763595,0.738089,0.000000,true,1355985-1335553-1321986-1358506-1331119-1344210-1350876-1366754-1352044-1347186-1351018-1351751-1332753-1338099-1342525-1351843
brian,CUDA,temporal,tiled_bit_planes,tiled_bit_planes,,16224,16416,120,1,1,0,0,32,16,42,32,20,64,18.279323,0.571944,0.000000,true,1326246-1322485-1327482-1344001-1338889-1351967-1322849-1342424-1355768-1327173-1342169-1342147-1348472-1343989-1344368-1352282
brian,CUDA,temporal,bit_planes,bit_planes,,16320,16440,110,1,1,0,0,32,16,42,32,22,64,25.943910,0.879065,0.000000,true,1368176-1351664-1345149-1374394-1355976-1360790-1367795-1384014-1378196-1371308-1370124-1370438-1352429-1353328-1356384-1371161
brian,CUDA,temporal,tiled_bit_planes,tiled_bit_planes,,16224,16432,110,1,1,0,0,32,16,42,32,22,64,17.582961,0.599585,0.000000,true,1344416-1345301-1348741-1366529-1356186-1362293-1343510-1354955-1367278-1350458-1352057-1360482-1365174-1357615-1362806-1359533
brian,CUDA,temporal,bit_planes,bit_planes,,16320,16448,120,1,1,0,0,32,16,42,32,24,64,35.343422,1.097221,0.000000,true,1352869-1335614-1321885-1358284-1331717-1345020-1351254-1367308-1352754-1347545-1351882-1352484-1334175-1340364-1342173-1353202
brian,CUDA,temporal,tiled_bit_planes,tiled_bit_planes,,16224,16432,120,1,1,0,0,32,16,42,32,24,64,19.156310,0.598801,0.000000,true,1323050-1323929-1329341-1346502-1340571-1353034-1324000-1343564-1357573-1328649-1343483-1343629-1347489-1343768-1345550-1354062
brian,CUDA,simple,bit_array,bit_array,,16384,16384,128,1,1,0,0,32,16,42,64,0,0,520.602536,15.151528,0.000000,true,1370182-1335317-1332633-1347082-1348520-1322570-1344908-1333174-1321475-1342236-1347135-1335328-1331246-1335809-1337049-1330515
brian,CUDA,simple,bit_planes,bit_planes,,16384,16384,128,1,1,0,0,32,16,42,64,0,0,12.392266,0.360662,0.000000,true,1370182-1335317-1332633-1347082-1348520-1322570-1344908-1333174-1321475-1342236-1347135-1335328-1331246-1335809-1337049-1330515
brian,CUDA,simple,tiled_bit_planes,tiled_bit_planes,,16384,16384,128,1,1,0,0,32,16,42,64,0,0,17.388074,0.506060,0.000000,true,1370182-1335317-1332633-1347082-1348520-1322570-1344908-1333174-1321475-1342236-1347135-1335328-1331246-1335809-1337049-1330515
brian,CUDA,temporal,bit_planes,bit_planes,,15360,17472,128,1,1,0,0,32,16,42,64,2,32,10.577119,0.307910,0.000000,true,1314663-1329372-1331952-1324787-1323857-1314559-1343727-1329371-1324092-1317608-1320239-1331887-1331179-1333463-1352142-1349171
brian,CUDA,temporal,tiled_bit_planes,tiled_bit_planes,,16320,16320,128,1,1,0,0,32,16,42,64,2,32,15.901157,0.466421,0.000000,true,1337615-1316455-1298507-1334398-1306903-1321158-1324413-1345549-1329638-1315127-1328801-1334983-1315094-1309782-1325917-1327158
brian,CUDA,temporal,bit_planes,bit_planes,,15360,17472,126,1,1,0,0,32,16,42,64,3,32,9.448057,0.279408,0.000000,true,1319791-1331576-1337027-1328696-1329143-1318633-1344692-1329842-1325187-1318863-1323835-1332593-1333541-1337345-1353875-1353764
brian,CUDA,temporal,tiled_bit_planes,tiled_bit_planes,,16320,16320,126,1,1,0,0,32,16,42,64,3,32,14.016683,0.417671,0.000000,true,1340213-1319047-1304077-1336100-1310343-1324357-1328246-1348331-1331521-1320489-1332363-1337644-1316511-1312218-1326971-1329244
brian,CUDA,temporal,bit_planes,bit_planes,,15360,17472,128,1,1,0,0,32,16,42,64,4,32,9.811100,0.285610,0.000000,true,1314663-1329372-1331952-1324787-1323857-1314559-1343727-1329371-1324092-1317608-1320239-1331887-1331179-1333463-1352142-1349171
brian,CUDA,temporal,tiled_bit_planes,tiled_bit_planes,,16320,16320,128,1,1,0,0,32,16,42,64,4,32,13.305338,0.390279,0.000000,true,1337615-1316455-1298507-1334398-1306903-1321158-1324413-1345549-1329638-1315127-1328801-1334983-1315094-1309782-1325917-1327158
brian,CUDA,temporal,bit_planes,bit_planes,,15360,17468,125,1,1,0,0,32,16,42,64,5,32,9.963253,0.297069,0.000000,true,1324264-1332069-1339861-1329999-1330333-1320104-1346812-1329706-1326795-1319767-1325342-1334227-1337241-1337326-1353229-1354617
brian,CUDA,temporal,tiled_bit_planes,tiled_bit_planes,,16320,16320,125,1,1,0,0,32,16,42,64,5,32,12.606072,0.378643,0.000000,true,1341134-1320950-1305446-1337517-1312134-1325521-1330209-1351999-1333344-1322198-1334874-1338801-1318071-1313656-1327601-1330418
brian,CUDA,temporal,bit_planes,bit_planes,,15360,17460,126,1,1,0,0,32,16,42,64,6,32,10.678843,0.316023,0.000000,true,1317940-1328193-1338261-1330922-1328175-1317647-1343547-1328795-1324118-1317786-1323142-1331810-1331541-1336926-1350888-1349749
brian,CUDA,temporal,tiled_bit_planes,tiled_bit_planes,,16320,16320,126,1,1,0,0,32,16,42,64,6,32,12.479980,0.371880,0.000000,true,1340213-1319047-1304077-1336100-1310343-1324357-1328246-1348331-1331521-1320489-1332363-1337644-1316511-1312218-1326971-1329244
brian,CUDA,temporal,bit_planes,bit_planes,,15360,17460,126,1,1,0,0,32,16,42,64,7,32,11.645187,0.344620,0.000000,true,1317940-1328193-1338261-1330922-1328175-1317647-1343547-1328795-1324118-1317786-1323142-1331810-1331541-1336926-1350888-1349749
brian,CUDA,temporal,tiled_bit_planes,tiled_bit_planes,,16320,16320,126,1,1,0,0,32,16,42,64,7,32,12.379947,0.368899,0.000000,true,1340213-1319047-1304077-1336100-1310343-1324357-1328246-1348331-1331521-1320489-1332363-1337644-1316511-1312218-1326971-1329244
brian,CUDA,temporal,bit_planes,bit_planes,,15360,17472,128,1,1,0,0,32,16,42,64,8,32,13.058682,0.380150,0.000000,true,1314663-1329372-1331952-1324787-1323857-1314559-1343727-1329371-1324092-1317608-1320239-1331887-1331179-1333463-1352142-1349171
brian,CUDA,temporal,tiled_bit_planes,tiled_bit_planes,,16320,16320,128,1,1,0,0,32,16,42,64,8,32,12.506420,0.366845,0.000000,true,1337615-1316455-1298507-1334398-1306903-1321158-1324413-1345549-1329638-1315127-1328801-1334983-1315094-1309782-1325917-1327158
brian,CUDA,temporal,bit_planes,bit_planes,,15360,17472,126,1,1,0,0,32,16,42,64,9,32,14.466559,0.427820,0.000000,true,1319791-1331576-1337027-1328696-1329143-1318633-1344692-1329842-1325187-1318863-1323835-1332593-1333541-1337345-1353875-1353764
brian,CUDA,temporal,tiled_bit_planes,tiled_bit_planes,,16352,16352,126,1,1,0,0,32,16,42,64,9,32,14.172440,0.420661,0.000000,true,1340129-1330222-1341357-1336519-1345825-1341724-1321072-1328405-1326494-1329483-1353754-1328879-1323393-1317507-1331247-1336941
brian,CUDA,temporal,bit_planes,bit_planes,,15360,17472,120,1,1,0,0,32,16,42,64,10,32,16.017444,0.497368,0.000000,true,1333988-1343383-1348231-1339797-1340204-1327577-1353191-1339879-1331639-1331061-1333716-1339993-1340414-1349925-1361304-1361486
brian,CUDA,temporal,tiled_bit_planes,tiled_bit_planes,,16352,16352,120,1,1,0,0,32,16,42,64,10,32,13.460214,0.419497,0.000000,true,1348593-1338786-1349514-1343431-1352887-1357636-1331165-1330448-1334623-1335294-1362084-1341295-1329461-1324051-1341560-1344563
brian,CUDA,temporal,bit_planes,bit_planes,,15360,17472,120,1,1,0,0,32,16,42,64,12,32,23.548788,0.731229,0.000000,true,1333988-1343383-1348231-1339797-1340204-1327577-1353191-1339879-1331639-1331061-1333716-1339993-1340414-1349925-1361304-1361486
brian,CUDA,temporal,tiled_bit_planes,tiled_bit_planes,,16352,16352,120,1,1,0,0,32,16,42,64,12,32,13.394304,0.417443,0.000000,true,1348593-1338786-1349514-1343431-1352887-1357636-1331165-1330448-1334623-1335294-1362084-1341295-1329461-1324051-1341560-1344563
brian,CUDA,temporal,bit_planes,bit_planes,,15360,17476,126,1,1,0,0,32,16,42,64,14,32,48.863979,1.444724,0.000000,true,1319790-1331355-1336739-1327609-1329423-1318986-1345036-1330245-1325541-1319139-1324241-1332946-1336332-1335585-1353410-1355106
brian,CUDA,temporal,tiled_bit_planes,tiled_bit_planes,,16352,16352,126,1,1,0,0,32,16,42,64,14,32,14.039428,0.416713,0.000000,true,1340129-1330222-1341357-1336519-1345825-1341724-1321072-1328405-1326494-1329483-1353754-1328879-1323393-1317507-1331247-1336941
brian,CUDA,temporal,tiled_bit_planes,tiled_bit_planes,,16352,16352,128,1,1,0,0,32,16,42,64,16,32,14.200072,0.414896,0.000000,true,1337377-1328430-1337902-1335381-1342664-1339469-1318482-1326565-1325137-1327205-1353329-1325057-1321471-1312479-1327638-1333798
brian,CUDA,temporal,tiled_bit_planes,tiled_bit_planes,,16224,16432,126,1,1,0,0,32,16,42,64,18,32,16.301597,0.485301,0.000000,true,1311621-1314056-1322096-1332318-1328628-1344696-1308139-1335536-1347260-1322146-1336524-1336384-1339372-1335914-1338349-1354768
brian,CUDA,temporal,tiled_bit_planes,tiled_bit_planes,,16224,16432,120,1,1,0,0,32,16,42,64,20,32,15.512294,0.484894,0.000000,true,1323050-1323929-1329341-1346502-1340571-1353034-1324000-1343564-1357573-1328649-1343483-1343629-1347489-1343768-1345550-1354062
brian,CUDA,temporal,tiled_bit_planes,tiled_bit_planes,,16224,16432,110,1,1,0,0,32,16,42,64,22,32,14.197419,0.484137,0.000000,true,1344416-1345301-1348741-1366529-1356186-1362293-1343510-1354955-1367278-1350458-1352057-1360482-1365174-1357615-1362806-1359533
brian,CUDA,temporal,tiled_bit_planes,tiled_bit_planes,,16224,16432,120,1,1,0,0,32,16,42,64,24,32,15.464571,0.483402,0.000000,true,1323050-1323929-1329341-1346502-1340571-1353034-1324000-1343564-1357573-1328649-1343483-1343629-1347489-1343768-1345550-1354062
brian,CUDA,,,,baseline,16384,16384,128,1,1,0,0,32,32,42,0,0,0,529.299107,15.404631,0.000000,true,1370182-1335317-1332633-1347082-1348520-1322570-1344908-1333174-1321475-1342236-1347135-1335328-1331246-1335809-1337049-1330515
brian,CUDA,simple,standard,standard,,16384,16384,128,1,1,0,0,32,32,42,0,0,0,557.702026,16.231265,0.000000,true,1370182-1335317-1332633-1347082-1348520-1322570-1344908-1333174-1321475-1342236-1347135-1335328-1331246-1335809-1337049-1330515
brian,CUDA,simple,bit_array,bit_array,,16384,16384,128,1,1,0,0,32,32,42,32,0,0,505.418202,14.709606,0.000000,true,1370182-1335317-1332633-1347082-1348520-1322570-1344908-1333174-1321475-1342236-1347135-1335328-1331246-1335809-1337049-1330515
brian,CUDA,simple,bit_planes,bit_planes,,16384,16384,128,1,1,0,0,32,32,42,32,0,0,24.389640,0.709832,0.000000,true,1370182-1335317-1332633-1347082-1348520-1322570-1344908-1333174-1321475-1342236-1347135-1335328-1331246-1335809-1337049-1330515
brian,CUDA,simple,tiled_bit_planes,tiled_bit_planes,,16384,16384,128,1,1,0,0,32,32,42,32,0,0,28.752353,0.836804,0.000000,true,1370182-1335317-1332633-1347082-1348520-1322570-1344908-1333174-1321475-1342236-1347135-1335328-1331246-1335809-1337049-1330515
brian,CUDA,simple,bit_array,bit_array,,16384,16384,128,1,1,0,0,32,32,42,64,0,0,519.871141,15.130242,0.000000,true,1370182-1335317-1332633-1347082-1348520-1322570-1344908-1333174-1321475-1342236-1347135-1335328-1331246-1335809-1337049-1330515
brian,CUDA,simple,bit_planes,bit_planes,,16384,16384,128,1,1,0,0,32,32,42,64,0,0,14.775680,0.430029,0.000000,true,1370182-1335317-1332633-1347082-1348520-1322570-1344908-1333174-1321475-1342236-1347135-1335328-1331246-1335809-1337049-1330515
brian,CUDA,simple,tiled_bit_planes,tiled_bit_planes,,16384,16384,128,1,1,0,0,32,32,42,64,0,0,18.761949,0.546045,0.000000,true,1370182-1335317-1332633-1347082-1348520-1322570-1344908-1333174-1321475-1342236-1347135-1335328-1331246-1335809-1337049-1330515
maze,CUDA,,,,baseline,16384,16384,128,1,1,0,0,32,2,42,0,0,0,433.889455,12.627845,0.000000,true,9247588-9247795-9247184-9247092-9246149-9248328-9248057-9247092-9246830-9246070-9246351-9248344-9245438-9248840-9246723-9246864
maze,CUDA,simple,standard,standard,,16384,16384,128,1,1,0,0,32,2,42,0,0,0,467.150511,13.595869,0.000000,true,9247588-9247795-9247184-9247092-9246149-9248328-9248057-9247092-9246830-9246070-9246351-9248344-9245438-9248840-9246723-9246864
maze,CUDA,simple,bit_array,bit_array,,16384,16384,128,1,1,0,0,32,2,42,32,0,0,157.166310,4.574142,0.000000,true,9247588-9247795-9247184-9247092-9246149-9248328-9248057-9247092-9246830-9246070-9246351-9248344-9245438-9248840-9246723-9246864
maze,CUDA,simple,bit_planes,bit_planes,,16384,16384,128,1,1,0,0,32,2,42,32,0,0,15.609882,0.454307,0.000000,true,9247588-9247795-9247184-9247092-9246149-9248328-9248057-9247092-9246830-9246070-9246351-9248344-9245438-9248840-9246723-9246864
maze,CUDA,simple,tiled_bit_planes,tiled_bit_planes,,16384,16384,128,1,1,0,0,32,2,42,32,0,0,17.961298,0.522743,0.000000,true,9247588-9247795-9247184-9247092-9246149-9248328-9248057-9247092-9246830-9246070-9246351-9248344-9245438-9248840-9246723-9246864
maze,CUDA,temporal,bit_planes,bit_planes,,16320,16368,128,1,1,0,0,32,2,42,32,2,128,13.311738,0.389322,0.000000,true,9202365-9202259-9202050-9202087-9201254-9202079-9201319-9203623-9202058-9203116-9201410-9202747-9202106-9201499-9201566-9203405
maze,CUDA,temporal,tiled_bit_planes,tiled_bit_planes,,16320,16128,128,1,1,0,0,32,2,42,32,2,128,16.021901,0.475558,0.000000,true,9067599-9067460-9066996-9067252-9066298-9066990-9066505-9068420-9067090-9068158-9066485-9068035-9067101-9066476-9066632-9068505
maze,CUDA,temporal,bit_planes,bit_planes,,16320,16348,126,1,1,0,0,32,2,42,32,3,128,10.793578,0.321078,0.000000,true,9191110-9190943-9190747-9190838-9190088-9190834-9190016-9192458-9190809-9191914-9190169-9191500-9190874-9190262-9190285-9192212
maze,CUDA,temporal,tiled_bit_planes,tiled_bit_planes,,16320,16128,126,1,1,0,0,32,2,42,32,3,128,12.495524,0.376776,0.000000,true,9067615-9067469-9066998-9067257-9066359-9066983-9066432-9068507-9067116-9068156-9066481-9068066-9067069-9066489-9066601-9068491
maze,CUDA,temporal,bit_planes,bit_planes,,16320,16440,128,1,1,0,0,32,2,42,32,4,128,10.008141,0.291421,0.000000,true,9242811-9242731-9242448-9242534-9241699-9242456-9242023-9244125-9242631-9243744-9241819-9243453-9242405-9241820-9241990-9243659
maze,CUDA,temporal,tiled_bit_planes,tiled_bit_planes,,16320,16128,128,1,1,0,0,32,2,42,32,4,128,11.321905,0.336054,0.000000,true,9067599-9067460-9066996-9067252-9066298-9066990-9066505-9068420-9067090-9068158-9066485-9068035-9067101-9066476-9066632-9068505
maze,CUDA,temporal,bit_planes,bit_planes,,16320,16402,125,1,1,0,0,32,2,42,32,5,128,9.062979,0.270859,0.000000,true,9222720-9222300-9221948-9222375-9221479-9222279-9221542-9223858-9222045-9223346-9221518-9223076-9217746-9217193-9217151-9218830
maze,CUDA,temporal,tiled_bit_planes,tiled_bit_planes,,16320,16368,125,1,1,0,0,32,2,42,32,5,128,10.382802,0.310949,0.000000,true,9202460-9202052-9201799-9202131-9201225-9202143-9201224-9203584-9201966-9203014-9201249-9202731-9201947-9201525-9201437-9203207
maze,CUDA,temporal,bit_planes,bit_planes,,16320,16356,126,1,1,0,0,32,2,42,32,6,128,8.588236,0.255350,0.000000,true,9195584-9195478-9195232-9195366-9194534-9195303-9194514-9196955-9195372-9196494-9194680-9196037-9195340-9194673-9194748-9196692
maze,CUDA,temporal,tiled_bit_planes,tiled_bit_planes,,16320,16368,126,1,1,0,0,32,2,42,32,6,128,10.052779,0.298676,0.000000,true,9202381-9202272-9202049-9202092-9201319-9202070-9201257-9203716-9202078-9203126-9201398-9202764-9202082-9201501-9201532-9203391
maze,CUDA,temporal,bit_planes,bit_planes,,16320,16416,126,1,1,0,0,32,2,42,32,7,128,8.211301,0.243251,0.000000,true,9229375-9229307-9228951-9229064-9228288-9228928-9228358-9230732-9229025-9230246-9228329-9229896-9229040-9228337-9228522-9230190
maze,CUDA,temporal,tiled_bit_planes,tiled_bit_planes,,16320,16368,126,1,1,0,0,32,2,42,32,7,128,9.760323,0.289987,0.000000,true,9202381-9202272-9202049-9202092-9201319-9202070-9201257-9203716-9202078-9203126-9201398-9202764-9202082-9201501-9201532-9203391
maze,CUDA,temporal,bit_planes,bit_planes,,16320,16352,128,1,1,0,0,32,2,42,32,8,128,8.167835,0.239115,0.000000,true,9193379-9193301-9193063-9193113-9192203-9193020-9192314-9194622-9193119-9194222-9192505-9193761-9193097-9192388-9192545-9194389
maze,CUDA,temporal,tiled_bit_planes,tiled_bit_planes,,16320,16368,128,1,1,0,0,32,2,42,32,8,128,9.718719,0.284239,0.000000,true,9202365-9202259-9202050-9202087-9201254-9202079-9201319-9203623-9202058-9203116-9201410-9202747-9202106-9201499-9201566-9203405
maze,CUDA,temporal,bit_planes,bit_planes,,16320,16390,126,1,1,0,0,32,2,42,32,9,128,8.505099,0.252354,0.000000,true,9215930-9215767-9215426-9215608-9214770-9215485-9214822-9217243-9215505-9216740-9214899-9216296-9211107-9210394-9210501-9212292
maze,CUDA,temporal,tiled_bit_planes,tiled_bit_planes,,16352,16104,126,1,1,0,0,32,2,42,32,9,128,10.245012,0.308772,0.000000,true,9072632-9071521-9071861-9071566-9070301-9072037-9070701-9071370-9071066-9071722-9071359-9070764-9071601-9070653-9071627-9072120
maze,CUDA,temporal,bit_planes,bit_planes,,16320,16416,120,1,1,0,0,32,2,42,32,10,128,7.978606,0.248175,0.000000,true,9229375-9229307-9228951-9229064-9228288-9228928-9228358-9230732-9229025-9230250-9228329-9229896-9229040-9228337-9228531-9230190
maze,CUDA,temporal,tiled_bit_planes,tiled_bit_planes,,16352,16104,120,1,1,0,0,32,2,42,32,10,128,9.649935,0.305379,0.000000,true,9072632-9071521-9071861-9071566-9070301-9072037-9070701-9071361-9071060-9071722-9071359-9070764-9071601-9070657-9071608-9072120
maze,CUDA,temporal,bit_planes,bit_planes,,16320,16432,120,1,1,0,0,32,2,42,32,12,128,7.802097,0.242449,0.000000,true,9238409-9238174-9237958-9238088-9237211-9237955-9237409-9239694-9238098-9239233-9237298-9238902-9237976-9237415-9237521-9239251
maze,CUDA,temporal,tiled_bit_planes,tiled_bit_planes,,16352,16104,120,1,1,0,0,32,2,42,32,12,128,9.516382,0.301152,0.000000,true,9072632-9071521-9071861-9071566-9070301-9072037-9070701-9071361-9071060-9071722-9071359-9070764-9071601-9070657-9071608-9072120
maze,CUDA,temporal,bit_planes,bit_planes,,16320,16400,126,1,1,0,0,32,2,42,32,14,128,8.702560,0.258055,0.000000,true,9220423-9220288-9219918-9220035-9219284-9219941-9219390-9221775-9219957-9221206-9219401-9220793-9220071-9219409-9219493-9221334
maze,CUDA,temporal,tiled_bit_planes,tiled_bit_planes,,16352,16320,126,1,1,0,0,32,2,42,32,14,128,9.882118,0.293892,0.000000,true,9194323-9193236-9193551-9193230-9192102-9193781-9192303-9193033-9192695-9193267-9193019-9192498-9193452-9192279-9193233-9193762
maze,CUDA,temporal,bit_planes,bit_planes,,16320,16416,128,1,1,0,0,32,2,42,32,16,128,8.746878,0.255068,0.000000,true,9229359-9229294-9228952-9229059-9228223-9228937-9228420-9230639-9229005-9230236-9228341-9229879-9229064-9228333-9228551-9230204
maze,CUDA,temporal,tiled_bit_planes,tiled_bit_planes,,16352,16320,128,1,1,0,0,32,2,42,32,16,128,9.962100,0.291642,0.000000,true,9194329-9193209-9193514-9193217-9192144-9193761-9192272-9193027-9192706-9193217-9192996-9192518-9193430-9192349-9193226-9193761
maze,CUDA,temporal,bit_planes,bit_planes,,16320,16376,126,1,1,0,0,32,2,42,32,18,128,9.161560,0.272064,0.000000,true,9206947-9206823-9206512-9206577-9205762-9206523-9205770-9208244-9206566-9207690-9205869-9207261-9206558-9205905-9206024-9207847
maze,CUDA,temporal,tiled_bit_planes,tiled_bit_planes,,16224,16520,126,1,1,0,0,32,2,42,32,18,128,10.559101,0.312672,0.000000,true,9233441-9232979-9233289-9234414-9232186-9233549-9232207-9232614-9234125-9233680-9231388-9233168-9232901-9232709-9233403-9231953
maze,CUDA,temporal,bit_planes,bit_planes,,16320,16368,120,1,1,0,0,32,2,42,32,20,128,8.677162,0.270695,0.000000,true,9202381-9202272-9202049-9202092-9201319-9202070-9201257-9203716-9202078-9203130-9201398-9202764-9202082-9201501-9201541-9203391
maze,CUDA,temporal,tiled_bit_planes,tiled_bit_planes,,16224,16520,120,1,1,0,0,32,2,42,32,20,128,10.013359,0.311337,0.000000,true,9233431-9232971-9233289-9234414-9232186-9233549-9232207-9232614-9234125-9233680-9231396-9233168-9232910-9232709-9233403-9231953
maze,CUDA,temporal,bit_planes,bit_planes,,16320,16380,110,1,1,0,0,32,2,42,32,22,128,8.459630,0.287690,0.000000,true,9209141-9208964-9208748-9208900-9207925-9208779-9208085-9210411-9208730-9209954-9208091-9209496-9208930-9208122-9208276-9210099
maze,CUDA,temporal,tiled_bit_planes,tiled_bit_planes,,16224,16240,110,1,1,0,0,32,2,42,32,22,128,8.999723,0.310522,0.000000,true,9076847-9076368-9076621-9077784-9075648-9077048-9075691-9076153-9077874-9077272-9075162-9076663-9076446-9076438-9076780-9075300
maze,CUDA,temporal,bit_planes,bit_planes,,16320,16400,120,1,1,0,0,32,2,42,32,24,128,9.768155,0.304136,0.000000,true,9220423-9220288-9219918-9220035-9219284-9219941-9219390-9221775-9219957-9221210-9219401-9220793-9220071-9219409-9219502-9221334
maze,CUDA,temporal,tiled_bit_planes,tiled_bit_planes,,16224,16240,120,1,1,0,0,32,2,42,32,24,128,9.784360,0.309462,0.000000,true,9076829-9076376-9076584-9077760-9075614-9077057-9075687-9076188-9077934-9077292-9075201-9076703-9076441-9076410-9076847-9075350
maze,CUDA,simple,bit_array,bit_array,,16384,16384,128,1,1,0,0,32,2,42,64,0,0,199.882114,5.817335,0.000000,true,9247588-9247795-9247184-9247092-9246149-9248328-9248057-9247092-9246830-9246070-9246351-9248344-9245438-9248840-9246723-9246864
maze,CUDA,simple,bit_planes,bit_planes,,16384,16384,128,1,1,0,0,32,2,42,64,0,0,9.295635,0.270539,0.000000,true,9247588-9247795-9247184-9247092-9246149-9248328-9248057-9247092-9246830-9246070-9246351-9248344-9245438-9248840-9246723-9246864
maze,CUDA,simple,tiled_bit_planes,tiled_bit_planes,,16384,16384,128,1,1,0,0,32,2,42,64,0,0,11.198036,0.325906,0.000000,true,9247588-9247795-9247184-9247092-9246149-9248328-9248057-9247092-9246830-9246070-9246351-9248344-9245438-9248840-9246723-9246864
maze,CUDA,temporal,bit_planes,bit_planes,,15360,17460,128,1,1,0,0,32,2,42,64,2,64,9.150523,0.266563,0.000000,true,9239208-9238580-9239252-9239538-9237368-9239628-9239498-9237782-9239544-9239210-9239070-9239299-9238925-9239409-9237707-9238478
maze,CUDA,temporal,tiled_bit_planes,tiled_bit_planes,,16320,16368,128,1,1,0,0,32,2,42,64,2,64,10.314508,0.301664,0.000000,true,9202365-9202259-9202050-9202087-9201254-9202079-9201319-9203623-9202058-9203116-9201410-9202747-9202106-9201499-9201566-9203405
maze,CUDA,temporal,bit_planes,bit_planes,,15360,17458,126,1,1,0,0,32,2,42,64,3,64,7.533768,0.222975,0.000000,true,9239257-9238545-9239200-9239572-9237375-9239638-9239535-9237834-9239537-9239286-9239004-9239333-9234663-9235220-9233453-9234342
maze,CUDA,temporal,tiled_bit_planes,tiled_bit_planes,,16320,16368,126,1,1,0,0,32,2,42,64,3,64,8.655819,0.257171,0.000000,true,9202381-9202272-9202049-9202092-9201319-9202070-9201257-9203716-9202078-9203126-9201398-9202764-9202082-9201501-9201532-9203391
maze,CUDA,temporal,bit_planes,bit_planes,,15360,17472,128,1,1,0,0,32,2,42,64,4,64,6.918861,0.201415,0.000000,true,9245522-9244889-9245641-9245889-9243776-9246046-9245815-9244149-9245836-9245531-9245392-9245626-9245314-9245809-9244032-9244822
maze,CUDA,temporal,tiled_bit_planes,tiled_bit_planes,,16320,16368,128,1,1,0,0,32,2,42,64,4,64,8.209128,0.240088,0.000000,true,9202365-9202259-9202050-9202087-9201254-9202079-9201319-9203623-9202058-9203116-9201410-9202747-9202106-9201499-9201566-9203405
maze,CUDA,temporal,bit_planes,bit_planes,,15360,17442,125,1,1,0,0,32,2,42,64,5,64,6.887352,0.205662,0.000000,true,9230358-9230101-9230771-9230966-9229003-9231315-9231205-9229260-9231011-9230541-9230453-9230903-9226195-9226474-9224883-9225701
maze,CUDA,temporal,tiled_bit_planes,tiled_bit_planes,,16320,16368,125,1,1,0,0,32,2,42,64,5,64,7.685159,0.230159,0.000000,true,9202460-9202052-9201799-9202131-9201225-9202143-9201224-9203584-9201966-9203014-9201249-9202731-9201947-9201525-9201437-9203207
maze,CUDA,temporal,bit_planes,bit_planes,,15360,17472,126,1,1,0,0,32,2,42,64,6,64,6.682390,0.197618,0.000000,true,9245552-9244872-9245594-9245912-9243783-9246057-9245852-9244201-9245829-9245606-9245327-9245660-9245327-9245848-9244033-9244905
maze,CUDA,temporal,tiled_bit_planes,tiled_bit_planes,,16320,16368,126,1,1,0,0,32,2,42,64,6,64,7.529832,0.223717,0.000000,true,9202381-9202272-9202049-9202092-9201319-9202070-9201257-9203716-9202078-9203126-9201398-9202764-9202082-9201501-9201532-9203391
maze,CUDA,temporal,bit_planes,bit_planes,,15360,17450,126,1,1,0,0,32,2,42,64,7,64,6.996278,0.207162,0.000000,true,9234936-9234282-9234968-9235428-9233200-9235442-9235287-9233568-9235269-9234997-9234749-9235128-9230446-9231044-9229307-9230145
maze,CUDA,temporal,tiled_bit_planes,tiled_bit_planes,,16320,16368,126,1,1,0,0,32,2,42,64,7,64,7.399063,0.219832,0.000000,true,9202381-9202272-9202049-9202092-9201319-9202070-9201257-9203716-9202078-9203126-9201398-9202764-9202082-9201501-9201532-9203391
maze,CUDA,temporal,bit_planes,bit_planes,,15360,17472,128,1,1,0,0,32,2,42,64,8,64,6.982828,0.203277,0.000000,true,9245522-9244889-9245641-9245889-9243776-9246046-9245815-9244149-9245836-9245531-9245392-9245626-9245314-9245809-9244032-9244822
maze,CUDA,temporal,tiled_bit_planes,tiled_bit_planes,,16320,16368,128,1,1,0,0,32,2,42,64,8,64,7.428588,0.217260,0.000000,true,9202365-9202259-9202050-9202087-9201254-9202079-9201319-9203623-9202058-9203116-9201410-9202747-9202106-9201499-9201566-9203405
maze,CUDA,temporal,bit_planes,bit_planes,,15360,17434,126,1,1,0,0,32,2,42,64,9,64,7.282445,0.215833,0.000000,true,9226502-9225843-9226491-9226927-9224663-9227028-9226846-9225152-9226844-9226527-9226285-9226609-9222019-9222526-9220768-9221641
maze,CUDA,temporal,tiled_bit_planes,tiled_bit_planes,,16352,16320,126,1,1,0,0,32,2,42,64,9,64,7.925175,0.235693,0.000000,true,9194323-9193236-9193551-9193230-9192102-9193781-9192303-9193033-9192695-9193267-9193019-9192498-9193452-9192279-9193233-9193762
maze,CUDA,temporal,bit_planes,bit_planes,,15360,17468,120,1,1,0,0,32,2,42,64,10,64,6.880292,0.213693,0.000000,true,9243473-9242731-9243441-9243799-9241683-9243988-9243779-9242068-9243705-9243462-9243194-9243539-9243160-9243699-9241931-9242807
maze,CUDA,temporal,tiled_bit_planes,tiled_bit_planes,,16352,16320,120,1,1,0,0,32,2,42,64,10,64,7.437892,0.232262,0.000000,true,9194323-9193236-9193551-9193230-9192102-9193781-9192303-9193024-9192689-9193267-9193019-9192498-9193452-9192283-9193214-9193762
maze,CUDA,temporal,bit_planes,bit_planes,,15360,17440,120,1,1,0,0,32,2,42,64,12,64,7.641042,0.237702,0.000000,true,9228654-9227910-9228572-9229025-9226763-9229139-9229002-9227229-9229005-9228643-9228450-9228730-9228254-9228891-9227101-9227981
maze,CUDA,temporal,tiled_bit_planes,tiled_bit_planes,,16352,16320,120,1,1,0,0,32,2,42,64,12,64,7.363728,0.229946,0.000000,true,9194323-9193236-9193551-9193230-9192102-9193781-9192303-9193024-9192689-9193267-9193019-9192498-9193452-9192283-9193214-9193762
maze,CUDA,temporal,bit_planes,bit_planes,,15360,17460,126,1,1,0,0,32,2,42,64,14,64,8.854532,0.262035,0.000000,true,9239238-9238563-9239205-9239561-9237375-9239638-9239535-9237834-9239537-9239286-9239004-9239333-9238938-9239448-9237709-9238559
maze,CUDA,temporal,tiled_bit_planes,tiled_bit_planes,,16352,16320,126,1,1,0,0,32,2,42,64,14,64,7.738700,0.230148,0.000000,true,9194323-9193236-9193551-9193230-9192102-9193781-9192303-9193033-9192695-9193267-9193019-9192498-9193452-9192279-9193233-9193762
maze,CUDA,temporal,bit_planes,bit_planes,,15360,17472,128,1,1,0,0,32,2,42,64,16,64,10.290521,0.299567,0.000000,true,9245522-9244889-9245641-9245889-9243776-9246046-9245815-9244149-9245836-9245531-9245392-9245626-9245314-9245809-9244032-9244822
maze,CUDA,temporal,tiled_bit_planes,tiled_bit_planes,,16352,16320,128,1,1,0,0,32,2,42,64,16,64,7.818612,0.228891,0.000000,true,9194329-9193209-9193514-9193217-9192144-9193761-9192272-9193027-9192706-9193217-9192996-9192518-9193430-9192349-9193226-9193761
maze,CUDA,temporal,bit_planes,bit_planes,,15360,17472,126,1,1,0,0,32,2,42,64,18,64,10.750283,0.317918,0.000000,true,9245552-9244872-9245594-9245912-9243783-9246057-9245852-9244201-9245829-9245606-9245327-9245660-9245327-9245848-9244033-9244905
maze,CUDA,temporal,tiled_bit_planes,tiled_bit_planes,,16224,16240,126,1,1,0,0,32,2,42,64,18,64,8.328771,0.250880,0.000000,true,9076839-9076384-9076584-9077760-9075614-9077057-9075687-9076188-9077934-9077292-9075193-9076703-9076432-9076410-9076847-9075350
maze,CUDA,temporal,bit_planes,bit_planes,,15360,17472,120,1,1,0,0,32,2,42,64,20,64,11.997665,0.372547,0.000000,true,9245560-9244872-9245598-9245912-9243783-9246052-9245852-9244192-9245829-9245598-9245327-9245660-9245327-9245852-9244033-9244905
maze,CUDA,temporal,tiled_bit_planes,tiled_bit_planes,,16224,16240,120,1,1,0,0,32,2,42,64,20,64,7.910002,0.250179,0.000000,true,9076829-9076376-9076584-9077760-9075614-9077057-9075687-9076188-9077934-9077292-9075201-9076703-9076441-9076410-9076847-9075350
maze,CUDA,temporal,bit_planes,bit_planes,,15360,17460,110,1,1,0,0,32,2,42,64,22,64,13.023740,0.441476,0.000000,true,9239200-9238580-9239248-9239538-9237368-9239633-9239498-9237791-9239544-9239218-9239070-9239299-9238925-9239405-9237707-9238478
maze,CUDA,temporal,tiled_bit_planes,tiled_bit_planes,,16224,16240,110,1,1,0,0,32,2,42,64,22,64,7.233751,0.249590,0.000000,true,9076847-9076368-9076621-9077784-9075648-9077048-9075691-9076153-9077874-9077272-9075162-9076663-9076446-9076438-9076780-9075300
maze,CUDA,temporal,bit_planes,bit_planes,,15360,17472,120,1,1,0,0,32,2,42,64,24,64,17.782536,0.552177,0.000000,true,9245560-9244872-9245598-9245912-9243783-9246052-9245852-9244192-9245829-9245598-9245327-9245660-9245327-9245852-9244033-9244905
maze,CUDA,temporal,tiled_bit_planes,tiled_bit_planes,,16224,16240,120,1,1,0,0,32,2,42,64,24,64,7.872745,0.249001,0.000000,true,9076829-9076376-9076584-9077760-9075614-9077057-9075687-9076188-9077934-9077292-9075201-9076703-9076441-9076410-9076847-9075350
maze,CUDA,,,,baseline,16384,16384,128,1,1,0,0,32,4,42,0,0,0,434.401967,12.642761,0.000000,true,9247588-9247795-9247184-9247092-9246149-9248328-9248057-9247092-9246830-9246070-9246351-9248344-9245438-9248840-9246723-9246864
maze,CUDA,simple,standard,standard,,16384,16384,128,1,1,0,0,32,4,42,0,0,0,469.759523,13.671802,0.000000,true,9247588-9247795-9247184-9247092-9246149-9248328-9248057-9247092-9246830-9246070-9246351-9248344-9245438-9248840-9246723-9246864
maze,CUDA,simple,bit_array,bit_array,,16384,16384,128,1,1,0,0,32,4,42,32,0,0,156.827162,4.564271,0.000000,true,9247588-9247795-9247184-9247092-9246149-9248328-9248057-9247092-9246830-9246070-9246351-9248344-9245438-9248840-9246723-9246864
maze,CUDA,simple,bit_planes,bit_planes,,16384,16384,128,1,1,0,0,32,4,42,32,0,0,15.644336,0.455310,0.000000,true,9247588-9247795-9247184-9247092-9246149-9248328-9248057-9247092-9246830-9246070-9246351-9248344-9245438-9248840-9246723-9246864
maze,CUDA,simple,tiled_bit_planes,tiled_bit_planes,,16384,16384,128,1,1,0,0,32,4,42,32,0,0,17.999226,0.523846,0.000000,true,9247588-9247795-9247184-9247092-9246149-9248328-9248057-9247092-9246830-9246070-9246351-9248344-9245438-9248840-9246723-9246864
maze,CUDA,temporal,bit_planes,bit_planes,,16320,16368,128,1,1,0,0,32,4,42,32,2,128,9.254742,0.270669,0.000000,true,9202365-9202259-9202050-9202087-9201254-9202079-9201319-9203623-9202058-9203116-9201410-9202747-9202106-9201499-9201566-9203405
maze,CUDA,temporal,tiled_bit_planes,tiled_bit_planes,,16320,16128,128,1,1,0,0,32,4,42,32,2,128,11.428997,0.339233,0.000000,true,9067599-9067460-9066996-9067252-9066298-9066990-9066505-9068420-9067090-9068158-9066485-9068035-9067101-9066476-9066632-9068505
maze,CUDA,temporal,bit_planes,bit_planes,,16320,16348,126,1,1,0,0,32,4,42,32,3,128,7.811091,0.232357,0.000000,true,9191110-9190943-9190747-9190838-9190088-9190834-9190016-9192458-9190809-9191914-9190169-9191500-9190874-9190262-9190285-9192212
maze,CUDA,temporal,tiled_bit_planes,tiled_bit_planes,,16320,16128,126,1,1,0,0,32,4,42,32,3,128,9.900287,0.298522,0.000000,true,9067615-9067469-9066998-9067257-9066359-9066983-9066432-9068507-9067116-9068156-9066481-9068066-9067069-9066489-9066601-9068491
maze,CUDA,temporal,bit_planes,bit_planes,,16320,16440,128,1,1,0,0,32,4,42,32,4,128,7.606008,0.221475,0.000000,true,9242811-9242731-9242448-9242534-9241699-9242456-9242023-9244125-9242631-9243744-9241819-9243453-9242405-9241820-9241990-9243659
maze,CUDA,temporal,tiled_bit_planes,tiled_bit_planes,,16320,16128,128,1,1,0,0,32,4,42,32,4,128,9.500637,0.281995,0.000000,true,9067599-9067460-9066996-9067252-9066298-9066990-9066505-9068420-9067090-9068158-9066485-9068035-9067101-9066476-9066632-9068505
maze,CUDA,temporal,bit_planes,bit_planes,,16320,16402,125,1,1,0,0,32,4,42,32,5,128,7.109451,0.212476,0.000000,true,9222720-9222300-9221948-9222375-9221479-9222279-9221542-9223858-9222045-9223346-9221518-9223076-9217746-9217193-9217151-9218830
maze,CUDA,temporal,tiled_bit_planes,tiled_bit_planes,,16320,16368,125,1,1,0,0,32,4,42,32,5,128,9.005002,0.269686,0.000000,true,9202460-9202052-9201799-9202131-9201225-9202143-9201224-9203584-9201966-9203014-9201249-9202731-9201947-9201525-9201437-9203207
maze,CUDA,temporal,bit_planes,bit_planes,,16320,16356,126,1,1,0,0,32,4,42,32,6,128,7.323047,0.217733,0.000000,true,9195584-9195478-9195232-9195366-9194534-9195303-9194514-9196955-9195372-9196494-9194680-9196037-9195340-9194673-9194748-9196692
maze,CUDA,temporal,tiled_bit_planes,tiled_bit_planes,,16320,16368,126,1,1,0,0,32,4,42,32,6,128,8.964209,0.266333,0.000000,true,9202381-9202272-9202049-9202092-9201319-9202070-9201257-9203716-9202078-9203126-9201398-9202764-9202082-9201501-9201532-9203391
maze,CUDA,temporal,bit_planes,bit_planes,,16320,16416,126,1,1,0,0,32,4,42,32,7,128,7.137985,0.211455,0.000000,true,9229375-9229307-9228951-9229064-9228288-9228928-9228358-9230732-9229025-9230246-9228329-9229896-9229040-9228337-9228522-9230190
maze,CUDA,temporal,tiled_bit_planes,tiled_bit_planes,,16320,16368,126,1,1,0,0,32,4,42,32,7,128,8.773798,0.260676,0.000000,true,9202381-9202272-9202049-9202092-9201319-9202070-9201257-9203716-9202078-9203126-9201398-9202764-9202082-9201501-9201532-9203391
maze,CUDA,temporal,bit_planes,bit_planes,,16320,16352,128,1,1,0,0,32,4,42,32,8,128,7.148641,0.209277,0.000000,true,9193379-9193301-9193063-9193113-9192203-9193020-9192314-9194622-9193119-9194222-9192505-9193761-9193097-9192388-9192545-9194389
maze,CUDA,temporal,tiled_bit_planes,tiled_bit_planes,,16320,16368,128,1,1,0,0,32,4,42,32,8,128,8.894743,0.260140,0.000000,true,9202365-9202259-9202050-9202087-9201254-9202079-9201319-9203623-9202058-9203116-9201410-9202747-9202106-9201499-9201566-9203405
maze,CUDA,temporal,bit_planes,bit_planes,,16320,16390,126,1,1,0,0,32,4,42,32,9,128,7.323608,0.217298,0.000000,true,9215930-9215767-9215426-9215608-9214770-9215485-9214822-9217243-9215505-9216740-9214899-9216296-9211107-9210394-9210501-9212292
maze,CUDA,temporal,tiled_bit_planes,tiled_bit_planes,,16352,16104,126,1,1,0,0,32,4,42,32,9,128,9.391831,0.283058,0.000000,true,9072632-9071521-9071861-9071566-9070301-9072037-9070701-9071370-9071066-9071722-9071359-9070764-9071601-9070653-9071627-9072120
maze,CUDA,temporal,bit_planes,bit_planes,,16320,16416,120,1,1,0,0,32,4,42,32,10,128,6.917578,0.215172,0.000000,true,9229375-9229307-9228951-9229064-9228288-9228928-9228358-9230732-9229025-9230250-9228329-9229896-9229040-9228337-9228531-9230190
maze,CUDA,temporal,tiled_bit_planes,tiled_bit_planes,,16352,16104,120,1,1,0,0,32,4,42,32,10,128,8.896796,0.281545,0.000000,true,9072632-9071521-9071861-9071566-9070301-9072037-9070701-9071361-9071060-9071722-9071359-9070764-9071601-9070657-9071608-9072120
maze,CUDA,temporal,bit_planes,bit_planes,,16320,16432,120,1,1,0,0,32,4,42,32,12,128,7.111775,0.220997,0.000000,true,9238409-9238174-9237958-9238088-9237211-9237955-9237409-9239694-9238098-9239233-9237298-9238902-9237976-9237415-9237521-9239251
maze,CUDA,temporal,tiled_bit_planes,tiled_bit_planes,,16352,16104,120,1,1,0,0,32,4,42,32,12,128,8.814652,0.278945,0.000000,true,9072632-9071521-9071861-9071566-9070301-9072037-9070701-9071361-9071060-9071722-9071359-9070764-9071601-9070657-9071608-9072120
maze,CUDA,temporal,bit_planes,bit_planes,,16320,16400,126,1,1,0,0,32,4,42,32,14,128,7.699340,0.228307,0.000000,true,9220423-9220288-9219918-9220035-9219284-9219941-9219390-9221775-9219957-9221206-9219401-9220793-9220071-9219409-9219493-9221334
maze,CUDA,temporal,tiled_bit_planes,tiled_bit_planes,,16352,16320,126,1,1,0,0,32,4,42,32,14,128,9.182743,0.273093,0.000000,true,9194323-9193236-9193551-9193230-9192102-9193781-9192303-9193033-9192695-9193267-9193019-9192498-9193452-9192279-9193233-9193762
maze,CUDA,temporal,bit_planes,bit_planes,,16320,16416,128,1,1,0,0,32,4,42,32,16,128,8.065990,0.235212,0.000000,true,9229359-9229294-9228952-9229059-9228223-9228937-9228420-9230639-9229005-9230236-9228341-9229879-9229064-9228333-9228551-9230204
maze,CUDA,temporal,tiled_bit_planes,tiled_bit_planes,,16352,16320,128,1,1,0,0,32,4,42,32,16,128,9.282725,0.271753,0.000000,true,9194329-9193209-9193514-9193217-9192144-9193761-9192272-9193027-9192706-9193217-9192996-9192518-9193430-9192349-9193226-9193761
maze,CUDA,temporal,bit_planes,bit_planes,,16320,16376,126,1,1,0,0,32,4,42,32,18,128,8.188787,0.243176,0.000000,true,9206947-9206823-9206512-9206577-9205762-9206523-9205770-9208244-9206566-9207690-9205869-9207261-9206558-9205905-9206024-9207847
maze,CUDA,temporal,tiled_bit_planes,tiled_bit_planes,,16224,16520,126,1,1,0,0,32,4,42,32,18,128,9.904052,0.293275,0.000000,true,9233441-9232979-9233289-9234414-9232186-9233549-9232207-9232614-9234125-9233680-9231388-9233168-9232901-9232709-9233403-9231953
maze,CUDA,temporal,bit_planes,bit_planes,,16320,16368,120,1,1,0,0,32,4,42,32,20,128,8.044897,0.250971,0.000000,true,9202381-9202272-9202049-9202092-9201319-9202070-9201257-9203716-9202078-9203130-9201398-9202764-9202082-9201501-9201541-9203391
maze,CUDA,temporal,tiled_bit_planes,tiled_bit_planes,,16224,16520,120,1,1,0,0,32,4,42,32,20,128,9.404480,0.292406,0.000000,true,9233431-9232971-9233289-9234414-9232186-9233549-9232207-9232614-9234125-9233680-9231396-9233168-9232910-9232709-9233403-9231953
maze,CUDA,temporal,bit_planes,bit_planes,,16320,16380,110,1,1,0,0,32,4,42,32,22,128,7.865944,0.267500,0.000000,true,9209141-9208964-9208748-9208900-9207925-9208779-9208085-9210411-9208730-9209954-9208091-9209496-9208930-9208122-9208276-9210099
maze,CUDA,temporal,tiled_bit_planes,tiled_bit_planes,,16224,16240,110,1,1,0,0,32,4,42,32,22,128,8.604380,0.296881,0.000000,true,9076847-9076368-9076621-9077784-9075648-9077048-9075691-9076153-9077874-9077272-9075162-9076663-9076446-9076438-9076780-9075300
maze,CUDA,temporal,bit_planes,bit_planes,,16320,16400,120,1,1,0,0,32,4,42,32,24,128,8.829484,0.274910,0.000000,true,9220423-9220288-9219918-9220035-9219284-9219941-9219390-9221775-9219957-9221210-9219401-9220793-9220071-9219409-9219502-9221334
maze,CUDA,temporal,tiled_bit_planes,tiled_bit_planes,,16224,16240,120,1,1,0,0,32,4,42,32,24,128,9.282364,0.293585,0.000000,true,9076829-9076376-9076584-9077760-9075614-9077057-9075687-9076188-9077934-9077292-9075201-9076703-9076441-9076410-9076847-9075350
maze,CUDA,simple,bit_array,bit_array,,16384,16384,128,1,1,0,0,32,4,42,64,0,0,197.658544,5.752621,0.000000,true,9247588-9247795-9247184-9247092-9246149-9248328-9248057-9247092-9246830-9246070-9246351-9248344-9245438-9248840-9246723-9246864
maze,CUDA,simple,bit_planes,bit_planes,,16384,16384,128,1,1,0,0,32,4,42,64,0,0,9.243445,0.269020,0.000000,true,9247588-9247795-9247184-9247092-9246149-9248328-9248057-9247092-9246830-9246070-9246351-9248344-9245438-9248840-9246723-9246864
maze,CUDA,simple,tiled_bit_planes,tiled_bit_planes,,16384,16384,128,1,1,0,0,32,4,42,64,0,0,11.139907,0.324214,0.000000,true,9247588-9247795-9247184-9247092-9246149-9248328-9248057-9247092-9246830-9246070-9246351-9248344-9245438-9248840-9246723-9246864
maze,CUDA,temporal,bit_planes,bit_planes,,15360,17460,128,1,1,0,0,32,4,42,64,2,64,6.953633,0.202566,0.000000,true,9239208-9238580-9239252-9239538-9237368-9239628-9239498-9237782-9239544-9239210-9239070-9239299-9238925-9239409-9237707-9238478
maze,CUDA,temporal,tiled_bit_planes,tiled_bit_planes,,16320,16368,128,1,1,0,0,32,4,42,64,2,64,8.745276,0.255769,0.000000,true,9202365-9202259-9202050-9202087-9201254-9202079-9201319-9203623-9202058-9203116-9201410-9202747-9202106-9201499-9201566-9203405
maze,CUDA,temporal,bit_planes,bit_planes,,15360,17458,126,1,1,0,0,32,4,42,64,3,64,6.583859,0.194861,0.000000,true,9239257-9238545-9239200-9239572-9237375-9239638-9239535-9237834-9239537-9239286-9239004-9239333-9234663-9235220-9233453-9234342
maze,CUDA,temporal,tiled_bit_planes,tiled_bit_planes,,16320,16368,126,1,1,0,0,32,4,42,64,3,64,7.851482,0.233273,0.000000,true,9202381-9202272-9202049-9202092-9201319-9202070-9201257-9203716-9202078-9203126-9201398-9202764-9202082-9201501-9201532-9203391
maze,CUDA,temporal,bit_planes,bit_planes,,15360,17472,128,1,1,0,0,32,4,42,64,4,64,6.287868,0.183046,0.000000,true,9245522-9244889-9245641-9245889-9243776-9246046-9245815-9244149-9245836-9245531-9245392-9245626-9245314-9245809-9244032-9244822
maze,CUDA,temporal,tiled_bit_planes,tiled_bit_planes,,16320,16368,128,1,1,0,0,32,4,42,64,4,64,7.760183,0.226958,0.000000,true,9202365-9202259-9202050-9202087-9201254-9202079-9201319-9203623-9202058-9203116-9201410-9202747-9202106-9201499-9201566-9203405
maze,CUDA,temporal,bit_planes,bit_planes,,15360,17442,125,1,1,0,0,32,4,42,64,5,64,6.160153,0.183948,0.000000,true,9230358-9230101-9230771-9230966-9229003-9231315-9231205-9229260-9231011-9230541-9230453-9230903-9226195-9226474-9224883-9225701
maze,CUDA,temporal,tiled_bit_planes,tiled_bit_planes,,16320,16368,125,1,1,0,0,32,4,42,64,5,64,7.412813,0.222002,0.000000,true,9202460-9202052-9201799-9202131-9201225-9202143-9201224-9203584-9201966-9203014-9201249-9202731-9201947-9201525-9201437-9203207
maze,CUDA,temporal,bit_planes,bit_planes,,15360,17472,126,1,1,0,0,32,4,42,64,6,64,6.412458,0.189636,0.000000,true,9245552-9244872-9245594-9245912-9243783-9246057-9245852-9244201-9245829-9245606-9245327-9245660-9245327-9245848-9244033-9244905
maze,CUDA,temporal,tiled_bit_planes,tiled_bit_planes,,16320,16368,126,1,1,0,0,32,4,42,64,6,64,7.301474,0.216932,0.000000,true,9202381-9202272-9202049-9202092-9201319-9202070-9201257-9203716-9202078-9203126-9201398-9202764-9202082-9201501-9201532-9203391
maze,CUDA,temporal,bit_planes,bit_planes,,15360,17450,126,1,1,0,0,32,4,42,64,7,64,6.537368,0.193573,0.000000,true,9234936-9234282-9234968-9235428-9233200-9235442-9235287-9233568-9235269-9234997-9234749-9235128-9230446-9231044-9229307-9230145
maze,CUDA,temporal,tiled_bit_planes,tiled_bit_planes,,16320,16368,126,1,1,0,0,32,4,42,64,7,64,7.229925,0.214807,0.000000,true,9202381-9202272-9202049-9202092-9201319-9202070-9201257-9203716-9202078-9203126-9201398-9202764-9202082-9201501-9201532-9203391
maze,CUDA,temporal,bit_planes,bit_planes,,15360,17472,128,1,1,0,0,32,4,42,64,8,64,6.824487,0.198667,0.000000,true,9245522-9244889-9245641-9245889-9243776-9246046-9245815-9244149-9245836-9245531-9245392-9245626-9245314-9245809-9244032-9244822
maze,CUDA,temporal,tiled_bit_planes,tiled_bit_planes,,16320,16368,128,1,1,0,0,32,4,42,64,8,64,7.299691,0.213491,0.000000,true,9202365-9202259-9202050-9202087-9201254-9202079-9201319-9203623-9202058-9203116-9201410-9202747-9202106-9201499-9201566-9203405
maze,CUDA,temporal,bit_planes,bit_planes,,15360,17434,126,1,1,0,0,32,4,42,64,9,64,6.915525,0.204959,0.000000,true,9226502-9225843-9226491-9226927-9224663-9227028-9226846-9225152-9226844-9226527-9226285-9226609-9222019-9222526-9220768-9221641
maze,CUDA,temporal,tiled_bit_planes,tiled_bit_planes,,16352,16320,126,1,1,0,0,32,4,42,64,9,64,7.828518,0.232819,0.000000,true,9194323-9193236-9193551-9193230-9192102-9193781-9192303-9193033-9192695-9193267-9193019-9192498-9193452-9192279-9193233-9193762
maze,CUDA,temporal,bit_planes,bit_planes,,15360,17468,120,1,1,0,0,32,4,42,64,10,64,6.740839,0.209362,0.000000,true,9243473-9242731-9243441-9243799-9241683-9243988-9243779-9242068-9243705-9243462-9243194-9243539-9243160-9243699-9241931-9242807
maze,CUDA,temporal,tiled_bit_planes,tiled_bit_planes,,16352,16320,120,1,1,0,0,32,4,42,64,10,64,7.419113,0.231675,0.000000,true,9194323-9193236-9193551-9193230-9192102-9193781-9192303-9193024-9192689-9193267-9193019-9192498-9193452-9192283-9193214-9193762
maze,CUDA,temporal,bit_planes,bit_planes,,15360,17440,120,1,1,0,0,32,4,42,64,12,64,7.279079,0.226442,0.000000,true,9228654-9227910-9228572-9229025-9226763-9229139-9229002-9227229-9229005-9228643-9228450-9228730-9228254-9228891-9227101-9227981
maze,CUDA,temporal,tiled_bit_planes,tiled_bit_planes,,16352,16320,120,1,1,0,0,32,4,42,64,12,64,7.366463,0.230031,0.000000,true,9194323-9193236-9193551-9193230-9192102-9193781-9192303-9193024-9192689-9193267-9193019-9192498-9193452-9192283-9193214-9193762
maze,CUDA,temporal,bit_planes,bit_planes,,15360,17460,126,1,1,0,0,32,4,42,64,14,64,8.581666,0.253960,0.000000,true,9239238-9238563-9239205-9239561-9237375-9239638-9239535-9237834-9239537-9239286-9239004-9239333-9238938-9239448-9237709-9238559
maze,CUDA,temporal,tiled_bit_planes,tiled_bit_planes,,16352,16320,126,1,1,0,0,32,4,42,64,14,64,7.701213,0.229033,0.000000,true,9194323-9193236-9193551-9193230-9192102-9193781-9192303-9193033-9192695-9193267-9193019-9192498-9193452-9192279-9193233-9193762
maze,CUDA,temporal,bit_planes,bit_planes,,15360,17472,128,1,1,0,0,32,4,42,64,16,64,9.957424,0.289870,0.000000,true,9245522-9244889-9245641-9245889-9243776-9246046-9245815-9244149-9245836-9245531-9245392-9245626-9245314-9245809-9244032-9244822
maze,CUDA,temporal,tiled_bit_planes,tiled_bit_planes,,16352,16320,128,1,1,0,0,32,4,42,64,16,64,7.792442,0.228125,0.000000,true,9194329-9193209-9193514-9193217-9192144-9193761-9192272-9193027-9192706-9193217-9192996-9192518-9193430-9192349-9193226-9193761
maze,CUDA,temporal,bit_planes,bit_planes,,15360,17472,126,1,1,0,0,32,4,42,64,18,64,11.015477,0.325761,0.000000,true,9245552-9244872-9245594-9245912-9243783-9246057-9245852-9244201-9245829-9245606-9245327-9245660-9245327-9245848-9244033-9244905
maze,CUDA,temporal,tiled_bit_planes,tiled_bit_planes,,16224,16240,126,1,1,0,0,32,4,42,64,18,64,8.290542,0.249729,0.000000,true,9076839-9076384-9076584-9077760-9075614-9077057-9075687-9076188-9077934-9077292-9075193-9076703-9076432-9076410-9076847-9075350
maze,CUDA,temporal,bit_planes,bit_planes,,15360,17472,120,1,1,0,0,32,4,42,64,20,64,12.301989,0.381997,0.000000,true,9245560-9244872-9245598-9245912-9243783-9246052-9245852-9244192-9245829-9245598-9245327-9245660-9245327-9245852-9244033-9244905
maze,CUDA,temporal,tiled_bit_planes,tiled_bit_planes,,16224,16240,120,1,1,0,0,32,4,42,64,20,64,7.882169,0.249299,0.000000,true,9076829-9076376-9076584-9077760-9075614-9077057-9075687-9076188-9077934-9077292-9075201-9076703-9076441-9076410-9076847-9075350
maze,CUDA,temporal,bit_planes,bit_planes,,15360,17460,110,1,1,0,0,32,4,42,64,22,64,13.404440,0.454381,0.000000,true,9239200-9238580-9239248-9239538-9237368-9239633-9239498-9237791-9239544-9239218-9239070-9239299-9238925-9239405-9237707-9238478
maze,CUDA,temporal,tiled_bit_planes,tiled_bit_planes,,16224,16240,110,1,1,0,0,32,4,42,64,22,64,7.220500,0.249133,0.000000,true,9076847-9076368-9076621-9077784-9075648-9077048-9075691-9076153-9077874-9077272-9075162-9076663-9076446-9076438-9076780-9075300
maze,CUDA,temporal,bit_planes,bit_planes,,15360,17472,120,1,1,0,0,32,4,42,64,24,64,17.490351,0.543105,0.000000,true,9245560-9244872-9245598-9245912-9243783-9246052-9245852-9244192-9245829-9245598-9245327-9245660-9245327-9245852-9244033-9244905
maze,CUDA,temporal,tiled_bit_planes,tiled_bit_planes,,16224,16240,120,1,1,0,0,32,4,42,64,24,64,7.804451,0.246841,0.000000,true,9076829-9076376-9076584-9077760-9075614-9077057-9075687-9076188-9077934-9077292-9075201-9076703-9076441-9076410-9076847-9075350
maze,CUDA,,,,baseline,16384,16384,128,1,1,0,0,32,8,42,0,0,0,439.777675,12.799215,0.000000,true,9247588-9247795-9247184-9247092-9246149-9248328-9248057-9247092-9246830-9246070-9246351-9248344-9245438-9248840-9246723-9246864
maze,CUDA,simple,standard,standard,,16384,16384,128,1,1,0,0,32,8,42,0,0,0,473.960940,13.794079,0.000000,true,9247588-9247795-9247184-9247092-9246149-9248328-9248057-9247092-9246830-9246070-9246351-9248344-9245438-9248840-9246723-9246864
maze,CUDA,simple,bit_array,bit_array,,16384,16384,128,1,1,0,0,32,8,42,32,0,0,152.034994,4.424801,0.000000,true,9247588-9247795-9247184-9247092-9246149-9248328-9248057-9247092-9246830-9246070-9246351-9248344-9245438-9248840-9246723-9246864
maze,CUDA,simple,bit_planes,bit_planes,,16384,16384,128,1,1,0,0,32,8,42,32,0,0,15.623444,0.454702,0.000000,true,9247588-9247795-9247184-9247092-9246149-9248328-9248057-9247092-9246830-9246070-9246351-9248344-9245438-9248840-9246723-9246864
maze,CUDA,simple,tiled_bit_planes,tiled_bit_planes,,16384,16384,128,1,1,0,0,32,8,42,32,0,0,18.250810,0.531168,0.000000,true,9247588-9247795-9247184-9247092-9246149-9248328-9248057-9247092-9246830-9246070-9246351-9248344-9245438-9248840-9246723-9246864
maze,CUDA,temporal,bit_planes,bit_planes,,16320,16368,128,1,1,0,0,32,8,42,32,2,128,7.854597,0.229720,0.000000,true,9202365-9202259-9202050-9202087-9201254-9202079-9201319-9203623-9202058-9203116-9201410-9202747-9202106-9201499-9201566-9203405
maze,CUDA,temporal,tiled_bit_planes,tiled_bit_planes,,16320,16128,128,1,1,0,0,32,8,42,32,2,128,11.701384,0.347317,0.000000,true,9067599-9067460-9066996-9067252-9066298-9066990-9066505-9068420-9067090-9068158-9066485-9068035-9067101-9066476-9066632-9068505
maze,CUDA,temporal,bit_planes,bit_planes,,16320,16348,126,1,1,0,0,32,8,42,32,3,128,7.501759,0.223156,0.000000,true,9191110-9190943-9190747-9190838-9190088-9190834-9190016-9192458-9190809-9191914-9190169-9191500-9190874-9190262-9190285-9192212
maze,CUDA,temporal,tiled_bit_planes,tiled_bit_planes,,16320,16128,126,1,1,0,0,32,8,42,32,3,128,10.254407,0.309200,0.000000,true,9067615-9067469-9066998-9067257-9066359-9066983-9066432-9068507-9067116-9068156-9066481-9068066-9067069-9066489-9066601-9068491
maze,CUDA,temporal,bit_planes,bit_planes,,16320,16440,128,1,1,0,0,32,8,42,32,4,128,7.469961,0.217514,0.000000,true,9242811-9242731-9242448-9242534-9241699-9242456-9242023-9244125-9242631-9243744-9241819-9243453-9242405-9241820-9241990-9243659
maze,CUDA,temporal,tiled_bit_planes,tiled_bit_planes,,16320,16128,128,1,1,0,0,32,8,42,32,4,128,9.788166,0.290530,0.000000,true,9067599-9067460-9066996-9067252-9066298-9066990-9066505-9068420-9067090-9068158-9066485-9068035-9067101-9066476-9066632-9068505
maze,CUDA,temporal,bit_planes,bit_planes,,16320,16402,125,1,1,0,0,32,8,42,32,5,128,7.060367,0.211009,0.000000,true,9222720-9222300-9221948-9222375-9221479-9222279-9221542-9223858-9222045-9223346-9221518-9223076-9217746-9217193-9217151-9218830
maze,CUDA,temporal,tiled_bit_planes,tiled_bit_planes,,16320,16368,125,1,1,0,0,32,8,42,32,5,128,9.247021,0.276934,0.000000,true,9202460-9202052-9201799-9202131-9201225-9202143-9201224-9203584-9201966-9203014-9201249-9202731-9201947-9201525-9201437-9203207
maze,CUDA,temporal,bit_planes,bit_planes,,16320,16356,126,1,1,0,0,32,8,42,32,6,128,7.199498,0.214059,0.000000,true,9195584-9195478-9195232-9195366-9194534-9195303-9194514-9196955-9195372-9196494-9194680-9196037-9195340-9194673-9194748-9196692
maze,CUDA,temporal,tiled_bit_planes,tiled_bit_planes,,16320,16368,126,1,1,0,0,32,8,42,32,6,128,9.161160,0.272185,0.000000,true,9202381-9202272-9202049-9202092-9201319-9202070-9201257-9203716-9202078-9203126-9201398-9202764-9202082-9201501-9201532-9203391
maze,CUDA,temporal,bit_planes,bit_planes,,16320,16416,126,1,1,0,0,32,8,42,32,7,128,7.085574,0.209902,0.000000,true,9229375-9229307-9228951-9229064-9228288-9228928-9228358-9230732-9229025-9230246-9228329-9229896-9229040-9228337-9228522-9230190
maze,CUDA,temporal,tiled_bit_planes,tiled_bit_planes,,16320,16368,126,1,1,0,0,32,8,42,32,7,128,9.054517,0.269017,0.000000,true,9202381-9202272-9202049-9202092-9201319-9202070-9201257-9203716-9202078-9203126-9201398-9202764-9202082-9201501-9201532-9203391
maze,CUDA,temporal,bit_planes,bit_planes,,16320,16352,128,1,1,0,0,32,8,42,32,8,128,7.100317,0.207863,0.000000,true,9193379-9193301-9193063-9193113-9192203-9193020-9192314-9194622-9193119-9194222-9192505-9193761-9193097-9192388-9192545-9194389
maze,CUDA,temporal,tiled_bit_planes,tiled_bit_planes,,16320,16368,128,1,1,0,0,32,8,42,32,8,128,9.117754,0.266663,0.000000,true,9202365-9202259-9202050-9202087-9201254-9202079-9201319-9203623-9202058-9203116-9201410-9202747-9202106-9201499-9201566-9203405
maze,CUDA,temporal,bit_planes,bit_planes,,16320,16390,126,1,1,0,0,32,8,42,32,9,128,7.240811,0.214841,0.000000,true,9215930-9215767-9215426-9215608-9214770-9215485-9214822-9217243-9215505-9216740-9214899-9216296-9211107-9210394-9210501-9212292
maze,CUDA,temporal,tiled_bit_planes,tiled_bit_planes,,16352,16104,126,1,1,0,0,32,8,42,32,9,128,9.673721,0.291554,0.000000,true,9072632-9071521-9071861-9071566-9070301-9072037-9070701-9071370-9071066-9071722-9071359-9070764-9071601-9070653-9071627-9072120
maze,CUDA,temporal,bit_planes,bit_planes,,16320,16416,120,1,1,0,0,32,8,42,32,10,128,6.854202,0.213200,0.000000,true,9229375-9229307-9228951-9229064-9228288-9228928-9228358-9230732-9229025-9230250-9228329-9229896-9229040-9228337-9228531-9230190
maze,CUDA,temporal,tiled_bit_planes,tiled_bit_planes,,16352,16104,120,1,1,0,0,32,8,42,32,10,128,9.167610,0.290115,0.000000,true,9072632-9071521-9071861-9071566-9070301-9072037-9070701-9071361-9071060-9071722-9071359-9070764-9071601-9070657-9071608-9072120
maze,CUDA,temporal,bit_planes,bit_planes,,16320,16432,120,1,1,0,0,32,8,42,32,12,128,7.050701,0.219099,0.000000,true,9238409-9238174-9237958-9238088-9237211-9237955-9237409-9239694-9238098-9239233-9237298-9238902-9237976-9237415-9237521-9239251
maze,CUDA,temporal,tiled_bit_planes,tiled_bit_planes,,16352,16104,120,1,1,0,0,32,8,42,32,12,128,9.094698,0.287808,0.000000,true,9072632-9071521-9071861-9071566-9070301-9072037-9070701-9071361-9071060-9071722-9071359-9070764-9071601-9070657-9071608-9072120
maze,CUDA,temporal,bit_planes,bit_planes,,16320,16400,126,1,1,0,0,32,8,42,32,14,128,7.639920,0.226545,0.000000,true,9220423-9220288-9219918-9220035-9219284-9219941-9219390-9221775-9219957-9221206-9219401-9220793-9220071-9219409-9219493-9221334
maze,CUDA,temporal,tiled_bit_planes,tiled_bit_planes,,16352,16320,126,1,1,0,0,32,8,42,32,14,128,9.499295,0.282507,0.000000,true,9194323-9193236-9193551-9193230-9192102-9193781-9192303-9193033-9192695-9193267-9193019-9192498-9193452-9192279-9193233-9193762
maze,CUDA,temporal,bit_planes,bit_planes,,16320,16416,128,1,1,0,0,32,8,42,32,16,128,8.004355,0.233415,0.000000,true,9229359-9229294-9228952-9229059-9228223-9228937-9228420-9230639-9229005-9230236-9228341-9229879-9229064-9228333-9228551-9230204
maze,CUDA,temporal,tiled_bit_planes,tiled_bit_planes,,16352,16320,128,1,1,0,0,32,8,42,32,16,128,9.610274,0.281342,0.000000,true,9194329-9193209-9193514-9193217-9192144-9193761-9192272-9193027-9192706-9193217-9192996-9192518-9193430-9192349-9193226-9193761
maze,CUDA,temporal,bit_planes,bit_planes,,16320,16376,126,1,1,0,0,32,8,42,32,18,128,8.135866,0.241605,0.000000,true,9206947-9206823-9206512-9206577-9205762-9206523-9205770-9208244-9206566-9207690-9205869-9207261-9206558-9205905-9206024-9207847
maze,CUDA,temporal,tiled_bit_planes,tiled_bit_planes,,16224,16520,126,1,1,0,0,32,8,42,32,18,128,10.416303,0.308443,0.000000,true,9233441-9232979-9233289-9234414-9232186-9233549-9232207-9232614-9234125-9233680-9231388-9233168-9232901-9232709-9233403-9231953
maze,CUDA,temporal,bit_planes,bit_planes,,16320,16368,120,1,1,0,0,32,8,42,32,20,128,8.021091,0.250228,0.000000,true,9202381-9202272-9202049-9202092-9201319-9202070-9201257-9203716-9202078-9203130-9201398-9202764-9202082-9201501-9201541-9203391
maze,CUDA,temporal,tiled_bit_planes,tiled_bit_planes,,16224,16520,120,1,1,0,0,32,8,42,32,20,128,9.836289,0.305831,0.000000,true,9233431-9232971-9233289-9234414-9232186-9233549-9232207-9232614-9234125-9233680-9231396-9233168-9232910-9232709-9233403-9231953
maze,CUDA,temporal,bit_planes,bit_planes,,16320,16380,110,1,1,0,0,32,8,42,32,22,128,7.831562,0.266331,0.000000,true,9209141-9208964-9208748-9208900-9207925-9208779-9208085-9210411-9208730-9209954-9208091-9209496-9208930-9208122-9208276-9210099
maze,CUDA,temporal,tiled_bit_planes,tiled_bit_planes,,16224,16240,110,1,1,0,0,32,8,42,32,22,128,9.024070,0.311362,0.000000,true,9076847-9076368-9076621-9077784-9075648-9077048-9075691-9076153-9077874-9077272-9075162-9076663-9076446-9076438-9076780-9075300
maze,CUDA,temporal,bit_planes,bit_planes,,16320,16400,120,1,1,0,0,32,8,42,32,24,128,8.797916,0.273927,0.000000,true,9220423-9220288-9219918-9220035-9219284-9219941-9219390-9221775-9219957-9221210-9219401-9220793-9220071-9219409-9219502-9221334
maze,CUDA,temporal,tiled_bit_planes,tiled_bit_planes,,16224,16240,120,1,1,0,0,32,8,42,32,24,128,9.821035,0.310622,0.000000,true,9076829-9076376-9076584-9077760-9075614-9077057-9075687-9076188-9077934-9077292-9075201-9076703-9076441-9076410-9076847-9075350
maze,CUDA,simple,bit_array,bit_array,,16384,16384,128,1,1,0,0,32,8,42,64,0,0,179.640438,5.228225,0.000000,true,9247588-9247795-9247184-9247092-9246149-9248328-9248057-9247092-9246830-9246070-9246351-9248344-9245438-9248840-9246723-9246864
maze,CUDA,simple,bit_planes,bit_planes,,16384,16384,128,1,1,0,0,32,8,42,64,0,0,9.452584,0.275106,0.000000,true,9247588-9247795-9247184-9247092-9246149-9248328-9248057-9247092-9246830-9246070-9246351-9248344-9245438-9248840-9246723-9246864
maze,CUDA,simple,tiled_bit_planes,tiled_bit_planes,,16384,16384,128,1,1,0,0,32,8,42,64,0,0,11.437340,0.332870,0.000000,true,9247588-9247795-9247184-9247092-9246149-9248328-9248057-9247092-9246830-9246070-9246351-9248344-9245438-9248840-9246723-9246864
maze,CUDA,temporal,bit_planes,bit_planes,,15360,17460,128,1,1,0,0,32,8,42,64,2,64,6.436394,0.187498,0.000000,true,9239208-9238580-9239252-9239538-9237368-9239628-9239498-9237782-9239544-9239210-9239070-9239299-9238925-9239409-9237707-9238478
maze,CUDA,temporal,tiled_bit_planes,tiled_bit_planes,,16320,16368,128,1,1,0,0,32,8,42,64,2,64,8.330834,0.243648,0.000000,true,9202365-9202259-9202050-9202087-9201254-9202079-9201319-9203623-9202058-9203116-9201410-9202747-9202106-9201499-9201566-9203405
maze,CUDA,temporal,bit_planes,bit_planes,,15360,17458,126,1,1,0,0,32,8,42,64,3,64,5.956532,0.176294,0.000000,true,9239257-9238545-9239200-9239572-9237375-9239638-9239535-9237834-9239537-9239286-9239004-9239333-9234663-9235220-9233453-9234342
maze,CUDA,temporal,tiled_bit_planes,tiled_bit_planes,,16320,16368,126,1,1,0,0,32,8,42,64,3,64,7.571866,0.224966,0.000000,true,9202381-9202272-9202049-9202092-9201319-9202070-9201257-9203716-9202078-9203126-9201398-9202764-9202082-9201501-9201532-9203391
maze,CUDA,temporal,bit_planes,bit_planes,,15360,17472,128,1,1,0,0,32,8,42,64,4,64,5.813135,0.169226,0.000000,true,9245522-9244889-9245641-9245889-9243776-9246046-9245815-9244149-9245836-9245531-9245392-9245626-9245314-9245809-9244032-9244822
maze,CUDA,temporal,tiled_bit_planes,tiled_bit_planes,,16320,16368,128,1,1,0,0,32,8,42,64,4,64,7.454027,0.218004,0.000000,true,9202365-9202259-9202050-9202087-9201254-9202079-9201319-9203623-9202058-9203116-9201410-9202747-9202106-9201499-9201566-9203405
maze,CUDA,temporal,bit_planes,bit_planes,,15360,17442,125,1,1,0,0,32,8,42,64,5,64,5.705250,0.170364,0.000000,true,9230358-9230101-9230771-9230966-9229003-9231315-9231205-9229260-9231011-9230541-9230453-9230903-9226195-9226474-9224883-9225701
maze,CUDA,temporal,tiled_bit_planes,tiled_bit_planes,,16320,16368,125,1,1,0,0,32,8,42,64,5,64,7.152116,0.214195,0.000000,true,9202460-9202052-9201799-9202131-9201225-9202143-9201224-9203584-9201966-9203014-9201249-9202731-9201947-9201525-9201437-9203207
maze,CUDA,temporal,bit_planes,bit_planes,,15360,17472,126,1,1,0,0,32,8,42,64,6,64,5.947509,0.175886,0.000000,true,9245552-9244872-9245594-9245912-9243783-9246057-9245852-9244201-9245829-9245606-9245327-9245660-9245327-9245848-9244033-9244905
maze,CUDA,temporal,tiled_bit_planes,tiled_bit_planes,,16320,16368,126,1,1,0,0,32,8,42,64,6,64,7.112505,0.211318,0.000000,true,9202381-9202272-9202049-9202092-9201319-9202070-9201257-9203716-9202078-9203126-9201398-9202764-9202082-9201501-9201532-9203391
maze,CUDA,temporal,bit_planes,bit_planes,,15360,17450,126,1,1,0,0,32,8,42,64,7,64,6.104800,0.180765,0.000000,true,9234936-9234282-9234968-9235428-9233200-9235442-9235287-9233568-9235269-9234997-9234749-9235128-9230446-9231044-9229307-9230145
maze,CUDA,temporal,tiled_bit_planes,tiled_bit_planes,,16320,16368,126,1,1,0,0,32,8,42,64,7,64,7.029129,0.208841,0.000000,true,9202381-9202272-9202049-9202092-9201319-9202070-9201257-9203716-9202078-9203126-9201398-9202764-9202082-9201501-9201532-9203391
maze,CUDA,temporal,bit_planes,bit_planes,,15360,17472,128,1,1,0,0,32,8,42,64,8,64,6.289390,0.183090,0.000000,true,9245522-9244889-9245641-9245889-9243776-9246046-9245815-9244149-9245836-9245531-9245392-9245626-9245314-9245809-9244032-9244822
maze,CUDA,temporal,tiled_bit_planes,tiled_bit_planes,,16320,16368,128,1,1,0,0,32,8,42,64,8,64,7.089290,0.207337,0.000000,true,9202365-9202259-9202050-9202087-9201254-9202079-9201319-9203623-9202058-9203116-9201410-9202747-9202106-9201499-9201566-9203405
maze,CUDA,temporal,bit_planes,bit_planes,,15360,17434,126,1,1,0,0,32,8,42,64,9,64,6.367289,0.188710,0.000000,true,9226502-9225843-9226491-9226927-9224663-9227028-9226846-9225152-9226844-9226527-9226285-9226609-9222019-9222526-9220768-9221641
maze,CUDA,temporal,tiled_bit_planes,tiled_bit_planes,,16352,16320,126,1,1,0,0,32,8,42,64,9,64,7.614902,0.226466,0.000000,true,9194323-9193236-9193551-9193230-9192102-9193781-9192303-9193033-9192695-9193267-9193019-9192498-9193452-9192279-9193233-9193762
maze,CUDA,temporal,bit_planes,bit_planes,,15360,17468,120,1,1,0,0,32,8,42,64,10,64,6.264773,0.194576,0.000000,true,9243473-9242731-9243441-9243799-9241683-9243988-9243779-9242068-9243705-9243462-9243194-9243539-9243160-9243699-9241931-9242807
maze,CUDA,temporal,tiled_bit_planes,tiled_bit_planes,,16352,16320,120,1,1,0,0,32,8,42,64,10,64,7.208162,0.225088,0.000000,true,9194323-9193236-9193551-9193230-9192102-9193781-9192303-9193024-9192689-9193267-9193019-9192498-9193452-9192283-9193214-9193762
maze,CUDA,temporal,bit_planes,bit_planes,,15360,17440,120,1,1,0,0,32,8,42,64,12,64,6.838378,0.212733,0.000000,true,9228654-9227910-9228572-9229025-9226763-9229139-9229002-9227229-9229005-9228643-9228450-9228730-9228254-9228891-9227101-9227981
maze,CUDA,temporal,tiled_bit_planes,tiled_bit_planes,,16352,16320,120,1,1,0,0,32,8,42,64,12,64,7.230836,0.225796,0.000000,true,9194323-9193236-9193551-9193230-9192102-9193781-9192303-9193024-9192689-9193267-9193019-9192498-9193452-9192283-9193214-9193762
maze,CUDA,temporal,bit_planes,bit_planes,,15360,17460,126,1,1,0,0,32,8,42,64,14,64,8.038387,0.237883,0.000000,true,9239238-9238563-9239205-9239561-9237375-9239638-9239535-9237834-9239537-9239286-9239004-9239333-9238938-9239448-9237709-9238559
maze,CUDA,temporal,tiled_bit_planes,tiled_bit_planes,,16352,16320,126,1,1,0,0,32,8,42,64,14,64,7.483722,0.222565,0.000000,true,9194323-9193236-9193551-9193230-9192102-9193781-9192303-9193033-9192695-9193267-9193019-9192498-9193452-9192279-9193233-9193762
maze,CUDA,temporal,bit_planes,bit_planes,,15360,17472,128,1,1,0,0,32,8,42,64,16,64,9.044702,0.263300,0.000000,true,9245522-9244889-9245641-9245889-9243776-9246046-9245815-9244149-9245836-9245531-9245392-9245626-9245314-9245809-9244032-9244822
maze,CUDA,temporal,tiled_bit_planes,tiled_bit_planes,,16352,16320,128,1,1,0,0,32,8,42,64,16,64,7.640530,0.223678,0.000000,true,9194329-9193209-9193514-9193217-9192144-9193761-9192272-9193027-9192706-9193217-9192996-9192518-9193430-9192349-9193226-9193761
maze,CUDA,temporal,bit_planes,bit_planes,,15360,17472,126,1,1,0,0,32,8,42,64,18,64,10.075373,0.297959,0.000000,true,9245552-9244872-9245594-9245912-9243783-9246057-9245852-9244201-9245829-9245606-9245327-9245660-9245327-9245848-9244033-9244905
maze,CUDA,temporal,tiled_bit_planes,tiled_bit_planes,,16224,16240,126,1,1,0,0,32,8,42,64,18,64,8.169537,0.246084,0.000000,true,9076839-9076384-9076584-9077760-9075614-9077057-9075687-9076188-9077934-9077292-9075193-9076703-9076432-9076410-9076847-9075350
maze,CUDA,temporal,bit_planes,bit_planes,,15360,17472,120,1,1,0,0,32,8,42,64,20,64,11.302926,0.350975,0.000000,true,9245560-9244872-9245598-9245912-9243783-9246052-9245852-9244192-9245829-9245598-9245327-9245660-9245327-9245852-9244033-9244905
maze,CUDA,temporal,tiled_bit_planes,tiled_bit_planes,,16224,16240,120,1,1,0,0,32,8,42,64,20,64,7.769087,0.245722,0.000000,true,9076829-9076376-9076584-9077760-9075614-9077057-9075687-9076188-9077934-9077292-9075201-9076703-9076441-9076410-9076847-9075350
maze,CUDA,temporal,bit_planes,bit_planes,,15360,17460,110,1,1,0,0,32,8,42,64,22,64,12.315280,0.417461,0.000000,true,9239200-9238580-9239248-9239538-9237368-9239633-9239498-9237791-9239544-9239218-9239070-9239299-9238925-9239405-9237707-9238478
maze,CUDA,temporal,tiled_bit_planes,tiled_bit_planes,,16224,16240,110,1,1,0,0,32,8,42,64,22,64,7.112806,0.245417,0.000000,true,9076847-9076368-9076621-9077784-9075648-9077048-9075691-9076153-9077874-9077272-9075162-9076663-9076446-9076438-9076780-9075300
maze,CUDA,temporal,bit_planes,bit_planes,,15360,17472,120,1,1,0,0,32,8,42,64,24,64,16.631711,0.516442,0.000000,true,9245560-9244872-9245598-9245912-9243783-9246052-9245852-9244192-9245829-9245598-9245327-9245660-9245327-9245852-9244033-9244905
maze,CUDA,temporal,tiled_bit_planes,tiled_bit_planes,,16224,16240,120,1,1,0,0,32,8,42,64,24,64,7.743848,0.244924,0.000000,true,9076829-9076376-9076584-9077760-9075614-9077057-9075687-9076188-9077934-9077292-9075201-9076703-9076441-9076410-9076847-9075350
maze,CUDA,,,,baseline,16384,16384,128,1,1,0,0,32,16,42,0,0,0,455.334295,13.251972,0.000000,true,9247588-9247795-9247184-9247092-9246149-9248328-9248057-9247092-9246830-9246070-9246351-9248344-9245438-9248840-9246723-9246864
maze,CUDA,simple,standard,standard,,16384,16384,128,1,1,0,0,32,16,42,0,0,0,493.807481,14.371689,0.000000,true,9247588-9247795-9247184-9247092-9246149-9248328-9248057-9247092-9246830-9246070-9246351-9248344-9245438-9248840-9246723-9246864
maze,CUDA,simple,bit_array,bit_array,,16384,16384,128,1,1,0,0,32,16,42,32,0,0,154.366518,4.492657,0.000000,true,9247588-9247795-9247184-9247092-9246149-9248328-9248057-9247092-9246830-9246070-9246351-9248344-9245438-9248840-9246723-9246864
maze,CUDA,simple,bit_planes,bit_planes,,16384,16384,128,1,1,0,0,32,16,42,32,0,0,16.145410,0.469893,0.000000,true,9247588-9247795-9247184-9247092-9246149-9248328-9248057-9247092-9246830-9246070-9246351-9248344-9245438-9248840-9246723-9246864
maze,CUDA,simple,tiled_bit_planes,tiled_bit_planes,,16384,16384,128,1,1,0,0,32,16,42,32,0,0,18.812376,0.547512,0.000000,true,9247588-9247795-9247184-9247092-9246149-9248328-9248057-9247092-9246830-9246070-9246351-9248344-9245438-9248840-9246723-9246864
maze,CUDA,temporal,bit_planes,bit_planes,,16320,16368,128,1,1,0,0,32,16,42,32,2,128,7.723938,0.225898,0.000000,true,9202365-9202259-9202050-9202087-9201254-9202079-9201319-9203623-9202058-9203116-9201410-9202747-9202106-9201499-9201566-9203405
maze,CUDA,temporal,tiled_bit_planes,tiled_bit_planes,,16320,16128,128,1,1,0,0,32,16,42,32,2,128,11.781486,0.349695,0.000000,true,9067599-9067460-9066996-9067252-9066298-9066990-9066505-9068420-9067090-9068158-9066485-9068035-9067101-9066476-9066632-9068505
maze,CUDA,temporal,bit_planes,bit_planes,,16320,16348,126,1,1,0,0,32,16,42,32,3,128,7.720363,0.229658,0.000000,true,9191110-9190943-9190747-9190838-9190088-9190834-9190016-9192458-9190809-9191914-9190169-9191500-9190874-9190262-9190285-9192212
maze,CUDA,temporal,tiled_bit_planes,tiled_bit_planes,,16320,16128,126,1,1,0,0,32,16,42,32,3,128,10.448543,0.315054,0.000000,true,9067615-9067469-9066998-9067257-9066359-9066983-9066432-9068507-9067116-9068156-9066481-9068066-9067069-9066489-9066601-9068491
maze,CUDA,temporal,bit_planes,bit_planes,,16320,16440,128,1,1,0,0,32,16,42,32,4,128,7.392393,0.215255,0.000000,true,9242811-9242731-9242448-9242534-9241699-9242456-9242023-9244125-9242631-9243744-9241819-9243453-9242405-9241820-9241990-9243659
maze,CUDA,temporal,tiled_bit_planes,tiled_bit_planes,,16320,16128,128,1,1,0,0,32,16,42,32,4,128,10.023234,0.297507,0.000000,true,9067599-9067460-9066996-9067252-9066298-9066990-9066505-9068420-9067090-9068158-9066485-9068035-9067101-9066476-9066632-9068505
maze,CUDA,temporal,bit_planes,bit_planes,,16320,16402,125,1,1,0,0,32,16,42,32,5,128,6.764976,0.202181,0.000000,true,9222720-9222300-9221948-9222375-9221479-9222279-9221542-9223858-9222045-9223346-9221518-9223076-9217746-9217193-9217151-9218830
maze,CUDA,temporal,tiled_bit_planes,tiled_bit_planes,,16320,16368,125,1,1,0,0,32,16,42,32,5,128,9.606730,0.287707,0.000000,true,9202460-9202052-9201799-9202131-9201225-9202143-9201224-9203584-9201966-9203014-9201249-9202731-9201947-9201525-9201437-9203207
maze,CUDA,temporal,bit_planes,bit_planes,,16320,16356,126,1,1,0,0,32,16,42,32,6,128,6.737253,0.200316,0.000000,true,9195584-9195478-9195232-9195366-9194534-9195303-9194514-9196955-9195372-9196494-9194680-9196037-9195340-9194673-9194748-9196692
maze,CUDA,temporal,tiled_bit_planes,tiled_bit_planes,,16320,16368,126,1,1,0,0,32,16,42,32,6,128,9.435598,0.280339,0.000000,true,9202381-9202272-9202049-9202092-9201319-9202070-9201257-9203716-9202078-9203126-9201398-9202764-9202082-9201501-9201532-9203391
maze,CUDA,temporal,bit_planes,bit_planes,,16320,16416,126,1,1,0,0,32,16,42,32,7,128,6.571070,0.194661,0.000000,true,9229375-9229307-9228951-9229064-9228288-9228928-9228358-9230732-9229025-9230246-9228329-9229896-9229040-9228337-9228522-9230190
maze,CUDA,temporal,tiled_bit_planes,tiled_bit_planes,,16320,16368,126,1,1,0,0,32,16,42,32,7,128,9.182502,0.272819,0.000000,true,9202381-9202272-9202049-9202092-9201319-9202070-9201257-9203716-9202078-9203126-9201398-9202764-9202082-9201501-9201532-9203391
maze,CUDA,temporal,bit_planes,bit_planes,,16320,16352,128,1,1,0,0,32,16,42,32,8,128,6.375692,0.186649,0.000000,true,9193379-9193301-9193063-9193113-9192203-9193020-9192314-9194622-9193119-9194222-9192505-9193761-9193097-9192388-9192545-9194389
maze,CUDA,temporal,tiled_bit_planes,tiled_bit_planes,,16320,16368,128,1,1,0,0,32,16,42,32,8,128,9.191536,0.268820,0.000000,true,9202365-9202259-9202050-9202087-9201254-9202079-9201319-9203623-9202058-9203116-9201410-9202747-9202106-9201499-9201566-9203405
maze,CUDA,temporal,bit_planes,bit_planes,,16320,16390,126,1,1,0,0,32,16,42,32,9,128,6.459991,0.191674,0.000000,true,9215930-9215767-9215426-9215608-9214770-9215485-9214822-9217243-9215505-9216740-9214899-9216296-9211107-9210394-9210501-9212292
maze,CUDA,temporal,tiled_bit_planes,tiled_bit_planes,,16352,16104,126,1,1,0,0,32,16,42,32,9,128,9.559246,0.288103,0.000000,true,9072632-9071521-9071861-9071566-9070301-9072037-9070701-9071370-9071066-9071722-9071359-9070764-9071601-9070653-9071627-9072120
maze,CUDA,temporal,bit_planes,bit_planes,,16320,16416,120,1,1,0,0,32,16,42,32,10,128,6.105110,0.189900,0.000000,true,9229375-9229307-9228951-9229064-9228288-9228928-9228358-9230732-9229025-9230250-9228329-9229896-9229040-9228337-9228531-9230190
maze,CUDA,temporal,tiled_bit_planes,tiled_bit_planes,,16352,16104,120,1,1,0,0,32,16,42,32,10,128,9.026474,0.285649,0.000000,true,9072632-9071521-9071861-9071566-9070301-9072037-9070701-9071361-9071060-9071722-9071359-9070764-9071601-9070657-9071608-9072120
maze,CUDA,temporal,bit_planes,bit_planes,,16320,16432,120,1,1,0,0,32,16,42,32,12,128,6.282741,0.195235,0.000000,true,9238409-9238174-9237958-9238088-9237211-9237955-9237409-9239694-9238098-9239233-9237298-9238902-9237976-9237415-9237521-9239251
maze,CUDA,temporal,tiled_bit_planes,tiled_bit_planes,,16352,16104,120,1,1,0,0,32,16,42,32,12,128,8.895885,0.281516,0.000000,true,9072632-9071521-9071861-9071566-9070301-9072037-9070701-9071361-9071060-9071722-9071359-9070764-9071601-9070657-9071608-9072120
maze,CUDA,temporal,bit_planes,bit_planes,,16320,16400,126,1,1,0,0,32,16,42,32,14,128,6.804526,0.201773,0.000000,true,9220423-9220288-9219918-9220035-9219284-9219941-9219390-9221775-9219957-9221206-9219401-9220793-9220071-9219409-9219493-9221334
maze,CUDA,temporal,tiled_bit_planes,tiled_bit_planes,,16352,16320,126,1,1,0,0,32,16,42,32,14,128,9.433344,0.280546,0.000000,true,9194323-9193236-9193551-9193230-9192102-9193781-9192303-9193033-9192695-9193267-9193019-9192498-9193452-9192279-9193233-9193762
maze,CUDA,temporal,bit_planes,bit_planes,,16320,16416,128,1,1,0,0,32,16,42,32,16,128,7.129832,0.207913,0.000000,true,9229359-9229294-9228952-9229059-9228223-9228937-9228420-9230639-9229005-9230236-9228341-9229879-9229064-9228333-9228551-9230204
maze,CUDA,temporal,tiled_bit_planes,tiled_bit_planes,,16352,16320,128,1,1,0,0,32,16,42,32,16,128,9.533868,0.279105,0.000000,true,9194329-9193209-9193514-9193217-9192144-9193761-9192272-9193027-9192706-9193217-9192996-9192518-9193430-9192349-9193226-9193761
maze,CUDA,temporal,bit_planes,bit_planes,,16320,16376,126,1,1,0,0,32,16,42,32,18,128,7.246871,0.215205,0.000000,true,9206947-9206823-9206512-9206577-9205762-9206523-9205770-9208244-9206566-9207690-9205869-9207261-9206558-9205905-9206024-9207847
maze,CUDA,temporal,tiled_bit_planes,tiled_bit_planes,,16224,16520,126,1,1,0,0,32,16,42,32,18,128,10.210530,0.302350,0.000000,true,9233441-9232979-9233289-9234414-9232186-9233549-9232207-9232614-9234125-9233680-9231388-9233168-9232901-9232709-9233403-9231953
maze,CUDA,temporal,bit_planes,bit_planes,,16320,16368,120,1,1,0,0,32,16,42,32,20,128,7.125465,0.222288,0.000000,true,9202381-9202272-9202049-9202092-9201319-9202070-9201257-9203716-9202078-9203130-9201398-9202764-9202082-9201501-9201541-9203391
maze,CUDA,temporal,tiled_bit_planes,tiled_bit_planes,,16224,16520,120,1,1,0,0,32,16,42,32,20,128,9.699861,0.301590,0.000000,true,9233431-9232971-9233289-9234414-9232186-9233549-9232207-9232614-9234125-9233680-9231396-9233168-9232910-9232709-9233403-9231953
maze,CUDA,temporal,bit_planes,bit_planes,,16320,16380,110,1,1,0,0,32,16,42,32,22,128,6.978702,0.237327,0.000000,true,9209141-9208964-9208748-9208900-9207925-9208779-9208085-9210411-9208730-9209954-9208091-9209496-9208930-9208122-9208276-9210099
maze,CUDA,temporal,tiled_bit_planes,tiled_bit_planes,,16224,16240,110,1,1,0,0,32,16,42,32,22,128,8.889766,0.306728,0.000000,true,9076847-9076368-9076621-9077784-9075648-9077048-9075691-9076153-9077874-9077272-9075162-9076663-9076446-9076438-9076780-9075300
maze,CUDA,temporal,bit_planes,bit_planes,,16320,16400,120,1,1,0,0,32,16,42,32,24,128,7.837561,0.244026,0.000000,true,9220423-9220288-9219918-9220035-9219284-9219941-9219390-9221775-9219957-9221210-9219401-9220793-9220071-9219409-9219502-9221334
maze,CUDA,temporal,tiled_bit_planes,tiled_bit_planes,,16224,16240,120,1,1,0,0,32,16,42,32,24,128,9.745130,0.308221,0.000000,true,9076829-9076376-9076584-9077760-9075614-9077057-9075687-9076188-9077934-9077292-9075201-9076703-9076441-9076410-9076847-9075350
maze,CUDA,simple,bit_array,bit_array,,16384,16384,128,1,1,0,0,32,16,42,64,0,0,179.480474,5.223569,0.000000,true,9247588-9247795-9247184-9247092-9246149-9248328-9248057-9247092-9246830-9246070-9246351-9248344-9245438-9248840-9246723-9246864
maze,CUDA,simple,bit_planes,bit_planes,,16384,16384,128,1,1,0,0,32,16,42,64,0,0,9.947789,0.289519,0.000000,true,9247588-9247795-9247184-9247092-9246149-9248328-9248057-9247092-9246830-9246070-9246351-9248344-9245438-9248840-9246723-9246864
maze,CUDA,simple,tiled_bit_planes,tiled_bit_planes,,16384,16384,128,1,1,0,0,32,16,42,64,0,0,11.772151,0.342615,0.000000,true,9247588-9247795-9247184-9247092-9246149-9248328-9248057-9247092-9246830-9246070-9246351-9248344-9245438-9248840-9246723-9246864
maze,CUDA,temporal,bit_planes,bit_planes,,15360,17460,128,1,1,0,0,32,16,42,64,2,64,6.885199,0.200572,0.000000,true,9239208-9238580-9239252-9239538-9237368-9239628-9239498-9237782-9239544-9239210-9239070-9239299-9238925-9239409-9237707-9238478
maze,CUDA,temporal,tiled_bit_planes,tiled_bit_planes,,16320,16368,128,1,1,0,0,32,16,42,64,2,64,9.179067,0.268456,0.000000,true,9202365-9202259-9202050-9202087-9201254-9202079-9201319-9203623-9202058-9203116-9201410-9202747-9202106-9201499-9201566-9203405
maze,CUDA,temporal,bit_planes,bit_planes,,15360,17458,126,1,1,0,0,32,16,42,64,3,64,6.402002,0.189478,0.000000,true,9239257-9238545-9239200-9239572-9237375-9239638-9239535-9237834-9239537-9239286-9239004-9239333-9234663-9235220-9233453-9234342
maze,CUDA,temporal,tiled_bit_planes,tiled_bit_planes,,16320,16368,126,1,1,0,0,32,16,42,64,3,64,8.296641,0.246499,0.000000,true,9202381-9202272-9202049-9202092-9201319-9202070-9201257-9203716-9202078-9203126-9201398-9202764-9202082-9201501-9201532-9203391
maze,CUDA,temporal,bit_planes,bit_planes,,15360,17472,128,1,1,0,0,32,16,42,64,4,64,6.052910,0.176206,0.000000,true,9245522-9244889-9245641-9245889-9243776-9246046-9245815-9244149-9245836-9245531-9245392-9245626-9245314-9245809-9244032-9244822
maze,CUDA,temporal,tiled_bit_planes,tiled_bit_planes,,16320,16368,128,1,1,0,0,32,16,42,64,4,64,7.899806,0.231042,0.000000,true,9202365-9202259-9202050-9202087-9201254-9202079-9201319-9203623-9202058-9203116-9201410-9202747-9202106-9201499-9201566-9203405
maze,CUDA,temporal,bit_planes,bit_planes,,15360,17442,125,1,1,0,0,32,16,42,64,5,64,5.858433,0.174938,0.000000,true,9230358-9230101-9230771-9230966-9229003-9231315-9231205-9229260-9231011-9230541-9230453-9230903-9226195-9226474-9224883-9225701
maze,CUDA,temporal,tiled_bit_planes,tiled_bit_planes,,16320,16368,125,1,1,0,0,32,16,42,64,5,64,7.381375,0.221061,0.000000,true,9202460-9202052-9201799-9202131-9201225-9202143-9201224-9203584-9201966-9203014-9201249-9202731-9201947-9201525-9201437-9203207
maze,CUDA,temporal,bit_planes,bit_planes,,15360,17472,126,1,1,0,0,32,16,42,64,6,64,6.006859,0.177641,0.000000,true,9245552-9244872-9245594-9245912-9243783-9246057-9245852-9244201-9245829-9245606-9245327-9245660-9245327-9245848-9244033-9244905
maze,CUDA,temporal,tiled_bit_planes,tiled_bit_planes,,16320,16368,126,1,1,0,0,32,16,42,64,6,64,7.216333,0.214403,0.000000,true,9202381-9202272-9202049-9202092-9201319-9202070-9201257-9203716-9202078-9203126-9201398-9202764-9202082-9201501-9201532-9203391
maze,CUDA,temporal,bit_planes,bit_planes,,15360,17450,126,1,1,0,0,32,16,42,64,7,64,6.164070,0.182520,0.000000,true,9234936-9234282-9234968-9235428-9233200-9235442-9235287-9233568-9235269-9234997-9234749-9235128-9230446-9231044-9229307-9230145
maze,CUDA,temporal,tiled_bit_planes,tiled_bit_planes,,16320,16368,126,1,1,0,0,32,16,42,64,7,64,7.064453,0.209890,0.000000,true,9202381-9202272-9202049-9202092-9201319-9202070-9201257-9203716-9202078-9203126-9201398-9202764-9202082-9201501-9201532-9203391
maze,CUDA,temporal,bit_planes,bit_planes,,15360,17472,128,1,1,0,0,32,16,42,64,8,64,6.447401,0.187690,0.000000,true,9245522-9244889-9245641-9245889-9243776-9246046-9245815-9244149-9245836-9245531-9245392-9245626-9245314-9245809-9244032-9244822
maze,CUDA,temporal,tiled_bit_planes,tiled_bit_planes,,16320,16368,128,1,1,0,0,32,16,42,64,8,64,7.076691,0.206969,0.000000,true,9202365-9202259-9202050-9202087-9201254-9202079-9201319-9203623-9202058-9203116-9201410-9202747-9202106-9201499-9201566-9203405
maze,CUDA,temporal,bit_planes,bit_planes,,15360,17434,126,1,1,0,0,32,16,42,64,9,64,6.535446,0.193694,0.000000,true,9226502-9225843-9226491-9226927-9224663-9227028-9226846-9225152-9226844-9226527-9226285-9226609-9222019-9222526-9220768-9221641
maze,CUDA,temporal,tiled_bit_planes,tiled_bit_planes,,16352,16320,126,1,1,0,0,32,16,42,64,9,64,7.505755,0.223220,0.000000,true,9194323-9193236-9193551-9193230-9192102-9193781-9192303-9193033-9192695-9193267-9193019-9192498-9193452-9192279-9193233-9193762
maze,CUDA,temporal,bit_planes,bit_planes,,15360,17468,120,1,1,0,0,32,16,42,64,10,64,6.418277,0.199344,0.000000,true,9243473-9242731-9243441-9243799-9241683-9243988-9243779-9242068-9243705-9243462-9243194-9243539-9243160-9243699-9241931-9242807
maze,CUDA,temporal,tiled_bit_planes,tiled_bit_planes,,16352,16320,120,1,1,0,0,32,16,42,64,10,64,7.119907,0.222332,0.000000,true,9194323-9193236-9193551-9193230-9192102-9193781-9192303-9193024-9192689-9193267-9193019-9192498-9193452-9192283-9193214-9193762
maze,CUDA,temporal,bit_planes,bit_planes,,15360,17440,120,1,1,0,0,32,16,42,64,12,64,7.035879,0.218877,0.000000,true,9228654-9227910-9228572-9229025-9226763-9229139-9229002-9227229-9229005-9228643-9228450-9228730-9228254-9228891-9227101-9227981
maze,CUDA,temporal,tiled_bit_planes,tiled_bit_planes,,16352,16320,120,1,1,0,0,32,16,42,64,12,64,7.095860,0.221581,0.000000,true,9194323-9193236-9193551-9193230-9192102-9193781-9192303-9193024-9192689-9193267-9193019-9192498-9193452-9192283-9193214-9193762
maze,CUDA,temporal,bit_planes,bit_planes,,15360,17460,126,1,1,0,0,32,16,42,64,14,64,8.284113,0.245155,0.000000,true,9239238-9238563-9239205-9239561-9237375-9239638-9239535-9237834-9239537-9239286-9239004-9239333-9238938-9239448-9237709-9238559
maze,CUDA,temporal,tiled_bit_planes,tiled_bit_planes,,16352,16320,126,1,1,0,0,32,16,42,64,14,64,7.397159,0.219990,0.000000,true,9194323-9193236-9193551-9193230-9192102-9193781-9192303-9193033-9192695-9193267-9193019-9192498-9193452-9192279-9193233-9193762
maze,CUDA,temporal,bit_planes,bit_planes,,15360,17472,128,1,1,0,0,32,16,42,64,16,64,9.317648,0.271245,0.000000,true,9245522-9244889-9245641-9245889-9243776-9246046-9245815-9244149-9245836-9245531-9245392-9245626-9245314-9245809-9244032-9244822
maze,CUDA,temporal,tiled_bit_planes,tiled_bit_planes,,16352,16320,128,1,1,0,0,32,16,42,64,16,64,7.492916,0.219356,0.000000,true,9194329-9193209-9193514-9193217-9192144-9193761-9192272-9193027-9192706-9193217-9192996-9192518-9193430-9192349-9193226-9193761
maze,CUDA,temporal,bit_planes,bit_planes,,15360,17472,126,1,1,0,0,32,16,42,64,18,64,10.303391,0.304702,0.000000,true,9245552-9244872-9245594-9245912-9243783-9246057-9245852-9244201-9245829-9245606-9245327-9245660-9245327-9245848-9244033-9244905
maze,CUDA,temporal,tiled_bit_planes,tiled_bit_planes,,16224,16240,126,1,1,0,0,32,16,42,64,18,64,8.022513,0.241655,0.000000,true,9076839-9076384-9076584-9077760-9075614-9077057-9075687-9076188-9077934-9077292-9075193-9076703-9076432-9076410-9076847-9075350
maze,CUDA,temporal,bit_planes,bit_planes,,15360,17472,120,1,1,0,0,32,16,42,64,20,64,11.561881,0.359016,0.000000,true,9245560-9244872-9245598-9245912-9243783-9246052-9245852-9244192-9245829-9245598-9245327-9245660-9245327-9245852-9244033-9244905
maze,CUDA,temporal,tiled_bit_planes,tiled_bit_planes,,16224,16240,120,1,1,0,0,32,16,42,64,20,64,7.670927,0.242618,0.000000,true,9076829-9076376-9076584-9077760-9075614-9077057-9075687-9076188-9077934-9077292-9075201-9076703-9076441-9076410-9076847-9075350
maze,CUDA,temporal,bit_planes,bit_planes,,15360,17460,110,1,1,0,0,32,16,42,64,22,64,12.598481,0.427061,0.000000,true,9239200-9238580-9239248-9239538-9237368-9239633-9239498-9237791-9239544-9239218-9239070-9239299-9238925-9239405-9237707-9238478
maze,CUDA,temporal,tiled_bit_planes,tiled_bit_planes,,16224,16240,110,1,1,0,0,32,16,42,64,22,64,6.999403,0.241504,0.000000,true,9076847-9076368-9076621-9077784-9075648-9077048-9075691-9076153-9077874-9077272-9075162-9076663-9076446-9076438-9076780-9075300
maze,CUDA,temporal,bit_planes,bit_planes,,15360,17472,120,1,1,0,0,32,16,42,64,24,64,17.014605,0.528332,0.000000,true,9245560-9244872-9245598-9245912-9243783-9246052-9245852-9244192-9245829-9245598-9245327-9245660-9245327-9245852-9244033-9244905
maze,CUDA,temporal,tiled_bit_planes,tiled_bit_planes,,16224,16240,120,1,1,0,0,32,16,42,64,24,64,7.603735,0.240493,0.000000,true,9076829-9076376-9076584-9077760-9075614-9077057-9075687-9076188-9077934-9077292-9075201-9076703-9076441-9076410-9076847-9075350
maze,CUDA,,,,baseline,16384,16384,128,1,1,0,0,32,32,42,0,0,0,466.252474,13.569733,0.000000,true,9247588-9247795-9247184-9247092-9246149-9248328-9248057-9247092-9246830-9246070-9246351-9248344-9245438-9248840-9246723-9246864
maze,CUDA,simple,standard,standard,,16384,16384,128,1,1,0,0,32,32,42,0,0,0,540.185291,15.721461,0.000000,true,9247588-9247795-9247184-9247092-9246149-9248328-9248057-9247092-9246830-9246070-9246351-9248344-9245438-9248840-9246723-9246864
maze,CUDA,simple,bit_array,bit_array,,16384,16384,128,1,1,0,0,32,32,42,32,0,0,160.186022,4.662027,0.000000,true,9247588-9247795-9247184-9247092-9246149-9248328-9248057-9247092-9246830-9246070-9246351-9248344-9245438-9248840-9246723-9246864
maze,CUDA,simple,bit_planes,bit_planes,,16384,16384,128,1,1,0,0,32,32,42,32,0,0,16.566091,0.482137,0.000000,true,9247588-9247795-9247184-9247092-9246149-9248328-9248057-9247092-9246830-9246070-9246351-9248344-9245438-9248840-9246723-9246864
maze,CUDA,simple,tiled_bit_planes,tiled_bit_planes,,16384,16384,128,1,1,0,0,32,32,42,32,0,0,22.480229,0.654261,0.000000,true,9247588-9247795-9247184-9247092-9246149-9248328-9248057-9247092-9246830-9246070-9246351-9248344-9245438-9248840-9246723-9246864
maze,CUDA,simple,bit_array,bit_array,,16384,16384,128,1,1,0,0,32,32,42,64,0,0,181.758842,5.289879,0.000000,true,9247588-9247795-9247184-9247092-9246149-9248328-9248057-9247092-9246830-9246070-9246351-9248344-9245438-9248840-9246723-9246864
maze,CUDA,simple,bit_planes,bit_planes,,16384,16384,128,1,1,0,0,32,32,42,64,0,0,10.245884,0.298194,0.000000,true,9247588-9247795-9247184-9247092-9246149-9248328-9248057-9247092-9246830-9246070-9246351-9248344-9245438-9248840-9246723-9246864
maze,CUDA,simple,tiled_bit_planes,tiled_bit_planes,,16384,16384,128,1,1,0,0,32,32,42,64,0,0,13.628783,0.396650,0.000000,true,9247588-9247795-9247184-9247092-9246149-9248328-9248057-9247092-9246830-9246070-9246351-9248344-9245438-9248840-9246723-9246864
forest-fire,CUDA,,,,baseline,16384,16384,128,1,1,0,0,32,2,42,0,0,0,373.784751,10.878568,0.000000,true,26894-27146-27581-26919-27107-27391-27038-27064-26879-26789-27286-27244-26990-26887-27047-26969
forest-fire,CUDA,simple,standard,standard,,16384,16384,128,1,1,0,0,32,2,42,0,0,0,375.668003,10.933378,0.000000,true,26894-27146-27581-26919-27107-27391-27038-27064-26879-26789-27286-27244-26990-26887-27047-26969
forest-fire,CUDA,simple,bit_array,bit_array,,16384,16384,128,1,1,0,0,32,2,42,32,0,0,261.846116,7.620725,0.000000,true,26894-27146-27581-26919-27107-27391-27038-27064-26879-26789-27286-27244-26990-26887-27047-26969
forest-fire,CUDA,simple,bit_planes,bit_planes,,16384,16384,128,1,1,0,0,32,2,42,32,0,0,14.837505,0.431828,0.000000,true,26894-27146-27581-26919-27107-27391-27038-27064-26879-26789-27286-27244-26990-26887-27047-26969
forest-fire,CUDA,simple,tiled_bit_planes,tiled_bit_planes,,16384,16384,128,1,1,0,0,32,2,42,32,0,0,15.705238,0.457083,0.000000,true,26894-27146-27581-26919-27107-27391-27038-27064-26879-26789-27286-27244-26990-26887-27047-26969
forest-fire,CUDA,temporal,bit_planes,bit_planes,,16320,16440,128,1,1,0,0,32,2,42,32,2,64,13.605316,0.396166,0.000000,true,27111-26798-26882-26950-27192-26975-26828-27106-27133-26730-26930-26783-26599-26604-26715-26942
forest-fire,CUDA,temporal,tiled_bit_planes,tiled_bit_planes,,16320,16368,128,1,1,0,0,32,2,42,32,2,64,15.269865,0.446590,0.000000,true,26980-26679-26739-26855-27058-26881-26739-26953-27017-26610-26839-26653-26477-26475-26621-26915
forest-fire,CUDA,temporal,bit_planes,bit_planes,,16320,16414,126,1,1,0,0,32,2,42,32,3,64,11.578957,0.343055,0.000000,true,27063-26759-26838-26929-27150-26951-26799-27040-27093-26680-26888-26749-26540-26546-26692-26955
forest-fire,CUDA,temporal,tiled_bit_planes,tiled_bit_planes,,16320,16368,126,1,1,0,0,32,2,42,32,3,64,11.402367,0.338773,0.000000,true,26980-26679-26739-26855-27058-26881-26739-26953-27017-26610-26839-26653-26477-26475-26621-26915
forest-fire,CUDA,temporal,bit_planes,bit_planes,,16320,16408,128,1,1,0,0,32,2,42,32,4,64,10.023605,0.292441,0.000000,true,27047-26744-26820-26912-27135-26932-26792-27032-27084-26673-26882-26729-26532-26550-26691-26953
forest-fire,CUDA,temporal,tiled_bit_planes,tiled_bit_planes,,16320,16368,128,1,1,0,0,32,2,42,32,4,64,9.741965,0.284919,0.000000,true,26980-26679-26739-26855-27058-26881-26739-26953-27017-26610-26839-26653-26477-26475-26621-26915
forest-fire,CUDA,temporal,bit_planes,bit_planes,,16320,16416,125,1,1,0,0,32,2,42,32,5,64,8.914804,0.266204,0.000000,true,27061-26767-26835-26923-27150-26951-26799-27040-27093-26680-26888-26749-26544-26550-26704-26957
forest-fire,CUDA,temporal,tiled_bit_planes,tiled_bit_planes,,16320,16320,125,1,1,0,0,32,2,42,32,5,64,8.849454,0.265807,0.000000,true,26896-26596-26672-26786-26994-26799-26649-26859-26960-26539-26771-26604-26390-26422-26573-26819
forest-fire,CUDA,temporal,bit_planes,bit_planes,,16320,16432,126,1,1,0,0,32,2,42,32,6,64,8.548185,0.252984,0.000000,true,27097-26794-26873-26945-27179-26969-26812-27082-27111-26716-26926-26776-26588-26592-26703-26966
forest-fire,CUDA,temporal,tiled_bit_planes,tiled_bit_planes,,16320,16320,126,1,1,0,0,32,2,42,32,6,64,8.311063,0.247654,0.000000,true,26896-26596-26672-26786-26994-26799-26649-26859-26960-26539-26771-26604-26390-26422-26573-26819
forest-fire,CUDA,temporal,bit_planes,bit_planes,,16320,16400,126,1,1,0,0,32,2,42,32,7,64,8.287918,0.245760,0.000000,true,27024-26733-26806-26897-27128-26913-26782-27024-27065-26680-26862-26704-26528-26523-26677-26951
forest-fire,CUDA,temporal,tiled_bit_planes,tiled_bit_planes,,16320,16320,126,1,1,0,0,32,2,42,32,7,64,7.900848,0.235431,0.000000,true,26896-26596-26672-26786-26994-26799-26649-26859-26960-26539-26771-26604-26390-26422-26573-26819
forest-fire,CUDA,temporal,bit_planes,bit_planes,,16320,16416,128,1,1,0,0,32,2,42,32,8,64,8.367940,0.244018,0.000000,true,27061-26767-26835-26923-27150-26951-26799-27040-27093-26680-26888-26749-26544-26550-26704-26957
forest-fire,CUDA,temporal,tiled_bit_planes,tiled_bit_planes,,16320,16320,128,1,1,0,0,32,2,42,32,8,64,7.713813,0.226266,0.000000,true,26896-26596-26672-26786-26994-26799-26649-26859-26960-26539-26771-26604-26390-26422-26573-26819
forest-fire,CUDA,temporal,bit_planes,bit_planes,,16320,16422,126,1,1,0,0,32,2,42,32,9,64,8.152631,0.241424,0.000000,true,27079-26775-26860-26932-27172-26959-26806-27066-27104-26704-26916-26758-26534-26546-26676-26939
forest-fire,CUDA,temporal,tiled_bit_planes,tiled_bit_planes,,16352,16240,126,1,1,0,0,32,2,42,32,9,64,7.991186,0.238827,0.000000,true,26697-26945-26905-26724-26275-26933-26915-26854-26942-26782-26846-26945-26969-26824-26538-27103
forest-fire,CUDA,temporal,bit_planes,bit_planes,,16320,16412,120,1,1,0,0,32,2,42,32,10,64,7.809118,0.242962,0.000000,true,27059-26756-26826-26917-27139-26942-26798-27037-27089-26673-26884-26744-26534-26548-26700-26952
forest-fire,CUDA,temporal,tiled_bit_planes,tiled_bit_planes,,16352,16240,120,1,1,0,0,32,2,42,32,10,64,7.462499,0.234178,0.000000,true,26697-26945-26905-26724-26275-26933-26915-26854-26942-26782-26846-26945-26969-26824-26538-27103
forest-fire,CUDA,temporal,bit_planes,bit_planes,,16320,16440,120,1,1,0,0,32,2,42,32,12,64,8.197560,0.254613,0.000000,true,27111-26798-26882-26950-27192-26975-26828-27106-27133-26730-26930-26783-26599-26604-26715-26942
forest-fire,CUDA,temporal,tiled_bit_planes,tiled_bit_planes,,16352,16240,120,1,1,0,0,32,2,42,32,12,64,7.270676,0.228158,0.000000,true,26697-26945-26905-26724-26275-26933-26915-26854-26942-26782-26846-26945-26969-26824-26538-27103
forest-fire,CUDA,temporal,bit_planes,bit_planes,,16320,16416,126,1,1,0,0,32,2,42,32,14,64,9.126286,0.270356,0.000000,true,27061-26767-26835-26923-27150-26951-26799-27040-27093-26680-26888-26749-26544-26550-26704-26957
forest-fire,CUDA,temporal,tiled_bit_planes,tiled_bit_planes,,16352,16352,126,1,1,0,0,32,2,42,32,14,64,7.802619,0.231594,0.000000,true,26868-27128-27111-26902-26498-27148-27087-27034-27134-26921-27006-27085-27101-27077-26774-27304
forest-fire,CUDA,temporal,bit_planes,bit_planes,,16320,16448,128,1,1,0,0,32,2,42,32,16,64,10.428112,0.303503,0.000000,true,27126-26813-26893-26962-27199-26991-26849-27117-27152-26746-26930-26796-26619-26609-26747-26961
forest-fire,CUDA,temporal,tiled_bit_planes,tiled_bit_planes,,16352,16352,128,1,1,0,0,32,2,42,32,16,64,7.828898,0.228744,0.000000,true,26868-27128-27111-26902-26498-27148-27087-27034-27134-26921-27006-27085-27101-27077-26774-27304
forest-fire,CUDA,temporal,bit_planes,bit_planes,,16320,16436,126,1,1,0,0,32,2,42,32,18,64,11.266691,0.333357,0.000000,true,27102-26792-26872-26944-27183-26975-26826-27095-27122-26722-26921-26775-26589-26596-26718-26954
forest-fire,CUDA,temporal,tiled_bit_planes,tiled_bit_planes,,16224,16416,126,1,1,0,0,32,2,42,32,18,64,8.263881,0.246257,0.000000,true,26752-27025-26970-26420-27078-26825-27132-26930-26662-26549-27145-26928-26695-27170-27159-26698
forest-fire,CUDA,temporal,bit_planes,bit_planes,,16320,16440,120,1,1,0,0,32,2,42,32,20,64,12.435463,0.386241,0.000000,true,27111-26798-26882-26950-27192-26975-26828-27106-27133-26730-26930-26783-26599-26604-26715-26942
forest-fire,CUDA,temporal,tiled_bit_planes,tiled_bit_planes,,16224,16416,120,1,1,0,0,32,2,42,32,20,64,7.850771,0.245644,0.000000,true,26752-27025-26970-26420-27078-26825-27132-26930-26662-26549-27145-26928-26695-27170-27159-26698
forest-fire,CUDA,temporal,bit_planes,bit_planes,,16320,16440,110,1,1,0,0,32,2,42,32,22,64,13.442338,0.455470,0.000000,true,27111-26798-26882-26950-27192-26975-26828-27106-27133-26730-26930-26783-26599-26604-26715-26942
forest-fire,CUDA,temporal,tiled_bit_planes,tiled_bit_planes,,16224,16432,110,1,1,0,0,32,2,42,32,22,64,7.615293,0.259684,0.000000,true,26790-27054-27004-26456-27095-26838-27158-26949-26695-26573-27142-26936-26704-27207-27216-26742
forest-fire,CUDA,temporal,bit_planes,bit_planes,,16320,16448,120,1,1,0,0,32,2,42,32,24,64,18.091427,0.561640,0.000000,true,27126-26813-26893-26962-27199-26991-26849-27117-27152-26746-26930-26796-26619-26609-26747-26961
forest-fire,CUDA,temporal,tiled_bit_planes,tiled_bit_planes,,16224,16432,120,1,1,0,0,32,2,42,32,24,64,8.259195,0.258171,0.000000,true,26790-27054-27004-26456-27095-26838-27158-26949-26695-26573-27142-26936-26704-27207-27216-26742
forest-fire,CUDA,simple,bit_array,bit_array,,16384,16384,128,1,1,0,0,32,2,42,64,0,0,549.096782,15.980820,0.000000,true,26894-27146-27581-26919-27107-27391-27038-27064-26879-26789-27286-27244-26990-26887-27047-26969
forest-fire,CUDA,simple,bit_planes,bit_planes,,16384,16384,128,1,1,0,0,32,2,42,64,0,0,10.365216,0.301667,0.000000,true,26894-27146-27581-26919-27107-27391-27038-27064-26879-26789-27286-27244-26990-26887-27047-26969
forest-fire,CUDA,simple,tiled_bit_planes,tiled_bit_planes,,16384,16384,128,1,1,0,0,32,2,42,64,0,0,10.633304,0.309470,0.000000,true,26894-27146-27581-26919-27107-27391-27038-27064-26879-26789-27286-27244-26990-26887-27047-26969
forest-fire,CUDA,temporal,bit_planes,bit_planes,,15360,17472,128,1,1,0,0,32,2,42,64,2,32,9.579147,0.278858,0.000000,true,26795-27234-27145-26913-26851-27023-26573-27300-26917-27022-26970-26888-27363-27241-26797-27107
forest-fire,CUDA,temporal,tiled_bit_planes,tiled_bit_planes,,16320,16320,128,1,1,0,0,32,2,42,64,2,32,10.332116,0.303067,0.000000,true,26896-26596-26672-26786-26994-26799-26649-26859-26960-26539-26771-26604-26390-26422-26573-26819
forest-fire,CUDA,temporal,bit_planes,bit_planes,,15360,17472,126,1,1,0,0,32,2,42,64,3,32,8.447982,0.249832,0.000000,true,26795-27234-27145-26913-26851-27023-26573-27300-26917-27022-26970-26888-27363-27241-26797-27107
forest-fire,CUDA,temporal,tiled_bit_planes,tiled_bit_planes,,16320,16320,126,1,1,0,0,32,2,42,64,3,32,8.048042,0.239817,0.000000,true,26896-26596-26672-26786-26994-26799-26649-26859-26960-26539-26771-26604-26390-26422-26573-26819
forest-fire,CUDA,temporal,bit_planes,bit_planes,,15360,17472,128,1,1,0,0,32,2,42,64,4,32,7.876591,0.229295,0.000000,true,26795-27234-27145-26913-26851-27023-26573-27300-26917-27022-26970-26888-27363-27241-26797-27107
forest-fire,CUDA,temporal,tiled_bit_planes,tiled_bit_planes,,16320,16320,128,1,1,0,0,32,2,42,64,4,32,7.303387,0.214227,0.000000,true,26896-26596-26672-26786-26994-26799-26649-26859-26960-26539-26771-26604-26390-26422-26573-26819
forest-fire,CUDA,temporal,bit_planes,bit_planes,,15360,17468,125,1,1,0,0,32,2,42,64,5,32,6.849495,0.204227,0.000000,true,26785-27220-27136-26906-26846-27019-26570-27287-26912-27019-26972-26896-27353-27238-26785-27083
forest-fire,CUDA,temporal,tiled_bit_planes,tiled_bit_planes,,16320,16320,125,1,1,0,0,32,2,42,64,5,32,6.650030,0.199744,0.000000,true,26896-26596-26672-26786-26994-26799-26649-26859-26960-26539-26771-26604-26390-26422-26573-26819
forest-fire,CUDA,temporal,bit_planes,bit_planes,,15360,17460,126,1,1,0,0,32,2,42,64,6,32,7.092184,0.209881,0.000000,true,26764-27217-27128-26903-26833-26994-26549-27264-26909-27030-26977-26901-27344-27199-26759-27069
forest-fire,CUDA,temporal,tiled_bit_planes,tiled_bit_planes,,16320,16320,126,1,1,0,0,32,2,42,64,6,32,6.390645,0.190429,0.000000,true,26896-26596-26672-26786-26994-26799-26649-26859-26960-26539-26771-26604-26390-26422-26573-26819
forest-fire,CUDA,temporal,bit_planes,bit_planes,,15360,17460,126,1,1,0,0,32,2,42,64,7,32,7.439194,0.220151,0.000000,true,26764-27217-27128-26903-26833-26994-26549-27264-26909-27030-26977-26901-27344-27199-26759-27069
forest-fire,CUDA,temporal,tiled_bit_planes,tiled_bit_planes,,16320,16320,126,1,1,0,0,32,2,42,64,7,32,6.243200,0.186036,0.000000,true,26896-26596-26672-26786-26994-26799-26649-26859-26960-26539-26771-26604-26390-26422-26573-26819
forest-fire,CUDA,temporal,bit_planes,bit_planes,,15360,17472,128,1,1,0,0,32,2,42,64,8,32,8.402463,0.244604,0.000000,true,26795-27234-27145-26913-26851-27023-26573-27300-26917-27022-26970-26888-27363-27241-26797-27107
forest-fire,CUDA,temporal,tiled_bit_planes,tiled_bit_planes,,16320,16320,128,1,1,0,0,32,2,42,64,8,32,6.232283,0.182809,0.000000,true,26896-26596-26672-26786-26994-26799-26649-26859-26960-26539-26771-26604-26390-26422-26573-26819
forest-fire,CUDA,temporal,bit_planes,bit_planes,,15360,17472,126,1,1,0,0,32,2,42,64,9,32,8.858528,0.261973,0.000000,true,26795-27234-27145-26913-26851-27023-26573-27300-26917-27022-26970-26888-27363-27241-26797-27107
forest-fire,CUDA,temporal,tiled_bit_planes,tiled_bit_planes,,16352,16352,126,1,1,0,0,32,2,42,64,9,32,6.879720,0.204201,0.000000,true,26868-27128-27111-26902-26498-27148-27087-27034-27134-26921-27006-27085-27101-27077-26774-27304
forest-fire,CUDA,temporal,bit_planes,bit_planes,,15360,17472,120,1,1,0,0,32,2,42,64,10,32,10.705925,0.332437,0.000000,true,26795-27234-27145-26913-26851-27023-26573-27300-26917-27022-26970-26888-27363-27241-26797-27107
forest-fire,CUDA,temporal,tiled_bit_planes,tiled_bit_planes,,16352,16352,120,1,1,0,0,32,2,42,64,10,32,6.490047,0.202267,0.000000,true,26868-27128-27111-26902-26498-27148-27087-27034-27134-26921-27006-27085-27101-27077-26774-27304
forest-fire,CUDA,temporal,bit_planes,bit_planes,,15360,17472,120,1,1,0,0,32,2,42,64,12,32,14.670681,0.455549,0.000000,true,26795-27234-27145-26913-26851-27023-26573-27300-26917-27022-26970-26888-27363-27241-26797-27107
forest-fire,CUDA,temporal,tiled_bit_planes,tiled_bit_planes,,16352,16352,120,1,1,0,0,32,2,42,64,12,32,6.408793,0.199735,0.000000,true,26868-27128-27111-26902-26498-27148-27087-27034-27134-26921-27006-27085-27101-27077-26774-27304
forest-fire,CUDA,temporal,bit_planes,bit_planes,,15360,17476,126,1,1,0,0,32,2,42,64,14,32,29.272778,0.865486,0.000000,true,26799-27232-27147-26924-26863-27039-26579-27305-26911-27035-26977-26902-27373-27237-26803-27118
forest-fire,CUDA,temporal,tiled_bit_planes,tiled_bit_planes,,16352,16352,126,1,1,0,0,32,2,42,64,14,32,6.667668,0.197907,0.000000,true,26868-27128-27111-26902-26498-27148-27087-27034-27134-26921-27006-27085-27101-27077-26774-27304
forest-fire,CUDA,temporal,tiled_bit_planes,tiled_bit_planes,,16352,16352,128,1,1,0,0,32,2,42,64,16,32,6.725846,0.196515,0.000000,true,26868-27128-27111-26902-26498-27148-27087-27034-27134-26921-27006-27085-27101-27077-26774-27304
forest-fire,CUDA,temporal,tiled_bit_planes,tiled_bit_planes,,16224,16432,126,1,1,0,0,32,2,42,64,18,32,7.685269,0.228792,0.000000,true,26790-27054-27004-26456-27095-26838-27158-26949-26695-26573-27142-26936-26704-27207-27216-26742
forest-fire,CUDA,temporal,tiled_bit_planes,tiled_bit_planes,,16224,16432,120,1,1,0,0,32,2,42,64,20,32,7.288484,0.227828,0.000000,true,26790-27054-27004-26456-27095-26838-27158-26949-26695-26573-27142-26936-26704-27207-27216-26742
forest-fire,CUDA,temporal,tiled_bit_planes,tiled_bit_planes,,16224,16432,110,1,1,0,0,32,2,42,64,22,32,6.662179,0.227183,0.000000,true,26790-27054-27004-26456-27095-26838-27158-26949-26695-26573-27142-26936-26704-27207-27216-26742
forest-fire,CUDA,temporal,tiled_bit_planes,tiled_bit_planes,,16224,16432,120,1,1,0,0,32,2,42,64,24,32,7.239210,0.226288,0.000000,true,26790-27054-27004-26456-27095-26838-27158-26949-26695-26573-27142-26936-26704-27207-27216-26742
forest-fire,CUDA,,,,baseline,16384,16384,128,1,1,0,0,32,4,42,0,0,0,237.657802,6.916752,0.000000,true,26894-27146-27581-26919-27107-27391-27038-27064-26879-26789-27286-27244-26990-26887-27047-26969
forest-fire,CUDA,simple,standard,standard,,16384,16384,128,1,1,0,0,32,4,42,0,0,0,243.133102,7.076105,0.000000,true,26894-27146-27581-26919-27107-27391-27038-27064-26879-26789-27286-27244-26990-26887-27047-26969
forest-fire,CUDA,simple,bit_array,bit_array,,16384,16384,128,1,1,0,0,32,4,42,32,0,0,256.572725,7.467249,0.000000,true,26894-27146-27581-26919-27107-27391-27038-27064-26879-26789-27286-27244-26990-26887-27047-26969
forest-fire,CUDA,simple,bit_planes,bit_planes,,16384,16384,128,1,1,0,0,32,4,42,32,0,0,14.815061,0.431175,0.000000,true,26894-27146-27581-26919-27107-27391-27038-27064-26879-26789-27286-27244-26990-26887-27047-26969
forest-fire,CUDA,simple,tiled_bit_planes,tiled_bit_planes,,16384,16384,128,1,1,0,0,32,4,42,32,0,0,15.690757,0.456661,0.000000,true,26894-27146-27581-26919-27107-27391-27038-27064-26879-26789-27286-27244-26990-26887-27047-26969
forest-fire,CUDA,temporal,bit_planes,bit_planes,,16320,16440,128,1,1,0,0,32,4,42,32,2,64,8.818447,0.256779,0.000000,true,27111-26798-26882-26950-27192-26975-26828-27106-27133-26730-26930-26783-26599-26604-26715-26942
forest-fire,CUDA,temporal,tiled_bit_planes,tiled_bit_planes,,16320,16368,128,1,1,0,0,32,4,42,32,2,64,10.840280,0.317041,0.000000,true,26980-26679-26739-26855-27058-26881-26739-26953-27017-26610-26839-26653-26477-26475-26621-26915
forest-fire,CUDA,temporal,bit_planes,bit_planes,,16320,16414,126,1,1,0,0,32,4,42,32,3,64,8.088765,0.239650,0.000000,true,27063-26759-26838-26929-27150-26951-26799-27040-27093-26680-26888-26749-26540-26546-26692-26955
forest-fire,CUDA,temporal,tiled_bit_planes,tiled_bit_planes,,16320,16368,126,1,1,0,0,32,4,42,32,3,64,8.856075,0.263121,0.000000,true,26980-26679-26739-26855-27058-26881-26739-26953-27017-26610-26839-26653-26477-26475-26621-26915
forest-fire,CUDA,temporal,bit_planes,bit_planes,,16320,16408,128,1,1,0,0,32,4,42,32,4,64,7.508600,0.219065,0.000000,true,27047-26744-26820-26912-27135-26932-26792-27032-27084-26673-26882-26729-26532-26550-26691-26953
forest-fire,CUDA,temporal,tiled_bit_planes,tiled_bit_planes,,16320,16368,128,1,1,0,0,32,4,42,32,4,64,8.128345,0.237726,0.000000,true,26980-26679-26739-26855-27058-26881-26739-26953-27017-26610-26839-26653-26477-26475-26621-26915
forest-fire,CUDA,temporal,bit_planes,bit_planes,,16320,16416,125,1,1,0,0,32,4,42,32,5,64,7.154770,0.213648,0.000000,true,27061-26767-26835-26923-27150-26951-26799-27040-27093-26680-26888-26749-26544-26550-26704-26957
forest-fire,CUDA,temporal,tiled_bit_planes,tiled_bit_planes,,16320,16320,125,1,1,0,0,32,4,42,32,5,64,7.691669,0.231031,0.000000,true,26896-26596-26672-26786-26994-26799-26649-26859-26960-26539-26771-26604-26390-26422-26573-26819
forest-fire,CUDA,temporal,bit_planes,bit_planes,,16320,16432,126,1,1,0,0,32,4,42,32,6,64,7.283006,0.215541,0.000000,true,27097-26794-26873-26945-27179-26969-26812-27082-27111-26716-26926-26776-26588-26592-26703-26966
forest-fire,CUDA,temporal,tiled_bit_planes,tiled_bit_planes,,16320,16320,126,1,1,0,0,32,4,42,32,6,64,7.516011,0.223963,0.000000,true,26896-26596-26672-26786-26994-26799-26649-26859-26960-26539-26771-26604-26390-26422-26573-26819
forest-fire,CUDA,temporal,bit_planes,bit_planes,,16320,16400,126,1,1,0,0,32,4,42,32,7,64,7.293041,0.216259,0.000000,true,27024-26733-26806-26897-27128-26913-26782-27024-27065-26680-26862-26704-26528-26523-26677-26951
forest-fire,CUDA,temporal,tiled_bit_planes,tiled_bit_planes,,16320,16320,126,1,1,0,0,32,4,42,32,7,64,7.344390,0.218849,0.000000,true,26896-26596-26672-26786-26994-26799-26649-26859-26960-26539-26771-26604-26390-26422-26573-26819
forest-fire,CUDA,temporal,bit_planes,bit_planes,,16320,16416,128,1,1,0,0,32,4,42,32,8,64,7.583293,0.221136,0.000000,true,27061-26767-26835-26923-27150-26951-26799-27040-27093-26680-26888-26749-26544-26550-26704-26957
forest-fire,CUDA,temporal,tiled_bit_planes,tiled_bit_planes,,16320,16320,128,1,1,0,0,32,4,42,32,8,64,7.350368,0.215605,0.000000,true,26896-26596-26672-26786-26994-26799-26649-26859-26960-26539-26771-26604-26390-26422-26573-26819
forest-fire,CUDA,temporal,bit_planes,bit_planes,,16320,16422,126,1,1,0,0,32,4,42,32,9,64,7.591296,0.224801,0.000000,true,27079-26775-26860-26932-27172-26959-26806-27066-27104-26704-26916-26758-26534-26546-26676-26939
forest-fire,CUDA,temporal,tiled_bit_planes,tiled_bit_planes,,16352,16240,126,1,1,0,0,32,4,42,32,9,64,7.881999,0.235564,0.000000,true,26697-26945-26905-26724-26275-26933-26915-26854-26942-26782-26846-26945-26969-26824-26538-27103
forest-fire,CUDA,temporal,bit_planes,bit_planes,,16320,16412,120,1,1,0,0,32,4,42,32,10,64,7.500717,0.233367,0.000000,true,27059-26756-26826-26917-27139-26942-26798-27037-27089-26673-26884-26744-26534-26548-26700-26952
forest-fire,CUDA,temporal,tiled_bit_planes,tiled_bit_planes,,16352,16240,120,1,1,0,0,32,4,42,32,10,64,7.442288,0.233544,0.000000,true,26697-26945-26905-26724-26275-26933-26915-26854-26942-26782-26846-26945-26969-26824-26538-27103
forest-fire,CUDA,temporal,bit_planes,bit_planes,,16320,16440,120,1,1,0,0,32,4,42,32,12,64,8.260697,0.256574,0.000000,true,27111-26798-26882-26950-27192-26975-26828-27106-27133-26730-26930-26783-26599-26604-26715-26942
forest-fire,CUDA,temporal,tiled_bit_planes,tiled_bit_planes,,16352,16240,120,1,1,0,0,32,4,42,32,12,64,7.354063,0.230775,0.000000,true,26697-26945-26905-26724-26275-26933-26915-26854-26942-26782-26846-26945-26969-26824-26538-27103
forest-fire,CUDA,temporal,bit_planes,bit_planes,,16320,16416,126,1,1,0,0,32,4,42,32,14,64,9.327784,0.276325,0.000000,true,27061-26767-26835-26923-27150-26951-26799-27040-27093-26680-26888-26749-26544-26550-26704-26957
forest-fire,CUDA,temporal,tiled_bit_planes,tiled_bit_planes,,16352,16352,126,1,1,0,0,32,4,42,32,14,64,7.996474,0.237348,0.000000,true,26868-27128-27111-26902-26498-27148-27087-27034-27134-26921-27006-27085-27101-27077-26774-27304
forest-fire,CUDA,temporal,bit_planes,bit_planes,,16320,16448,128,1,1,0,0,32,4,42,32,16,64,9.986608,0.290653,0.000000,true,27126-26813-26893-26962-27199-26991-26849-27117-27152-26746-26930-26796-26619-26609-26747-26961
forest-fire,CUDA,temporal,tiled_bit_planes,tiled_bit_planes,,16352,16352,128,1,1,0,0,32,4,42,32,16,64,8.069144,0.235763,0.000000,true,26868-27128-27111-26902-26498-27148-27087-27034-27134-26921-27006-27085-27101-27077-26774-27304
forest-fire,CUDA,temporal,bit_planes,bit_planes,,16320,16436,126,1,1,0,0,32,4,42,32,18,64,11.111013,0.328751,0.000000,true,27102-26792-26872-26944-27183-26975-26826-27095-27122-26722-26921-26775-26589-26596-26718-26954
forest-fire,CUDA,temporal,tiled_bit_planes,tiled_bit_planes,,16224,16416,126,1,1,0,0,32,4,42,32,18,64,8.866150,0.264204,0.000000,true,26752-27025-26970-26420-27078-26825-27132-26930-26662-26549-27145-26928-26695-27170-27159-26698
forest-fire,CUDA,temporal,bit_planes,bit_planes,,16320,16440,120,1,1,0,0,32,4,42,32,20,64,12.276801,0.381313,0.000000,true,27111-26798-26882-26950-27192-26975-26828-27106-27133-26730-26930-26783-26599-26604-26715-26942
forest-fire,CUDA,temporal,tiled_bit_planes,tiled_bit_planes,,16224,16416,120,1,1,0,0,32,4,42,32,20,64,8.414000,0.263267,0.000000,true,26752-27025-26970-26420-27078-26825-27132-26930-26662-26549-27145-26928-26695-27170-27159-26698
forest-fire,CUDA,temporal,bit_planes,bit_planes,,16320,16440,110,1,1,0,0,32,4,42,32,22,64,13.359762,0.452672,0.000000,true,27111-26798-26882-26950-27192-26975-26828-27106-27133-26730-26930-26783-26599-26604-26715-26942
forest-fire,CUDA,temporal,tiled_bit_planes,tiled_bit_planes,,16224,16432,110,1,1,0,0,32,4,42,32,22,64,7.891053,0.269088,0.000000,true,26790-27054-27004-26456-27095-26838-27158-26949-26695-26573-27142-26936-26704-27207-27216-26742
forest-fire,CUDA,temporal,bit_planes,bit_planes,,16320,16448,120,1,1,0,0,32,4,42,32,24,64,19.330667,0.600112,0.000000,true,27126-26813-26893-26962-27199-26991-26849-27117-27152-26746-26930-26796-26619-26609-26747-26961
forest-fire,CUDA,temporal,tiled_bit_planes,tiled_bit_planes,,16224,16432,120,1,1,0,0,32,4,42,32,24,64,8.582597,0.268281,0.000000,true,26790-27054-27004-26456-27095-26838-27158-26949-26695-26573-27142-26936-26704-27207-27216-26742
forest-fire,CUDA,simple,bit_array,bit_array,,16384,16384,128,1,1,0,0,32,4,42,64,0,0,539.369786,15.697727,0.000000,true,26894-27146-27581-26919-27107-27391-27038-27064-26879-26789-27286-27244-26990-26887-27047-26969
forest-fire,CUDA,simple,bit_planes,bit_planes,,16384,16384,128,1,1,0,0,32,4,42,64,0,0,10.242809,0.298105,0.000000,true,26894-27146-27581-26919-27107-27391-27038-27064-26879-26789-27286-27244-26990-26887-27047-26969
forest-fire,CUDA,simple,tiled_bit_planes,tiled_bit_planes,,16384,16384,128,1,1,0,0,32,4,42,64,0,0,10.565140,0.307486,0.000000,true,26894-27146-27581-26919-27107-27391-27038-27064-26879-26789-27286-27244-26990-26887-27047-26969
forest-fire,CUDA,temporal,bit_planes,bit_planes,,15360,17472,128,1,1,0,0,32,4,42,64,2,32,7.124715,0.207407,0.000000,true,26795-27234-27145-26913-26851-27023-26573-27300-26917-27022-26970-26888-27363-27241-26797-27107
forest-fire,CUDA,temporal,tiled_bit_planes,tiled_bit_planes,,16320,16320,128,1,1,0,0,32,4,42,64,2,32,7.869460,0.230831,0.000000,true,26896-26596-26672-26786-26994-26799-26649-26859-26960-26539-26771-26604-26390-26422-26573-26819
forest-fire,CUDA,temporal,bit_planes,bit_planes,,15360,17472,126,1,1,0,0,32,4,42,64,3,32,5.702956,0.168654,0.000000,true,26795-27234-27145-26913-26851-27023-26573-27300-26917-27022-26970-26888-27363-27241-26797-27107
forest-fire,CUDA,temporal,tiled_bit_planes,tiled_bit_planes,,16320,16320,126,1,1,0,0,32,4,42,64,3,32,6.025288,0.179542,0.000000,true,26896-26596-26672-26786-26994-26799-26649-26859-26960-26539-26771-26604-26390-26422-26573-26819
forest-fire,CUDA,temporal,bit_planes,bit_planes,,15360,17472,128,1,1,0,0,32,4,42,64,4,32,5.191456,0.151128,0.000000,true,26795-27234-27145-26913-26851-27023-26573-27300-26917-27022-26970-26888-27363-27241-26797-27107
forest-fire,CUDA,temporal,tiled_bit_planes,tiled_bit_planes,,16320,16320,128,1,1,0,0,32,4,42,64,4,32,5.635233,0.165296,0.000000,true,26896-26596-26672-26786-26994-26799-26649-26859-26960-26539-26771-26604-26390-26422-26573-26819
forest-fire,CUDA,temporal,bit_planes,bit_planes,,15360,17468,125,1,1,0,0,32,4,42,64,5,32,5.102500,0.152138,0.000000,true,26785-27220-27136-26906-26846-27019-26570-27287-26912-27019-26972-26896-27353-27238-26785-27083
forest-fire,CUDA,temporal,tiled_bit_planes,tiled_bit_planes,,16320,16320,125,1,1,0,0,32,4,42,64,5,32,5.255915,0.157869,0.000000,true,26896-26596-26672-26786-26994-26799-26649-26859-26960-26539-26771-26604-26390-26422-26573-26819
forest-fire,CUDA,temporal,bit_planes,bit_planes,,15360,17460,126,1,1,0,0,32,4,42,64,6,32,5.432373,0.160762,0.000000,true,26764-27217-27128-26903-26833-26994-26549-27264-26909-27030-26977-26901-27344-27199-26759-27069
forest-fire,CUDA,temporal,tiled_bit_planes,tiled_bit_planes,,16320,16320,126,1,1,0,0,32,4,42,64,6,32,5.167630,0.153986,0.000000,true,26896-26596-26672-26786-26994-26799-26649-26859-26960-26539-26771-26604-26390-26422-26573-26819
forest-fire,CUDA,temporal,bit_planes,bit_planes,,15360,17460,126,1,1,0,0,32,4,42,64,7,32,5.899647,0.174590,0.000000,true,26764-27217-27128-26903-26833-26994-26549-27264-26909-27030-26977-26901-27344-27199-26759-27069
forest-fire,CUDA,temporal,tiled_bit_planes,tiled_bit_planes,,16320,16320,126,1,1,0,0,32,4,42,64,7,32,5.117633,0.152496,0.000000,true,26896-26596-26672-26786-26994-26799-26649-26859-26960-26539-26771-26604-26390-26422-26573-26819
forest-fire,CUDA,temporal,bit_planes,bit_planes,,15360,17472,128,1,1,0,0,32,4,42,64,8,32,6.661878,0.193934,0.000000,true,26795-27234-27145-26913-26851-27023-26573-27300-26917-27022-26970-26888-27363-27241-26797-27107
forest-fire,CUDA,temporal,tiled_bit_planes,tiled_bit_planes,,16320,16320,128,1,1,0,0,32,4,42,64,8,32,5.131495,0.150520,0.000000,true,26896-26596-26672-26786-26994-26799-26649-26859-26960-26539-26771-26604-26390-26422-26573-26819
forest-fire,CUDA,temporal,bit_planes,bit_planes,,15360,17472,126,1,1,0,0,32,4,42,64,9,32,7.363849,0.217771,0.000000,true,26795-27234-27145-26913-26851-27023-26573-27300-26917-27022-26970-26888-27363-27241-26797-27107
forest-fire,CUDA,temporal,tiled_bit_planes,tiled_bit_planes,,16352,16352,126,1,1,0,0,32,4,42,64,9,32,5.567639,0.165257,0.000000,true,26868-27128-27111-26902-26498-27148-27087-27034-27134-26921-27006-27085-27101-27077-26774-27304
forest-fire,CUDA,temporal,bit_planes,bit_planes,,15360,17472,120,1,1,0,0,32,4,42,64,10,32,8.029063,0.249316,0.000000,true,26795-27234-27145-26913-26851-27023-26573-27300-26917-27022-26970-26888-27363-27241-26797-27107
forest-fire,CUDA,temporal,tiled_bit_planes,tiled_bit_planes,,16352,16352,120,1,1,0,0,32,4,42,64,10,32,5.266591,0.164137,0.000000,true,26868-27128-27111-26902-26498-27148-27087-27034-27134-26921-27006-27085-27101-27077-26774-27304
forest-fire,CUDA,temporal,bit_planes,bit_planes,,15360,17472,120,1,1,0,0,32,4,42,64,12,32,11.516481,0.357606,0.000000,true,26795-27234-27145-26913-26851-27023-26573-27300-26917-27022-26970-26888-27363-27241-26797-27107
forest-fire,CUDA,temporal,tiled_bit_planes,tiled_bit_planes,,16352,16352,120,1,1,0,0,32,4,42,64,12,32,5.210275,0.162382,0.000000,true,26868-27128-27111-26902-26498-27148-27087-27034-27134-26921-27006-27085-27101-27077-26774-27304
forest-fire,CUDA,temporal,bit_planes,bit_planes,,15360,17476,126,1,1,0,0,32,4,42,64,14,32,24.762730,0.732141,0.000000,true,26799-27232-27147-26924-26863-27039-26579-27305-26911-27035-26977-26902-27373-27237-26803-27118
forest-fire,CUDA,temporal,tiled_bit_planes,tiled_bit_planes,,16352,16352,126,1,1,0,0,32,4,42,64,14,32,5.425594,0.161040,0.000000,true,26868-27128-27111-26902-26498-27148-27087-27034-27134-26921-27006-27085-27101-27077-26774-27304
forest-fire,CUDA,temporal,tiled_bit_planes,tiled_bit_planes,,16352,16352,128,1,1,0,0,32,4,42,64,16,32,5.486777,0.160312,0.000000,true,26868-27128-27111-26902-26498-27148-27087-27034-27134-26921-27006-27085-27101-27077-26774-27304
forest-fire,CUDA,temporal,tiled_bit_planes,tiled_bit_planes,,16224,16432,126,1,1,0,0,32,4,42,64,18,32,6.202899,0.184661,0.000000,true,26790-27054-27004-26456-27095-26838-27158-26949-26695-26573-27142-26936-26704-27207-27216-26742
forest-fire,CUDA,temporal,tiled_bit_planes,tiled_bit_planes,,16224,16432,120,1,1,0,0,32,4,42,64,20,32,5.888059,0.184053,0.000000,true,26790-27054-27004-26456-27095-26838-27158-26949-26695-26573-27142-26936-26704-27207-27216-26742
forest-fire,CUDA,temporal,tiled_bit_planes,tiled_bit_planes,,16224,16432,110,1,1,0,0,32,4,42,64,22,32,5.388937,0.183765,0.000000,true,26790-27054-27004-26456-27095-26838-27158-26949-26695-26573-27142-26936-26704-27207-27216-26742
forest-fire,CUDA,temporal,tiled_bit_planes,tiled_bit_planes,,16224,16432,120,1,1,0,0,32,4,42,64,24,32,5.860747,0.183199,0.000000,true,26790-27054-27004-26456-27095-26838-27158-26949-26695-26573-27142-26936-26704-27207-27216-26742
forest-fire,CUDA,,,,baseline,16384,16384,128,1,1,0,0,32,8,42,0,0,0,249.012991,7.247232,0.000000,true,26894-27146-27581-26919-27107-27391-27038-27064-26879-26789-27286-27244-26990-26887-27047-26969
forest-fire,CUDA,simple,standard,standard,,16384,16384,128,1,1,0,0,32,8,42,0,0,0,255.927275,7.448464,0.000000,true,26894-27146-27581-26919-27107-27391-27038-27064-26879-26789-27286-27244-26990-26887-27047-26969
forest-fire,CUDA,simple,bit_array,bit_array,,16384,16384,128,1,1,0,0,32,8,42,32,0,0,252.580862,7.351071,0.000000,true,26894-27146-27581-26919-27107-27391-27038-27064-26879-26789-27286-27244-26990-26887-27047-26969
forest-fire,CUDA,simple,bit_planes,bit_planes,,16384,16384,128,1,1,0,0,32,8,42,32,0,0,15.040134,0.437726,0.000000,true,26894-27146-27581-26919-27107-27391-27038-27064-26879-26789-27286-27244-26990-26887-27047-26969
forest-fire,CUDA,simple,tiled_bit_planes,tiled_bit_planes,,16384,16384,128,1,1,0,0,32,8,42,32,0,0,15.907247,0.462962,0.000000,true,26894-27146-27581-26919-27107-27391-27038-27064-26879-26789-27286-27244-26990-26887-27047-26969
forest-fire,CUDA,temporal,bit_planes,bit_planes,,16320,16440,128,1,1,0,0,32,8,42,32,2,64,7.594761,0.221148,0.000000,true,27111-26798-26882-26950-27192-26975-26828-27106-27133-26730-26930-26783-26599-26604-26715-26942
forest-fire,CUDA,temporal,tiled_bit_planes,tiled_bit_planes,,16320,16368,128,1,1,0,0,32,8,42,32,2,64,9.028337,0.264047,0.000000,true,26980-26679-26739-26855-27058-26881-26739-26953-27017-26610-26839-26653-26477-26475-26621-26915
forest-fire,CUDA,temporal,bit_planes,bit_planes,,16320,16414,126,1,1,0,0,32,8,42,32,3,64,6.511800,0.192928,0.000000,true,27063-26759-26838-26929-27150-26951-26799-27040-27093-26680-26888-26749-26540-26546-26692-26955
forest-fire,CUDA,temporal,tiled_bit_planes,tiled_bit_planes,,16320,16368,126,1,1,0,0,32,8,42,32,3,64,7.218638,0.214471,0.000000,true,26980-26679-26739-26855-27058-26881-26739-26953-27017-26610-26839-26653-26477-26475-26621-26915
forest-fire,CUDA,temporal,bit_planes,bit_planes,,16320,16408,128,1,1,0,0,32,8,42,32,4,64,6.040041,0.176220,0.000000,true,27047-26744-26820-26912-27135-26932-26792-27032-27084-26673-26882-26729-26532-26550-26691-26953
forest-fire,CUDA,temporal,tiled_bit_planes,tiled_bit_planes,,16320,16368,128,1,1,0,0,32,8,42,32,4,64,6.727218,0.196748,0.000000,true,26980-26679-26739-26855-27058-26881-26739-26953-27017-26610-26839-26653-26477-26475-26621-26915
forest-fire,CUDA,temporal,bit_planes,bit_planes,,16320,16416,125,1,1,0,0,32,8,42,32,5,64,5.733263,0.171200,0.000000,true,27061-26767-26835-26923-27150-26951-26799-27040-27093-26680-26888-26749-26544-26550-26704-26957
forest-fire,CUDA,temporal,tiled_bit_planes,tiled_bit_planes,,16320,16320,125,1,1,0,0,32,8,42,32,5,64,6.439970,0.193434,0.000000,true,26896-26596-26672-26786-26994-26799-26649-26859-26960-26539-26771-26604-26390-26422-26573-26819
forest-fire,CUDA,temporal,bit_planes,bit_planes,,16320,16432,126,1,1,0,0,32,8,42,32,6,64,5.746632,0.170072,0.000000,true,27097-26794-26873-26945-27179-26969-26812-27082-27111-26716-26926-26776-26588-26592-26703-26966
forest-fire,CUDA,temporal,tiled_bit_planes,tiled_bit_planes,,16320,16320,126,1,1,0,0,32,8,42,32,6,64,6.272945,0.186922,0.000000,true,26896-26596-26672-26786-26994-26799-26649-26859-26960-26539-26771-26604-26390-26422-26573-26819
forest-fire,CUDA,temporal,bit_planes,bit_planes,,16320,16400,126,1,1,0,0,32,8,42,32,7,64,5.777690,0.171325,0.000000,true,27024-26733-26806-26897-27128-26913-26782-27024-27065-26680-26862-26704-26528-26523-26677-26951
forest-fire,CUDA,temporal,tiled_bit_planes,tiled_bit_planes,,16320,16320,126,1,1,0,0,32,8,42,32,7,64,6.139592,0.182948,0.000000,true,26896-26596-26672-26786-26994-26799-26649-26859-26960-26539-26771-26604-26390-26422-26573-26819
forest-fire,CUDA,temporal,bit_planes,bit_planes,,16320,16416,128,1,1,0,0,32,8,42,32,8,64,5.939467,0.173201,0.000000,true,27061-26767-26835-26923-27150-26951-26799-27040-27093-26680-26888-26749-26544-26550-26704-26957
forest-fire,CUDA,temporal,tiled_bit_planes,tiled_bit_planes,,16320,16320,128,1,1,0,0,32,8,42,32,8,64,6.136798,0.180008,0.000000,true,26896-26596-26672-26786-26994-26799-26649-26859-26960-26539-26771-26604-26390-26422-26573-26819
forest-fire,CUDA,temporal,bit_planes,bit_planes,,16320,16422,126,1,1,0,0,32,8,42,32,9,64,6.070877,0.179777,0.000000,true,27079-26775-26860-26932-27172-26959-26806-27066-27104-26704-26916-26758-26534-26546-26676-26939
forest-fire,CUDA,temporal,tiled_bit_planes,tiled_bit_planes,,16352,16240,126,1,1,0,0,32,8,42,32,9,64,6.410024,0.191572,0.000000,true,26697-26945-26905-26724-26275-26933-26915-26854-26942-26782-26846-26945-26969-26824-26538-27103
forest-fire,CUDA,temporal,bit_planes,bit_planes,,16320,16412,120,1,1,0,0,32,8,42,32,10,64,5.923923,0.184309,0.000000,true,27059-26756-26826-26917-27139-26942-26798-27037-27089-26673-26884-26744-26534-26548-26700-26952
forest-fire,CUDA,temporal,tiled_bit_planes,tiled_bit_planes,,16352,16240,120,1,1,0,0,32,8,42,32,10,64,6.045058,0.189698,0.000000,true,26697-26945-26905-26724-26275-26933-26915-26854-26942-26782-26846-26945-26969-26824-26538-27103
forest-fire,CUDA,temporal,bit_planes,bit_planes,,16320,16440,120,1,1,0,0,32,8,42,32,12,64,6.409333,0.199072,0.000000,true,27111-26798-26882-26950-27192-26975-26828-27106-27133-26730-26930-26783-26599-26604-26715-26942
forest-fire,CUDA,temporal,tiled_bit_planes,tiled_bit_planes,,16352,16240,120,1,1,0,0,32,8,42,32,12,64,5.966077,0.187219,0.000000,true,26697-26945-26905-26724-26275-26933-26915-26854-26942-26782-26846-26945-26969-26824-26538-27103
forest-fire,CUDA,temporal,bit_planes,bit_planes,,16320,16416,126,1,1,0,0,32,8,42,32,14,64,7.279971,0.215661,0.000000,true,27061-26767-26835-26923-27150-26951-26799-27040-27093-26680-26888-26749-26544-26550-26704-26957
forest-fire,CUDA,temporal,tiled_bit_planes,tiled_bit_planes,,16352,16352,126,1,1,0,0,32,8,42,32,14,64,6.437386,0.191072,0.000000,true,26868-27128-27111-26902-26498-27148-27087-27034-27134-26921-27006-27085-27101-27077-26774-27304
forest-fire,CUDA,temporal,bit_planes,bit_planes,,16320,16448,128,1,1,0,0,32,8,42,32,16,64,8.261086,0.240433,0.000000,true,27126-26813-26893-26962-27199-26991-26849-27117-27152-26746-26930-26796-26619-26609-26747-26961
forest-fire,CUDA,temporal,tiled_bit_planes,tiled_bit_planes,,16352,16352,128,1,1,0,0,32,8,42,32,16,64,6.489045,0.189596,0.000000,true,26868-27128-27111-26902-26498-27148-27087-27034-27134-26921-27006-27085-27101-27077-26774-27304
forest-fire,CUDA,temporal,bit_planes,bit_planes,,16320,16436,126,1,1,0,0,32,8,42,32,18,64,9.205377,0.272367,0.000000,true,27102-26792-26872-26944-27183-26975-26826-27095-27122-26722-26921-26775-26589-26596-26718-26954
forest-fire,CUDA,temporal,tiled_bit_planes,tiled_bit_planes,,16224,16416,126,1,1,0,0,32,8,42,32,18,64,7.081959,0.211037,0.000000,true,26752-27025-26970-26420-27078-26825-27132-26930-26662-26549-27145-26928-26695-27170-27159-26698
forest-fire,CUDA,temporal,bit_planes,bit_planes,,16320,16440,120,1,1,0,0,32,8,42,32,20,64,10.180945,0.316217,0.000000,true,27111-26798-26882-26950-27192-26975-26828-27106-27133-26730-26930-26783-26599-26604-26715-26942
forest-fire,CUDA,temporal,tiled_bit_planes,tiled_bit_planes,,16224,16416,120,1,1,0,0,32,8,42,32,20,64,6.717543,0.210186,0.000000,true,26752-27025-26970-26420-27078-26825-27132-26930-26662-26549-27145-26928-26695-27170-27159-26698
forest-fire,CUDA,temporal,bit_planes,bit_planes,,16320,16440,110,1,1,0,0,32,8,42,32,22,64,11.077351,0.375337,0.000000,true,27111-26798-26882-26950-27192-26975-26828-27106-27133-26730-26930-26783-26599-26604-26715-26942
forest-fire,CUDA,temporal,tiled_bit_planes,tiled_bit_planes,,16224,16432,110,1,1,0,0,32,8,42,32,22,64,6.471208,0.220671,0.000000,true,26790-27054-27004-26456-27095-26838-27158-26949-26695-26573-27142-26936-26704-27207-27216-26742
forest-fire,CUDA,temporal,bit_planes,bit_planes,,16320,16448,120,1,1,0,0,32,8,42,32,24,64,15.047555,0.467145,0.000000,true,27126-26813-26893-26962-27199-26991-26849-27117-27152-26746-26930-26796-26619-26609-26747-26961
forest-fire,CUDA,temporal,tiled_bit_planes,tiled_bit_planes,,16224,16432,120,1,1,0,0,32,8,42,32,24,64,7.033935,0.219871,0.000000,true,26790-27054-27004-26456-27095-26838-27158-26949-26695-26573-27142-26936-26704-27207-27216-26742
forest-fire,CUDA,simple,bit_array,bit_array,,16384,16384,128,1,1,0,0,32,8,42,64,0,0,524.043254,15.251666,0.000000,true,26894-27146-27581-26919-27107-27391-27038-27064-26879-26789-27286-27244-26990-26887-27047-26969
forest-fire,CUDA,simple,bit_planes,bit_planes,,16384,16384,128,1,1,0,0,32,8,42,64,0,0,10.387970,0.302330,0.000000,true,26894-27146-27581-26919-27107-27391-27038-27064-26879-26789-27286-27244-26990-26887-27047-26969
forest-fire,CUDA,simple,tiled_bit_planes,tiled_bit_planes,,16384,16384,128,1,1,0,0,32,8,42,64,0,0,10.706876,0.311611,0.000000,true,26894-27146-27581-26919-27107-27391-27038-27064-26879-26789-27286-27244-26990-26887-27047-26969
forest-fire,CUDA,temporal,bit_planes,bit_planes,,15360,17472,128,1,1,0,0,32,8,42,64,2,32,6.051748,0.176172,0.000000,true,26795-27234-27145-26913-26851-27023-26573-27300-26917-27022-26970-26888-27363-27241-26797-27107
forest-fire,CUDA,temporal,tiled_bit_planes,tiled_bit_planes,,16320,16320,128,1,1,0,0,32,8,42,64,2,32,7.558045,0.221697,0.000000,true,26896-26596-26672-26786-26994-26799-26649-26859-26960-26539-26771-26604-26390-26422-26573-26819
forest-fire,CUDA,temporal,bit_planes,bit_planes,,15360,17472,126,1,1,0,0,32,8,42,64,3,32,5.735997,0.169631,0.000000,true,26795-27234-27145-26913-26851-27023-26573-27300-26917-27022-26970-26888-27363-27241-26797-27107
forest-fire,CUDA,temporal,tiled_bit_planes,tiled_bit_planes,,16320,16320,126,1,1,0,0,32,8,42,64,3,32,6.168937,0.183823,0.000000,true,26896-26596-26672-26786-26994-26799-26649-26859-26960-26539-26771-26604-26390-26422-26573-26819
forest-fire,CUDA,temporal,bit_planes,bit_planes,,15360,17472,128,1,1,0,0,32,8,42,64,4,32,5.633310,0.163991,0.000000,true,26795-27234-27145-26913-26851-27023-26573-27300-26917-27022-26970-26888-27363-27241-26797-27107
forest-fire,CUDA,temporal,tiled_bit_planes,tiled_bit_planes,,16320,16320,128,1,1,0,0,32,8,42,64,4,32,5.869369,0.172164,0.000000,true,26896-26596-26672-26786-26994-26799-26649-26859-26960-26539-26771-26604-26390-26422-26573-26819
forest-fire,CUDA,temporal,bit_planes,bit_planes,,15360,17468,125,1,1,0,0,32,8,42,64,5,32,5.654563,0.168599,0.000000,true,26785-27220-27136-26906-26846-27019-26570-27287-26912-27019-26972-26896-27353-27238-26785-27083
forest-fire,CUDA,temporal,tiled_bit_planes,tiled_bit_planes,,16320,16320,125,1,1,0,0,32,8,42,64,5,32,5.527679,0.166032,0.000000,true,26896-26596-26672-26786-26994-26799-26649-26859-26960-26539-26771-26604-26390-26422-26573-26819
forest-fire,CUDA,temporal,bit_planes,bit_planes,,15360,17460,126,1,1,0,0,32,8,42,64,6,32,6.076987,0.179838,0.000000,true,26764-27217-27128-26903-26833-26994-26549-27264-26909-27030-26977-26901-27344-27199-26759-27069
forest-fire,CUDA,temporal,tiled_bit_planes,tiled_bit_planes,,16320,16320,126,1,1,0,0,32,8,42,64,6,32,5.424602,0.161643,0.000000,true,26896-26596-26672-26786-26994-26799-26649-26859-26960-26539-26771-26604-26390-26422-26573-26819
forest-fire,CUDA,temporal,bit_planes,bit_planes,,15360,17460,126,1,1,0,0,32,8,42,64,7,32,6.598011,0.195257,0.000000,true,26764-27217-27128-26903-26833-26994-26549-27264-26909-27030-26977-26901-27344-27199-26759-27069
forest-fire,CUDA,temporal,tiled_bit_planes,tiled_bit_planes,,16320,16320,126,1,1,0,0,32,8,42,64,7,32,5.337830,0.159057,0.000000,true,26896-26596-26672-26786-26994-26799-26649-26859-26960-26539-26771-26604-26390-26422-26573-26819
forest-fire,CUDA,temporal,bit_planes,bit_planes,,15360,17472,128,1,1,0,0,32,8,42,64,8,32,7.362476,0.214329,0.000000,true,26795-27234-27145-26913-26851-27023-26573-27300-26917-27022-26970-26888-27363-27241-26797-27107
forest-fire,CUDA,temporal,tiled_bit_planes,tiled_bit_planes,,16320,16320,128,1,1,0,0,32,8,42,64,8,32,5.354525,0.157062,0.000000,true,26896-26596-26672-26786-26994-26799-26649-26859-26960-26539-26771-26604-26390-26422-26573-26819
forest-fire,CUDA,temporal,bit_planes,bit_planes,,15360,17472,126,1,1,0,0,32,8,42,64,9,32,8.176989,0.241818,0.000000,true,26795-27234-27145-26913-26851-27023-26573-27300-26917-27022-26970-26888-27363-27241-26797-27107
forest-fire,CUDA,temporal,tiled_bit_planes,tiled_bit_planes,,16352,16352,126,1,1,0,0,32,8,42,64,9,32,5.918986,0.175685,0.000000,true,26868-27128-27111-26902-26498-27148-27087-27034-27134-26921-27006-27085-27101-27077-26774-27304
forest-fire,CUDA,temporal,bit_planes,bit_planes,,15360,17472,120,1,1,0,0,32,8,42,64,10,32,9.013384,0.279881,0.000000,true,26795-27234-27145-26913-26851-27023-26573-27300-26917-27022-26970-26888-27363-27241-26797-27107
forest-fire,CUDA,temporal,tiled_bit_planes,tiled_bit_planes,,16352,16352,120,1,1,0,0,32,8,42,64,10,32,5.600530,0.174544,0.000000,true,26868-27128-27111-26902-26498-27148-27087-27034-27134-26921-27006-27085-27101-27077-26774-27304
forest-fire,CUDA,temporal,bit_planes,bit_planes,,15360,17472,120,1,1,0,0,32,8,42,64,12,32,13.261862,0.411803,0.000000,true,26795-27234-27145-26913-26851-27023-26573-27300-26917-27022-26970-26888-27363-27241-26797-27107
forest-fire,CUDA,temporal,tiled_bit_planes,tiled_bit_planes,,16352,16352,120,1,1,0,0,32,8,42,64,12,32,5.491314,0.171141,0.000000,true,26868-27128-27111-26902-26498-27148-27087-27034-27134-26921-27006-27085-27101-27077-26774-27304
forest-fire,CUDA,temporal,bit_planes,bit_planes,,15360,17476,126,1,1,0,0,32,8,42,64,14,32,24.735569,0.731338,0.000000,true,26799-27232-27147-26924-26863-27039-26579-27305-26911-27035-26977-26902-27373-27237-26803-27118
forest-fire,CUDA,temporal,tiled_bit_planes,tiled_bit_planes,,16352,16352,126,1,1,0,0,32,8,42,64,14,32,5.721725,0.169830,0.000000,true,26868-27128-27111-26902-26498-27148-27087-27034-27134-26921-27006-27085-27101-27077-26774-27304
forest-fire,CUDA,temporal,tiled_bit_planes,tiled_bit_planes,,16352,16352,128,1,1,0,0,32,8,42,64,16,32,5.777149,0.168796,0.000000,true,26868-27128-27111-26902-26498-27148-27087-27034-27134-26921-27006-27085-27101-27077-26774-27304
forest-fire,CUDA,temporal,tiled_bit_planes,tiled_bit_planes,,16224,16432,126,1,1,0,0,32,8,42,64,18,32,6.685725,0.199035,0.000000,true,26790-27054-27004-26456-27095-26838-27158-26949-26695-26573-27142-26936-26704-27207-27216-26742
forest-fire,CUDA,temporal,tiled_bit_planes,tiled_bit_planes,,16224,16432,120,1,1,0,0,32,8,42,64,20,32,6.402302,0.200127,0.000000,true,26790-27054-27004-26456-27095-26838-27158-26949-26695-26573-27142-26936-26704-27207-27216-26742
forest-fire,CUDA,temporal,tiled_bit_planes,tiled_bit_planes,,16224,16432,110,1,1,0,0,32,8,42,64,22,32,5.854778,0.199650,0.000000,true,26790-27054-27004-26456-27095-26838-27158-26949-26695-26573-27142-26936-26704-27207-27216-26742
forest-fire,CUDA,temporal,tiled_bit_planes,tiled_bit_planes,,16224,16432,120,1,1,0,0,32,8,42,64,24,32,6.370404,0.199130,0.000000,true,26790-27054-27004-26456-27095-26838-27158-26949-26695-26573-27142-26936-26704-27207-27216-26742
forest-fire,CUDA,,,,baseline,16384,16384,128,1,1,0,0,32,16,42,0,0,0,279.102644,8.122956,0.000000,true,26894-27146-27581-26919-27107-27391-27038-27064-26879-26789-27286-27244-26990-26887-27047-26969
forest-fire,CUDA,simple,standard,standard,,16384,16384,128,1,1,0,0,32,16,42,0,0,0,281.510395,8.193031,0.000000,true,26894-27146-27581-26919-27107-27391-27038-27064-26879-26789-27286-27244-26990-26887-27047-26969
forest-fire,CUDA,simple,bit_array,bit_array,,16384,16384,128,1,1,0,0,32,16,42,32,0,0,247.775874,7.211227,0.000000,true,26894-27146-27581-26919-27107-27391-27038-27064-26879-26789-27286-27244-26990-26887-27047-26969
forest-fire,CUDA,simple,bit_planes,bit_planes,,16384,16384,128,1,1,0,0,32,16,42,32,0,0,15.404259,0.448323,0.000000,true,26894-27146-27581-26919-27107-27391-27038-27064-26879-26789-27286-27244-26990-26887-27047-26969
forest-fire,CUDA,simple,tiled_bit_planes,tiled_bit_planes,,16384,16384,128,1,1,0,0,32,16,42,32,0,0,16.249979,0.472937,0.000000,true,26894-27146-27581-26919-27107-27391-27038-27064-26879-26789-27286-27244-26990-26887-27047-26969
forest-fire,CUDA,temporal,bit_planes,bit_planes,,16320,16440,128,1,1,0,0,32,16,42,32,2,64,6.905640,0.201081,0.000000,true,27111-26798-26882-26950-27192-26975-26828-27106-27133-26730-26930-26783-26599-26604-26715-26942
forest-fire,CUDA,temporal,tiled_bit_planes,tiled_bit_planes,,16320,16368,128,1,1,0,0,32,16,42,32,2,64,11.484573,0.335884,0.000000,true,26980-26679-26739-26855-27058-26881-26739-26953-27017-26610-26839-26653-26477-26475-26621-26915
forest-fire,CUDA,temporal,bit_planes,bit_planes,,16320,16414,126,1,1,0,0,32,16,42,32,3,64,8.127364,0.240793,0.000000,true,27063-26759-26838-26929-27150-26951-26799-27040-27093-26680-26888-26749-26540-26546-26692-26955
forest-fire,CUDA,temporal,tiled_bit_planes,tiled_bit_planes,,16320,16368,126,1,1,0,0,32,16,42,32,3,64,9.023600,0.268098,0.000000,true,26980-26679-26739-26855-27058-26881-26739-26953-27017-26610-26839-26653-26477-26475-26621-26915
forest-fire,CUDA,temporal,bit_planes,bit_planes,,16320,16408,128,1,1,0,0,32,16,42,32,4,64,7.038894,0.205361,0.000000,true,27047-26744-26820-26912-27135-26932-26792-27032-27084-26673-26882-26729-26532-26550-26691-26953
forest-fire,CUDA,temporal,tiled_bit_planes,tiled_bit_planes,,16320,16368,128,1,1,0,0,32,16,42,32,4,64,8.026559,0.234749,0.000000,true,26980-26679-26739-26855-27058-26881-26739-26953-27017-26610-26839-26653-26477-26475-26621-26915
forest-fire,CUDA,temporal,bit_planes,bit_planes,,16320,16416,125,1,1,0,0,32,16,42,32,5,64,6.271503,0.187273,0.000000,true,27061-26767-26835-26923-27150-26951-26799-27040-27093-26680-26888-26749-26544-26550-26704-26957
forest-fire,CUDA,temporal,tiled_bit_planes,tiled_bit_planes,,16320,16320,125,1,1,0,0,32,16,42,32,5,64,7.422708,0.222952,0.000000,true,26896-26596-26672-26786-26994-26799-26649-26859-26960-26539-26771-26604-26390-26422-26573-26819
forest-fire,CUDA,temporal,bit_planes,bit_planes,,16320,16432,126,1,1,0,0,32,16,42,32,6,64,6.115926,0.181001,0.000000,true,27097-26794-26873-26945-27179-26969-26812-27082-27111-26716-26926-26776-26588-26592-26703-26966
forest-fire,CUDA,temporal,tiled_bit_planes,tiled_bit_planes,,16320,16320,126,1,1,0,0,32,16,42,32,6,64,7.000104,0.208590,0.000000,true,26896-26596-26672-26786-26994-26799-26649-26859-26960-26539-26771-26604-26390-26422-26573-26819
forest-fire,CUDA,temporal,bit_planes,bit_planes,,16320,16400,126,1,1,0,0,32,16,42,32,7,64,5.968902,0.176995,0.000000,true,27024-26733-26806-26897-27128-26913-26782-27024-27065-26680-26862-26704-26528-26523-26677-26951
forest-fire,CUDA,temporal,tiled_bit_planes,tiled_bit_planes,,16320,16320,126,1,1,0,0,32,16,42,32,7,64,6.639704,0.197851,0.000000,true,26896-26596-26672-26786-26994-26799-26649-26859-26960-26539-26771-26604-26390-26422-26573-26819
forest-fire,CUDA,temporal,bit_planes,bit_planes,,16320,16416,128,1,1,0,0,32,16,42,32,8,64,6.102686,0.177960,0.000000,true,27061-26767-26835-26923-27150-26951-26799-27040-27093-26680-26888-26749-26544-26550-26704-26957
forest-fire,CUDA,temporal,tiled_bit_planes,tiled_bit_planes,,16320,16320,128,1,1,0,0,32,16,42,32,8,64,6.559002,0.192392,0.000000,true,26896-26596-26672-26786-26994-26799-26649-26859-26960-26539-26771-26604-26390-26422-26573-26819
forest-fire,CUDA,temporal,bit_planes,bit_planes,,16320,16422,126,1,1,0,0,32,16,42,32,9,64,6.209929,0.183895,0.000000,true,27079-26775-26860-26932-27172-26959-26806-27066-27104-26704-26916-26758-26534-26546-26676-26939
forest-fire,CUDA,temporal,tiled_bit_planes,tiled_bit_planes,,16352,16240,126,1,1,0,0,32,16,42,32,9,64,6.944429,0.207543,0.000000,true,26697-26945-26905-26724-26275-26933-26915-26854-26942-26782-26846-26945-26969-26824-26538-27103
forest-fire,CUDA,temporal,bit_planes,bit_planes,,16320,16412,120,1,1,0,0,32,16,42,32,10,64,6.052099,0.188297,0.000000,true,27059-26756-26826-26917-27139-26942-26798-27037-27089-26673-26884-26744-26534-26548-26700-26952
forest-fire,CUDA,temporal,tiled_bit_planes,tiled_bit_planes,,16352,16240,120,1,1,0,0,32,16,42,32,10,64,6.551010,0.205575,0.000000,true,26697-26945-26905-26724-26275-26933-26915-26854-26942-26782-26846-26945-26969-26824-26538-27103
forest-fire,CUDA,temporal,bit_planes,bit_planes,,16320,16440,120,1,1,0,0,32,16,42,32,12,64,6.529827,0.202814,0.000000,true,27111-26798-26882-26950-27192-26975-26828-27106-27133-26730-26930-26783-26599-26604-26715-26942
forest-fire,CUDA,temporal,tiled_bit_planes,tiled_bit_planes,,16352,16240,120,1,1,0,0,32,16,42,32,12,64,6.514694,0.204435,0.000000,true,26697-26945-26905-26724-26275-26933-26915-26854-26942-26782-26846-26945-26969-26824-26538-27103
forest-fire,CUDA,temporal,bit_planes,bit_planes,,16320,16416,126,1,1,0,0,32,16,42,32,14,64,7.432734,0.220186,0.000000,true,27061-26767-26835-26923-27150-26951-26799-27040-27093-26680-26888-26749-26544-26550-26704-26957
forest-fire,CUDA,temporal,tiled_bit_planes,tiled_bit_planes,,16352,16352,126,1,1,0,0,32,16,42,32,14,64,7.243165,0.214989,0.000000,true,26868-27128-27111-26902-26498-27148-27087-27034-27134-26921-27006-27085-27101-27077-26774-27304
forest-fire,CUDA,temporal,bit_planes,bit_planes,,16320,16448,128,1,1,0,0,32,16,42,32,16,64,8.411005,0.244796,0.000000,true,27126-26813-26893-26962-27199-26991-26849-27117-27152-26746-26930-26796-26619-26609-26747-26961
forest-fire,CUDA,temporal,tiled_bit_planes,tiled_bit_planes,,16352,16352,128,1,1,0,0,32,16,42,32,16,64,7.307053,0.213496,0.000000,true,26868-27128-27111-26902-26498-27148-27087-27034-27134-26921-27006-27085-27101-27077-26774-27304
forest-fire,CUDA,temporal,bit_planes,bit_planes,,16320,16436,126,1,1,0,0,32,16,42,32,18,64,9.368366,0.277190,0.000000,true,27102-26792-26872-26944-27183-26975-26826-27095-27122-26722-26921-26775-26589-26596-26718-26954
forest-fire,CUDA,temporal,tiled_bit_planes,tiled_bit_planes,,16224,16416,126,1,1,0,0,32,16,42,32,18,64,7.909200,0.235688,0.000000,true,26752-27025-26970-26420-27078-26825-27132-26930-26662-26549-27145-26928-26695-27170-27159-26698
forest-fire,CUDA,temporal,bit_planes,bit_planes,,16320,16440,120,1,1,0,0,32,16,42,32,20,64,10.338605,0.321114,0.000000,true,27111-26798-26882-26950-27192-26975-26828-27106-27133-26730-26930-26783-26599-26604-26715-26942
forest-fire,CUDA,temporal,tiled_bit_planes,tiled_bit_planes,,16224,16416,120,1,1,0,0,32,16,42,32,20,64,7.499115,0.234641,0.000000,true,26752-27025-26970-26420-27078-26825-27132-26930-26662-26549-27145-26928-26695-27170-27159-26698
forest-fire,CUDA,temporal,bit_planes,bit_planes,,16320,16440,110,1,1,0,0,32,16,42,32,22,64,11.223214,0.380279,0.000000,true,27111-26798-26882-26950-27192-26975-26828-27106-27133-26730-26930-26783-26599-26604-26715-26942
forest-fire,CUDA,temporal,tiled_bit_planes,tiled_bit_planes,,16224,16432,110,1,1,0,0,32,16,42,32,22,64,7.226619,0.246430,0.000000,true,26790-27054-27004-26456-27095-26838-27158-26949-26695-26573-27142-26936-26704-27207-27216-26742
forest-fire,CUDA,temporal,bit_planes,bit_planes,,16320,16448,120,1,1,0,0,32,16,42,32,24,64,15.211315,0.472229,0.000000,true,27126-26813-26893-26962-27199-26991-26849-27117-27152-26746-26930-26796-26619-26609-26747-26961
forest-fire,CUDA,temporal,tiled_bit_planes,tiled_bit_planes,,16224,16432,120,1,1,0,0,32,16,42,32,24,64,7.860266,0.245701,0.000000,true,26790-27054-27004-26456-27095-26838-27158-26949-26695-26573-27142-26936-26704-27207-27216-26742
forest-fire,CUDA,simple,bit_array,bit_array,,16384,16384,128,1,1,0,0,32,16,42,64,0,0,477.522847,13.897744,0.000000,true,26894-27146-27581-26919-27107-27391-27038-27064-26879-26789-27286-27244-26990-26887-27047-26969
forest-fire,CUDA,simple,bit_planes,bit_planes,,16384,16384,128,1,1,0,0,32,16,42,64,0,0,10.665413,0.310404,0.000000,true,26894-27146-27581-26919-27107-27391-27038-27064-26879-26789-27286-27244-26990-26887-27047-26969
forest-fire,CUDA,simple,tiled_bit_planes,tiled_bit_planes,,16384,16384,128,1,1,0,0,32,16,42,64,0,0,10.986162,0.319739,0.000000,true,26894-27146-27581-26919-27107-27391-27038-27064-26879-26789-27286-27244-26990-26887-27047-26969
forest-fire,CUDA,temporal,bit_planes,bit_planes,,15360,17472,128,1,1,0,0,32,16,42,64,2,32,8.076606,0.235118,0.000000,true,26795-27234-27145-26913-26851-27023-26573-27300-26917-27022-26970-26888-27363-27241-26797-27107
forest-fire,CUDA,temporal,tiled_bit_planes,tiled_bit_planes,,16320,16320,128,1,1,0,0,32,16,42,64,2,32,8.424016,0.247098,0.000000,true,26896-26596-26672-26786-26994-26799-26649-26859-26960-26539-26771-26604-26390-26422-26573-26819
forest-fire,CUDA,temporal,bit_planes,bit_planes,,15360,17472,126,1,1,0,0,32,16,42,64,3,32,6.017506,0.177956,0.000000,true,26795-27234-27145-26913-26851-27023-26573-27300-26917-27022-26970-26888-27363-27241-26797-27107
forest-fire,CUDA,temporal,tiled_bit_planes,tiled_bit_planes,,16320,16320,126,1,1,0,0,32,16,42,64,3,32,6.806950,0.202834,0.000000,true,26896-26596-26672-26786-26994-26799-26649-26859-26960-26539-26771-26604-26390-26422-26573-26819
forest-fire,CUDA,temporal,bit_planes,bit_planes,,15360,17472,128,1,1,0,0,32,16,42,64,4,32,5.620891,0.163629,0.000000,true,26795-27234-27145-26913-26851-27023-26573-27300-26917-27022-26970-26888-27363-27241-26797-27107
forest-fire,CUDA,temporal,tiled_bit_planes,tiled_bit_planes,,16320,16320,128,1,1,0,0,32,16,42,64,4,32,6.560573,0.192438,0.000000,true,26896-26596-26672-26786-26994-26799-26649-26859-26960-26539-26771-26604-26390-26422-26573-26819
forest-fire,CUDA,temporal,bit_planes,bit_planes,,15360,17468,125,1,1,0,0,32,16,42,64,5,32,5.351380,0.159559,0.000000,true,26785-27220-27136-26906-26846-27019-26570-27287-26912-27019-26972-26896-27353-27238-26785-27083
forest-fire,CUDA,temporal,tiled_bit_planes,tiled_bit_planes,,16320,16320,125,1,1,0,0,32,16,42,64,5,32,6.241757,0.187481,0.000000,true,26896-26596-26672-26786-26994-26799-26649-26859-26960-26539-26771-26604-26390-26422-26573-26819
forest-fire,CUDA,temporal,bit_planes,bit_planes,,15360,17460,126,1,1,0,0,32,16,42,64,6,32,5.622574,0.166391,0.000000,true,26764-27217-27128-26903-26833-26994-26549-27264-26909-27030-26977-26901-27344-27199-26759-27069
forest-fire,CUDA,temporal,tiled_bit_planes,tiled_bit_planes,,16320,16320,126,1,1,0,0,32,16,42,64,6,32,6.124309,0.182493,0.000000,true,26896-26596-26672-26786-26994-26799-26649-26859-26960-26539-26771-26604-26390-26422-26573-26819
forest-fire,CUDA,temporal,bit_planes,bit_planes,,15360,17460,126,1,1,0,0,32,16,42,64,7,32,6.047151,0.178955,0.000000,true,26764-27217-27128-26903-26833-26994-26549-27264-26909-27030-26977-26901-27344-27199-26759-27069
forest-fire,CUDA,temporal,tiled_bit_planes,tiled_bit_planes,,16320,16320,126,1,1,0,0,32,16,42,64,7,32,6.026229,0.179570,0.000000,true,26896-26596-26672-26786-26994-26799-26649-26859-26960-26539-26771-26604-26390-26422-26573-26819
forest-fire,CUDA,temporal,bit_planes,bit_planes,,15360,17472,128,1,1,0,0,32,16,42,64,8,32,6.702992,0.195130,0.000000,true,26795-27234-27145-26913-26851-27023-26573-27300-26917-27022-26970-26888-27363-27241-26797-27107
forest-fire,CUDA,temporal,tiled_bit_planes,tiled_bit_planes,,16320,16320,128,1,1,0,0,32,16,42,64,8,32,6.065639,0.177921,0.000000,true,26896-26596-26672-26786-26994-26799-26649-26859-26960-26539-26771-26604-26390-26422-26573-26819
forest-fire,CUDA,temporal,bit_planes,bit_planes,,15360,17472,126,1,1,0,0,32,16,42,64,9,32,7.366683,0.217855,0.000000,true,26795-27234-27145-26913-26851-27023-26573-27300-26917-27022-26970-26888-27363-27241-26797-27107
forest-fire,CUDA,temporal,tiled_bit_planes,tiled_bit_planes,,16352,16352,126,1,1,0,0,32,16,42,64,9,32,6.769062,0.200917,0.000000,true,26868-27128-27111-26902-26498-27148-27087-27034-27134-26921-27006-27085-27101-27077-26774-27304
forest-fire,CUDA,temporal,bit_planes,bit_planes,,15360,17472,120,1,1,0,0,32,16,42,64,10,32,8.094764,0.251356,0.000000,true,26795-27234-27145-26913-26851-27023-26573-27300-26917-27022-26970-26888-27363-27241-26797-27107
forest-fire,CUDA,temporal,tiled_bit_planes,tiled_bit_planes,,16352,16352,120,1,1,0,0,32,16,42,64,10,32,6.407991,0.199710,0.000000,true,26868-27128-27111-26902-26498-27148-27087-27034-27134-26921-27006-27085-27101-27077-26774-27304
forest-fire,CUDA,temporal,bit_planes,bit_planes,,15360,17472,120,1,1,0,0,32,16,42,64,12,32,11.819122,0.367003,0.000000,true,26795-27234-27145-26913-26851-27023-26573-27300-26917-27022-26970-26888-27363-27241-26797-27107
forest-fire,CUDA,temporal,tiled_bit_planes,tiled_bit_planes,,16352,16352,120,1,1,0,0,32,16,42,64,12,32,6.346257,0.197786,0.000000,true,26868-27128-27111-26902-26498-27148-27087-27034-27134-26921-27006-27085-27101-27077-26774-27304
forest-fire,CUDA,temporal,bit_planes,bit_planes,,15360,17476,126,1,1,0,0,32,16,42,64,14,32,24.008449,0.709840,0.000000,true,26799-27232-27147-26924-26863-27039-26579-27305-26911-27035-26977-26902-27373-27237-26803-27118
forest-fire,CUDA,temporal,tiled_bit_planes,tiled_bit_planes,,16352,16352,126,1,1,0,0,32,16,42,64,14,32,6.568826,0.194973,0.000000,true,26868-27128-27111-26902-26498-27148-27087-27034-27134-26921-27006-27085-27101-27077-26774-27304
forest-fire,CUDA,temporal,tiled_bit_planes,tiled_bit_planes,,16352,16352,128,1,1,0,0,32,16,42,64,16,32,6.627486,0.193641,0.000000,true,26868-27128-27111-26902-26498-27148-27087-27034-27134-26921-27006-27085-27101-27077-26774-27304
forest-fire,CUDA,temporal,tiled_bit_planes,tiled_bit_planes,,16224,16432,126,1,1,0,0,32,16,42,64,18,32,7.574931,0.225507,0.000000,true,26790-27054-27004-26456-27095-26838-27158-26949-26695-26573-27142-26936-26704-27207-27216-26742
forest-fire,CUDA,temporal,tiled_bit_planes,tiled_bit_planes,,16224,16432,120,1,1,0,0,32,16,42,64,20,32,7.257287,0.226853,0.000000,true,26790-27054-27004-26456-27095-26838-27158-26949-26695-26573-27142-26936-26704-27207-27216-26742
forest-fire,CUDA,temporal,tiled_bit_planes,tiled_bit_planes,,16224,16432,110,1,1,0,0,32,16,42,64,22,32,6.585152,0.224556,0.000000,true,26790-27054-27004-26456-27095-26838-27158-26949-26695-26573-27142-26936-26704-27207-27216-26742
forest-fire,CUDA,temporal,tiled_bit_planes,tiled_bit_planes,,16224,16432,120,1,1,0,0,32,16,42,64,24,32,7.164024,0.223938,0.000000,true,26790-27054-27004-26456-27095-26838-27158-26949-26695-26573-27142-26936-26704-27207-27216-26742
forest-fire,CUDA,,,,baseline,16384,16384,128,1,1,0,0,32,32,42,0,0,0,327.245253,9.524090,0.000000,true,26894-27146-27581-26919-27107-27391-27038-27064-26879-26789-27286-27244-26990-26887-27047-26969
forest-fire,CUDA,simple,standard,standard,,16384,16384,128,1,1,0,0,32,32,42,0,0,0,326.132186,9.491696,0.000000,true,26894-27146-27581-26919-27107-27391-27038-27064-26879-26789-27286-27244-26990-26887-27047-26969
forest-fire,CUDA,simple,bit_array,bit_array,,16384,16384,128,1,1,0,0,32,32,42,32,0,0,224.119971,6.522750,0.000000,true,26894-27146-27581-26919-27107-27391-27038-27064-26879-26789-27286-27244-26990-26887-27047-26969
forest-fire,CUDA,simple,bit_planes,bit_planes,,16384,16384,128,1,1,0,0,32,32,42,32,0,0,16.108614,0.468822,0.000000,true,26894-27146-27581-26919-27107-27391-27038-27064-26879-26789-27286-27244-26990-26887-27047-26969
forest-fire,CUDA,simple,tiled_bit_planes,tiled_bit_planes,,16384,16384,128,1,1,0,0,32,32,42,32,0,0,16.956487,0.493499,0.000000,true,26894-27146-27581-26919-27107-27391-27038-27064-26879-26789-27286-27244-26990-26887-27047-26969
forest-fire,CUDA,simple,bit_array,bit_array,,16384,16384,128,1,1,0,0,32,32,42,64,0,0,304.082293,8.849960,0.000000,true,26894-27146-27581-26919-27107-27391-27038-27064-26879-26789-27286-27244-26990-26887-27047-26969
forest-fire,CUDA,simple,bit_planes,bit_planes,,16384,16384,128,1,1,0,0,32,32,42,64,0,0,11.128720,0.323888,0.000000,true,26894-27146-27581-26919-27107-27391-27038-27064-26879-26789-27286-27244-26990-26887-27047-26969
forest-fire,CUDA,simple,tiled_bit_planes,tiled_bit_planes,,16384,16384,128,1,1,0,0,32,32,42,64,0,0,11.424641,0.332501,0.000000,true,26894-27146-27581-26919-27107-27391-27038-27064-26879-26789-27286-27244-26990-26887-27047-26969
traffic,CUDA,,,,baseline,16384,16384,128,1,1,0,0,32,2,42,0,0,0,352.012820,10.244921,0.000000,true,12590803-12579339-12581019-12587256-12581811-12582549-12581011-12581025-12585088-12581176-12581863-12584427-12582248-12584140-12584349-12584335
traffic,CUDA,simple,standard,standard,,16384,16384,128,1,1,0,0,32,2,42,0,0,0,352.103048,10.247547,0.000000,true,12590803-12579339-12581019-12587256-12581811-12582549-12581011-12581025-12585088-12581176-12581863-12584427-12582248-12584140-12584349-12584335
traffic,CUDA,simple,bit_array,bit_array,,16384,16384,128,1,1,0,0,32,2,42,32,0,0,238.765393,6.948988,0.000000,true,12590803-12579339-12581019-12587256-12581811-12582549-12581011-12581025-12585088-12581176-12581863-12584427-12582248-12584140-12584349-12584335
traffic,CUDA,simple,bit_planes,bit_planes,,16384,16384,128,1,1,0,0,32,2,42,32,0,0,11.506236,0.334876,0.000000,true,12590803-12579339-12581019-12587256-12581811-12582549-12581011-12581025-12585088-12581176-12581863-12584427-12582248-12584140-12584349-12584335
traffic,CUDA,simple,tiled_bit_planes,tiled_bit_planes,,16384,16384,128,1,1,0,0,32,2,42,32,0,0,11.510983,0.335014,0.000000,true,12590803-12579339-12581019-12587256-12581811-12582549-12581011-12581025-12585088-12581176-12581863-12584427-12582248-12584140-12584349-12584335
traffic,CUDA,temporal,bit_planes,bit_planes,,16320,16440,128,1,1,0,0,32,2,42,32,2,64,13.035066,0.379561,0.000000,true,12570149-12586413-12574561-12576526-12573094-12576377-12579395-12572569-12579444-12574271-12577218-12577942-12579949-12573804-12579088-12580400
traffic,CUDA,temporal,tiled_bit_planes,tiled_bit_planes,,16320,16368,128,1,1,0,0,32,2,42,32,2,64,13.165175,0.385036,0.000000,true,12516968-12531829-12520399-12520565-12517421-12522010-12522151-12517933-12524448-12518982-12523485-12521626-12523187-12517578-12524247-12526186
traffic,CUDA,temporal,bit_planes,bit_planes,,16320,16414,126,1,1,0,0,32,2,42,32,3,64,9.954709,0.294933,0.000000,true,12552834-12568469-12557141-12557970-12554605-12557868-12560006-12554767-12561909-12557106-12560516-12558851-12553656-12548175-12553207-12555792
traffic,CUDA,temporal,tiled_bit_planes,tiled_bit_planes,,16320,16368,126,1,1,0,0,32,2,42,32,3,64,9.399774,0.279274,0.000000,true,12516962-12531832-12520353-12520604-12517350-12521997-12522150-12517990-12524606-12518923-12523605-12521577-12523133-12517626-12524177-12526130
traffic,CUDA,temporal,bit_planes,bit_planes,,16320,16408,128,1,1,0,0,32,2,42,32,4,64,8.273436,0.241379,0.000000,true,12546515-12561446-12551155-12551845-12548505-12551987-12553656-12548668-12555610-12551099-12554644-12552707-12553913-12548540-12553065-12555769
traffic,CUDA,temporal,tiled_bit_planes,tiled_bit_planes,,16320,16368,128,1,1,0,0,32,2,42,32,4,64,7.710858,0.225516,0.000000,true,12516968-12531829-12520399-12520565-12517421-12522010-12522151-12517933-12524448-12518982-12523485-12521626-12523187-12517578-12524247-12526186
traffic,CUDA,temporal,bit_planes,bit_planes,,16320,16416,125,1,1,0,0,32,2,42,32,5,64,6.982537,0.208505,0.000000,true,12552670-12568806-12557513-12558435-12554551-12557890-12559994-12554741-12561915-12557064-12560512-12558895-12560014-12553925-12558947-12561361
traffic,CUDA,temporal,tiled_bit_planes,tiled_bit_planes,,16320,16320,125,1,1,0,0,32,2,42,32,5,64,6.507223,0.195454,0.000000,true,12479976-12493704-12484149-12483176-12479782-12486021-12485448-12481847-12488218-12481440-12487146-12483974-12486999-12481874-12487732-12490245
traffic,CUDA,temporal,bit_planes,bit_planes,,16320,16432,126,1,1,0,0,32,2,42,32,6,64,6.326347,0.187228,0.000000,true,12563953-12580638-12568781-12570752-12566723-12570096-12572793-12566516-12573911-12568397-12571529-12571399-12573629-12567362-12572837-12574138
traffic,CUDA,temporal,tiled_bit_planes,tiled_bit_planes,,16320,16320,126,1,1,0,0,32,2,42,32,6,64,5.839334,0.174001,0.000000,true,12480020-12493650-12484113-12483148-12479774-12486081-12485374-12481817-12488224-12481444-12487212-12483940-12486957-12481864-12487776-12490337
traffic,CUDA,temporal,bit_planes,bit_planes,,16320,16400,126,1,1,0,0,32,2,42,32,7,64,6.147704,0.182297,0.000000,true,12540868-12556914-12545002-12545165-12542319-12546179-12547165-12542441-12549048-12544363-12548544-12546303-12547861-12541165-12547240-12550521
traffic,CUDA,temporal,tiled_bit_planes,tiled_bit_planes,,16320,16320,126,1,1,0,0,32,2,42,32,7,64,5.346583,0.159318,0.000000,true,12480020-12493650-12484113-12483148-12479774-12486081-12485374-12481817-12488224-12481444-12487212-12483940-12486957-12481864-12487776-12490337
traffic,CUDA,temporal,bit_planes,bit_planes,,16320,16416,128,1,1,0,0,32,2,42,32,8,64,5.902541,0.172124,0.000000,true,12552662-12568846-12557445-12558353-12554652-12557891-12559974-12554729-12561820-12557082-12560470-12558856-12559994-12553886-12559077-12561496
traffic,CUDA,temporal,tiled_bit_planes,tiled_bit_planes,,16320,16320,128,1,1,0,0,32,2,42,32,8,64,5.035048,0.147691,0.000000,true,12480017-12493656-12484130-12483172-12479766-12486100-12485322-12481752-12488172-12481441-12487257-12483914-12486986-12481871-12487761-12490414
traffic,CUDA,temporal,bit_planes,bit_planes,,16320,16422,126,1,1,0,0,32,2,42,32,9,64,5.573178,0.165039,0.000000,true,12558333-12575078-12562809-12564673-12560667-12564127-12566329-12560565-12567928-12562747-12565968-12564747-12560868-12553983-12560123-12562035
traffic,CUDA,temporal,tiled_bit_planes,tiled_bit_planes,,16352,16240,126,1,1,0,0,32,2,42,32,9,64,5.148671,0.153875,0.000000,true,12445133-12450722-12449552-12451811-12449911-12448339-12445885-12443281-12452214-12446542-12444903-12448611-12448671-12444189-12453089-12448862
traffic,CUDA,temporal,bit_planes,bit_planes,,16320,16412,120,1,1,0,0,32,2,42,32,10,64,5.329497,0.165815,0.000000,true,12549788-12565467-12554069-12554866-12551586-12554970-12556873-12551788-12558671-12554040-12557755-12555846-12556932-12550930-12556099-12558702
traffic,CUDA,temporal,tiled_bit_planes,tiled_bit_planes,,16352,16240,120,1,1,0,0,32,2,42,32,10,64,4.642548,0.145686,0.000000,true,12445126-12450727-12449483-12451562-12449759-12448343-12445913-12443271-12452333-12446400-12444901-12448694-12448747-12444316-12453147-12448993
traffic,CUDA,temporal,bit_planes,bit_planes,,16320,16440,120,1,1,0,0,32,2,42,32,12,64,5.262034,0.163437,0.000000,true,12570463-12586131-12574561-12576592-12572951-12576377-12579285-12572806-12579588-12574164-12577362-12577767-12579728-12574142-12579099-12580184
traffic,CUDA,temporal,tiled_bit_planes,tiled_bit_planes,,16352,16240,120,1,1,0,0,32,2,42,32,12,64,4.254437,0.133507,0.000000,true,12445126-12450727-12449483-12451562-12449759-12448343-12445913-12443271-12452333-12446400-12444901-12448694-12448747-12444316-12453147-12448993
traffic,CUDA,temporal,bit_planes,bit_planes,,16320,16416,126,1,1,0,0,32,2,42,32,14,64,5.561461,0.164752,0.000000,true,12552710-12568778-12557483-12558409-12554605-12557868-12560006-12554767-12561909-12557106-12560516-12558851-12559926-12553933-12558961-12561405
traffic,CUDA,temporal,tiled_bit_planes,tiled_bit_planes,,16352,16352,126,1,1,0,0,32,2,42,32,14,64,4.338976,0.128788,0.000000,true,12531088-12534925-12534980-12537828-12535198-12535077-12532511-12528579-12540276-12532168-12531560-12535990-12533208-12531842-12537249-12533686
traffic,CUDA,temporal,bit_planes,bit_planes,,16320,16448,128,1,1,0,0,32,2,42,32,16,64,5.936341,0.172773,0.000000,true,12576825-12593059-12580271-12582562-12579435-12582434-12585836-12578464-12584937-12580316-12583378-12584544-12586089-12579272-12585421-12586453
traffic,CUDA,temporal,tiled_bit_planes,tiled_bit_planes,,16352,16352,128,1,1,0,0,32,2,42,32,16,64,4.240085,0.123886,0.000000,true,12531040-12534943-12534950-12537834-12535189-12535176-12532569-12528549-12540295-12532132-12531551-12535956-12533225-12531839-12537183-12533734
traffic,CUDA,temporal,bit_planes,bit_planes,,16320,16436,126,1,1,0,0,32,2,42,32,18,64,6.194045,0.183268,0.000000,true,12567568-12584102-12571307-12573708-12569918-12573300-12576075-12569553-12576686-12571269-12574349-12574717-12576240-12570111-12576487-12577072
traffic,CUDA,temporal,tiled_bit_planes,tiled_bit_planes,,16224,16416,126,1,1,0,0,32,2,42,32,18,64,4.365607,0.130091,0.000000,true,12485057-12481775-12486814-12487194-12483697-12487298-12482930-12479386-12485226-12487901-12482762-12484354-12490008-12481539-12481067-12487999
traffic,CUDA,temporal,bit_planes,bit_planes,,16320,16440,120,1,1,0,0,32,2,42,32,20,64,6.508084,0.202139,0.000000,true,12570463-12586131-12574561-12576592-12572951-12576377-12579285-12572806-12579588-12574164-12577362-12577767-12579728-12574142-12579099-12580184
traffic,CUDA,temporal,tiled_bit_planes,tiled_bit_planes,,16224,16416,120,1,1,0,0,32,2,42,32,20,64,4.022294,0.125854,0.000000,true,12484777-12481779-12486658-12487480-12483863-12487149-12483179-12479252-12485137-12488087-12482734-12484319-12490054-12481600-12480982-12487957
traffic,CUDA,temporal,bit_planes,bit_planes,,16320,16440,110,1,1,0,0,32,2,42,32,22,64,6.848292,0.232043,0.000000,true,12570741-12586150-12574538-12576486-12572580-12576737-12579006-12573180-12579828-12573922-12577642-12577575-12579702-12574081-12579008-12580024
traffic,CUDA,temporal,tiled_bit_planes,tiled_bit_planes,,16224,16432,110,1,1,0,0,32,2,42,32,22,64,3.812413,0.130005,0.000000,true,12497555-12493535-12498729-12499445-12496480-12499272-12495265-12491346-12496847-12499755-12494498-12497085-12501281-12494845-12493613-12500147
traffic,CUDA,temporal,bit_planes,bit_planes,,16320,16448,120,1,1,0,0,32,2,42,32,24,64,9.157835,0.284301,0.000000,true,12576973-12592841-12580413-12582620-12579384-12582509-12585833-12578615-12584990-12580084-12583449-12584348-12586036-12579599-12585235-12586367
traffic,CUDA,temporal,tiled_bit_planes,tiled_bit_planes,,16224,16432,120,1,1,0,0,32,2,42,32,24,64,4.098800,0.128123,0.000000,true,12497965-12493540-12499031-12499216-12496160-12499240-12495011-12491452-12496931-12499663-12494793-12497176-12501165-12494856-12493212-12500287
traffic,CUDA,simple,bit_array,bit_array,,16384,16384,128,1,1,0,0,32,2,42,64,0,0,258.948526,7.536394,0.000000,true,12590803-12579339-12581019-12587256-12581811-12582549-12581011-12581025-12585088-12581176-12581863-12584427-12582248-12584140-12584349-12584335
traffic,CUDA,simple,bit_planes,bit_planes,,16384,16384,128,1,1,0,0,32,2,42,64,0,0,10.005797,0.291207,0.000000,true,12590803-12579339-12581019-12587256-12581811-12582549-12581011-12581025-12585088-12581176-12581863-12584427-12582248-12584140-12584349-12584335
traffic,CUDA,simple,tiled_bit_planes,tiled_bit_planes,,16384,16384,128,1,1,0,0,32,2,42,64,0,0,10.031536,0.291956,0.000000,true,12590803-12579339-12581019-12587256-12581811-12582549-12581011-12581025-12585088-12581176-12581863-12584427-12582248-12584140-12584349-12584335
traffic,CUDA,temporal,bit_planes,bit_planes,,15360,17472,128,1,1,0,0,32,2,42,64,2,32,9.198617,0.267780,0.000000,true,12575560-12578811-12585107-12582490-12575744-12579689-12581391-12577841-12579608-12586354-12575856-12583804-12583286-12576138-12579634-12581849
traffic,CUDA,temporal,tiled_bit_planes,tiled_bit_planes,,16320,16320,128,1,1,0,0,32,2,42,64,2,32,8.444157,0.247689,0.000000,true,12480017-12493656-12484130-12483172-12479766-12486100-12485322-12481752-12488172-12481441-12487257-12483914-12486986-12481871-12487761-12490414
traffic,CUDA,temporal,bit_planes,bit_planes,,15360,17472,126,1,1,0,0,32,2,42,64,3,32,6.533282,0.193209,0.000000,true,12575489-12578740-12585170-12582467-12575787-12579690-12581388-12577908-12579626-12586301-12575805-12583766-12583305-12576224-12579667-12581829
traffic,CUDA,temporal,tiled_bit_planes,tiled_bit_planes,,16320,16320,126,1,1,0,0,32,2,42,64,3,32,6.069805,0.180869,0.000000,true,12480020-12493650-12484113-12483148-12479774-12486081-12485374-12481817-12488224-12481444-12487212-12483940-12486957-12481864-12487776-12490337
traffic,CUDA,temporal,bit_planes,bit_planes,,15360,17472,128,1,1,0,0,32,2,42,64,4,32,5.841427,0.170049,0.000000,true,12575560-12578811-12585107-12582490-12575744-12579689-12581391-12577841-12579608-12586354-12575856-12583804-12583286-12576138-12579634-12581849
traffic,CUDA,temporal,tiled_bit_planes,tiled_bit_planes,,16320,16320,128,1,1,0,0,32,2,42,64,4,32,5.009739,0.146948,0.000000,true,12480017-12493656-12484130-12483172-12479766-12486100-12485322-12481752-12488172-12481441-12487257-12483914-12486986-12481871-12487761-12490414
traffic,CUDA,temporal,bit_planes,bit_planes,,15360,17468,125,1,1,0,0,32,2,42,64,5,32,5.340033,0.159221,0.000000,true,12573121-12576047-12582678-12579205-12572731-12576844-12578424-12575266-12577205-12583487-12572603-12580445-12579761-12572997-12576692-12579466
traffic,CUDA,temporal,tiled_bit_planes,tiled_bit_planes,,16320,16320,125,1,1,0,0,32,2,42,64,5,32,4.261648,0.128005,0.000000,true,12479976-12493704-12484149-12483176-12479782-12486021-12485448-12481847-12488218-12481440-12487146-12483974-12486999-12481874-12487732-12490245
traffic,CUDA,temporal,bit_planes,bit_planes,,15360,17460,126,1,1,0,0,32,2,42,64,6,32,5.102360,0.150996,0.000000,true,12567346-12570370-12576242-12573314-12566912-12570978-12572566-12569732-12571908-12577475-12566340-12574191-12573624-12567531-12572137-12574410
traffic,CUDA,temporal,tiled_bit_planes,tiled_bit_planes,,16320,16320,126,1,1,0,0,32,2,42,64,6,32,3.849650,0.114712,0.000000,true,12480020-12493650-12484113-12483148-12479774-12486081-12485374-12481817-12488224-12481444-12487212-12483940-12486957-12481864-12487776-12490337
traffic,CUDA,temporal,bit_planes,bit_planes,,15360,17460,126,1,1,0,0,32,2,42,64,7,32,5.022539,0.148634,0.000000,true,12567346-12570370-12576242-12573314-12566912-12570978-12572566-12569732-12571908-12577475-12566340-12574191-12573624-12567531-12572137-12574410
traffic,CUDA,temporal,tiled_bit_planes,tiled_bit_planes,,16320,16320,126,1,1,0,0,32,2,42,64,7,32,3.566979,0.106289,0.000000,true,12480020-12493650-12484113-12483148-12479774-12486081-12485374-12481817-12488224-12481444-12487212-12483940-12486957-12481864-12487776-12490337
traffic,CUDA,temporal,bit_planes,bit_planes,,15360,17472,128,1,1,0,0,32,2,42,64,8,32,5.247571,0.152762,0.000000,true,12575560-12578811-12585107-12582490-12575744-12579689-12581391-12577841-12579608-12586354-12575856-12583804-12583286-12576138-12579634-12581849
traffic,CUDA,temporal,tiled_bit_planes,tiled_bit_planes,,16320,16320,128,1,1,0,0,32,2,42,64,8,32,3.410410,0.100036,0.000000,true,12480017-12493656-12484130-12483172-12479766-12486100-12485322-12481752-12488172-12481441-12487257-12483914-12486986-12481871-12487761-12490414
traffic,CUDA,temporal,bit_planes,bit_planes,,15360,17472,126,1,1,0,0,32,2,42,64,9,32,5.097754,0.150756,0.000000,true,12575489-12578740-12585170-12582467-12575787-12579690-12581388-12577908-12579626-12586301-12575805-12583766-12583305-12576224-12579667-12581829
traffic,CUDA,temporal,tiled_bit_planes,tiled_bit_planes,,16352,16352,126,1,1,0,0,32,2,42,64,9,32,3.515631,0.104350,0.000000,true,12531088-12534925-12534980-12537828-12535198-12535077-12532511-12528579-12540276-12532168-12531560-12535990-12533208-12531842-12537249-12533686
traffic,CUDA,temporal,bit_planes,bit_planes,,15360,17472,120,1,1,0,0,32,2,42,64,10,32,5.169022,0.160507,0.000000,true,12575474-12578456-12585315-12582637-12575731-12579773-12581379-12578170-12579843-12586128-12575782-12583385-12583306-12576499-12579690-12581594
traffic,CUDA,temporal,tiled_bit_planes,tiled_bit_planes,,16352,16352,120,1,1,0,0,32,2,42,64,10,32,3.220591,0.100372,0.000000,true,12531205-12534895-12535062-12537687-12535052-12535065-12532382-12528716-12540301-12532135-12531498-12536044-12533260-12531915-12537347-12533601
traffic,CUDA,temporal,bit_planes,bit_planes,,15360,17472,120,1,1,0,0,32,2,42,64,12,32,7.330277,0.227617,0.000000,true,12575474-12578456-12585315-12582637-12575731-12579773-12581379-12578170-12579843-12586128-12575782-12583385-12583306-12576499-12579690-12581594
traffic,CUDA,temporal,tiled_bit_planes,tiled_bit_planes,,16352,16352,120,1,1,0,0,32,2,42,64,12,32,3.020726,0.094143,0.000000,true,12531205-12534895-12535062-12537687-12535052-12535065-12532382-12528716-12540301-12532135-12531498-12536044-12533260-12531915-12537347-12533601
traffic,CUDA,temporal,bit_planes,bit_planes,,15360,17476,126,1,1,0,0,32,2,42,64,14,32,13.515269,0.399596,0.000000,true,12578924-12581549-12587621-12585687-12578792-12582536-12584433-12580512-12582294-12589141-12579040-12586768-12585697-12579308-12582607-12584387
traffic,CUDA,temporal,tiled_bit_planes,tiled_bit_planes,,16352,16352,126,1,1,0,0,32,2,42,64,14,32,3.035368,0.090095,0.000000,true,12531088-12534925-12534980-12537828-12535198-12535077-12532511-12528579-12540276-12532168-12531560-12535990-12533208-12531842-12537249-12533686
traffic,CUDA,temporal,tiled_bit_planes,tiled_bit_planes,,16352,16352,128,1,1,0,0,32,2,42,64,16,32,2.999594,0.087642,0.000000,true,12531040-12534943-12534950-12537834-12535189-12535176-12532569-12528549-12540295-12532132-12531551-12535956-12533225-12531839-12537183-12533734
traffic,CUDA,temporal,tiled_bit_planes,tiled_bit_planes,,16224,16432,126,1,1,0,0,32,2,42,64,18,32,3.429690,0.102102,0.000000,true,12498228-12493464-12499168-12498942-12495929-12499403-12494774-12491691-12497177-12499575-12495041-12497082-12501026-12494763-12493090-12500345
traffic,CUDA,temporal,tiled_bit_planes,tiled_bit_planes,,16224,16432,120,1,1,0,0,32,2,42,64,20,32,3.228252,0.100911,0.000000,true,12497965-12493540-12499031-12499216-12496160-12499240-12495011-12491452-12496931-12499663-12494793-12497176-12501165-12494856-12493212-12500287
traffic,CUDA,temporal,tiled_bit_planes,tiled_bit_planes,,16224,16432,110,1,1,0,0,32,2,42,64,22,32,2.934194,0.100057,0.000000,true,12497555-12493535-12498729-12499445-12496480-12499272-12495265-12491346-12496847-12499755-12494498-12497085-12501281-12494845-12493613-12500147
traffic,CUDA,temporal,tiled_bit_planes,tiled_bit_planes,,16224,16432,120,1,1,0,0,32,2,42,64,24,32,3.166438,0.098979,0.000000,true,12497965-12493540-12499031-12499216-12496160-12499240-12495011-12491452-12496931-12499663-12494793-12497176-12501165-12494856-12493212-12500287
traffic,CUDA,,,,baseline,16384,16384,128,1,1,0,0,32,4,42,0,0,0,272.634235,7.934701,0.000000,true,12590803-12579339-12581019-12587256-12581811-12582549-12581011-12581025-12585088-12581176-12581863-12584427-12582248-12584140-12584349-12584335
traffic,CUDA,simple,standard,standard,,16384,16384,128,1,1,0,0,32,4,42,0,0,0,293.762772,8.549622,0.000000,true,12590803-12579339-12581019-12587256-12581811-12582549-12581011-12581025-12585088-12581176-12581863-12584427-12582248-12584140-12584349-12584335
traffic,CUDA,simple,bit_array,bit_array,,16384,16384,128,1,1,0,0,32,4,42,32,0,0,237.355049,6.907941,0.000000,true,12590803-12579339-12581019-12587256-12581811-12582549-12581011-12581025-12585088-12581176-12581863-12584427-12582248-12584140-12584349-12584335
traffic,CUDA,simple,bit_planes,bit_planes,,16384,16384,128,1,1,0,0,32,4,42,32,0,0,11.183253,0.325475,0.000000,true,12590803-12579339-12581019-12587256-12581811-12582549-12581011-12581025-12585088-12581176-12581863-12584427-12582248-12584140-12584349-12584335
traffic,CUDA,simple,tiled_bit_planes,tiled_bit_planes,,16384,16384,128,1,1,0,0,32,4,42,32,0,0,11.267330,0.327922,0.000000,true,12590803-12579339-12581019-12587256-12581811-12582549-12581011-12581025-12585088-12581176-12581863-12584427-12582248-12584140-12584349-12584335
traffic,CUDA,temporal,bit_planes,bit_planes,,16320,16440,128,1,1,0,0,32,4,42,32,2,64,8.528955,0.248350,0.000000,true,12570149-12586413-12574561-12576526-12573094-12576377-12579395-12572569-12579444-12574271-12577218-12577942-12579949-12573804-12579088-12580400
traffic,CUDA,temporal,tiled_bit_planes,tiled_bit_planes,,16320,16368,128,1,1,0,0,32,4,42,32,2,64,8.695470,0.254312,0.000000,true,12516968-12531829-12520399-12520565-12517421-12522010-12522151-12517933-12524448-12518982-12523485-12521626-12523187-12517578-12524247-12526186
traffic,CUDA,temporal,bit_planes,bit_planes,,16320,16414,126,1,1,0,0,32,4,42,32,3,64,6.239244,0.184853,0.000000,true,12552834-12568469-12557141-12557970-12554605-12557868-12560006-12554767-12561909-12557106-12560516-12558851-12553656-12548175-12553207-12555792
traffic,CUDA,temporal,tiled_bit_planes,tiled_bit_planes,,16320,16368,126,1,1,0,0,32,4,42,32,3,64,6.283941,0.186701,0.000000,true,12516962-12531832-12520353-12520604-12517350-12521997-12522150-12517990-12524606-12518923-12523605-12521577-12523133-12517626-12524177-12526130
traffic,CUDA,temporal,bit_planes,bit_planes,,16320,16408,128,1,1,0,0,32,4,42,32,4,64,5.284568,0.154178,0.000000,true,12546515-12561446-12551155-12551845-12548505-12551987-12553656-12548668-12555610-12551099-12554644-12552707-12553913-12548540-12553065-12555769
traffic,CUDA,temporal,tiled_bit_planes,tiled_bit_planes,,16320,16368,128,1,1,0,0,32,4,42,32,4,64,5.193929,0.151904,0.000000,true,12516968-12531829-12520399-12520565-12517421-12522010-12522151-12517933-12524448-12518982-12523485-12521626-12523187-12517578-12524247-12526186
traffic,CUDA,temporal,bit_planes,bit_planes,,16320,16416,125,1,1,0,0,32,4,42,32,5,64,4.601907,0.137417,0.000000,true,12552670-12568806-12557513-12558435-12554551-12557890-12559994-12554741-12561915-12557064-12560512-12558895-12560014-12553925-12558947-12561361
traffic,CUDA,temporal,tiled_bit_planes,tiled_bit_planes,,16320,16320,125,1,1,0,0,32,4,42,32,5,64,4.476396,0.134455,0.000000,true,12479976-12493704-12484149-12483176-12479782-12486021-12485448-12481847-12488218-12481440-12487146-12483974-12486999-12481874-12487732-12490245
traffic,CUDA,temporal,bit_planes,bit_planes,,16320,16432,126,1,1,0,0,32,4,42,32,6,64,4.261407,0.126116,0.000000,true,12563953-12580638-12568781-12570752-12566723-12570096-12572793-12566516-12573911-12568397-12571529-12571399-12573629-12567362-12572837-12574138
traffic,CUDA,temporal,tiled_bit_planes,tiled_bit_planes,,16320,16320,126,1,1,0,0,32,4,42,32,6,64,4.061603,0.121028,0.000000,true,12480020-12493650-12484113-12483148-12479774-12486081-12485374-12481817-12488224-12481444-12487212-12483940-12486957-12481864-12487776-12490337
traffic,CUDA,temporal,bit_planes,bit_planes,,16320,16400,126,1,1,0,0,32,4,42,32,7,64,3.915811,0.116115,0.000000,true,12540868-12556914-12545002-12545165-12542319-12546179-12547165-12542441-12549048-12544363-12548544-12546303-12547861-12541165-12547240-12550521
traffic,CUDA,temporal,tiled_bit_planes,tiled_bit_planes,,16320,16320,126,1,1,0,0,32,4,42,32,7,64,3.753914,0.111860,0.000000,true,12480020-12493650-12484113-12483148-12479774-12486081-12485374-12481817-12488224-12481444-12487212-12483940-12486957-12481864-12487776-12490337
traffic,CUDA,temporal,bit_planes,bit_planes,,16320,16416,128,1,1,0,0,32,4,42,32,8,64,3.823079,0.111485,0.000000,true,12552662-12568846-12557445-12558353-12554652-12557891-12559974-12554729-12561820-12557082-12560470-12558856-12559994-12553886-12559077-12561496
traffic,CUDA,temporal,tiled_bit_planes,tiled_bit_planes,,16320,16320,128,1,1,0,0,32,4,42,32,8,64,3.643336,0.106868,0.000000,true,12480017-12493656-12484130-12483172-12479766-12486100-12485322-12481752-12488172-12481441-12487257-12483914-12486986-12481871-12487761-12490414
traffic,CUDA,temporal,bit_planes,bit_planes,,16320,16422,126,1,1,0,0,32,4,42,32,9,64,3.774125,0.111763,0.000000,true,12558333-12575078-12562809-12564673-12560667-12564127-12566329-12560565-12567928-12562747-12565968-12564747-12560868-12553983-12560123-12562035
traffic,CUDA,temporal,tiled_bit_planes,tiled_bit_planes,,16352,16240,126,1,1,0,0,32,4,42,32,9,64,3.743108,0.111868,0.000000,true,12445133-12450722-12449552-12451811-12449911-12448339-12445885-12443281-12452214-12446542-12444903-12448611-12448671-12444189-12453089-12448862
traffic,CUDA,temporal,bit_planes,bit_planes,,16320,16412,120,1,1,0,0,32,4,42,32,10,64,3.590445,0.111708,0.000000,true,12549788-12565467-12554069-12554866-12551586-12554970-12556873-12551788-12558671-12554040-12557755-12555846-12556932-12550930-12556099-12558702
traffic,CUDA,temporal,tiled_bit_planes,tiled_bit_planes,,16352,16240,120,1,1,0,0,32,4,42,32,10,64,3.473386,0.108997,0.000000,true,12445126-12450727-12449483-12451562-12449759-12448343-12445913-12443271-12452333-12446400-12444901-12448694-12448747-12444316-12453147-12448993
traffic,CUDA,temporal,bit_planes,bit_planes,,16320,16440,120,1,1,0,0,32,4,42,32,12,64,3.786383,0.117604,0.000000,true,12570463-12586131-12574561-12576592-12572951-12576377-12579285-12572806-12579588-12574164-12577362-12577767-12579728-12574142-12579099-12580184
traffic,CUDA,temporal,tiled_bit_planes,tiled_bit_planes,,16352,16240,120,1,1,0,0,32,4,42,32,12,64,3.357590,0.105363,0.000000,true,12445126-12450727-12449483-12451562-12449759-12448343-12445913-12443271-12452333-12446400-12444901-12448694-12448747-12444316-12453147-12448993
traffic,CUDA,temporal,bit_planes,bit_planes,,16320,16416,126,1,1,0,0,32,4,42,32,14,64,4.246305,0.125792,0.000000,true,12552710-12568778-12557483-12558409-12554605-12557868-12560006-12554767-12561909-12557106-12560516-12558851-12559926-12553933-12558961-12561405
traffic,CUDA,temporal,tiled_bit_planes,tiled_bit_planes,,16352,16352,126,1,1,0,0,32,4,42,32,14,64,3.618638,0.107407,0.000000,true,12531088-12534925-12534980-12537828-12535198-12535077-12532511-12528579-12540276-12532168-12531560-12535990-12533208-12531842-12537249-12533686
traffic,CUDA,temporal,bit_planes,bit_planes,,16320,16448,128,1,1,0,0,32,4,42,32,16,64,4.735351,0.137819,0.000000,true,12576825-12593059-12580271-12582562-12579435-12582434-12585836-12578464-12584937-12580316-12583378-12584544-12586089-12579272-12585421-12586453
traffic,CUDA,temporal,tiled_bit_planes,tiled_bit_planes,,16352,16352,128,1,1,0,0,32,4,42,32,16,64,3.609814,0.105471,0.000000,true,12531040-12534943-12534950-12537834-12535189-12535176-12532569-12528549-12540295-12532132-12531551-12535956-12533225-12531839-12537183-12533734
traffic,CUDA,temporal,bit_planes,bit_planes,,16320,16436,126,1,1,0,0,32,4,42,32,18,64,5.188832,0.153526,0.000000,true,12567568-12584102-12571307-12573708-12569918-12573300-12576075-12569553-12576686-12571269-12574349-12574717-12576240-12570111-12576487-12577072
traffic,CUDA,temporal,tiled_bit_planes,tiled_bit_planes,,16224,16416,126,1,1,0,0,32,4,42,32,18,64,3.886697,0.115820,0.000000,true,12485057-12481775-12486814-12487194-12483697-12487298-12482930-12479386-12485226-12487901-12482762-12484354-12490008-12481539-12481067-12487999
traffic,CUDA,temporal,bit_planes,bit_planes,,16320,16440,120,1,1,0,0,32,4,42,32,20,64,5.663135,0.175895,0.000000,true,12570463-12586131-12574561-12576592-12572951-12576377-12579285-12572806-12579588-12574164-12577362-12577767-12579728-12574142-12579099-12580184
traffic,CUDA,temporal,tiled_bit_planes,tiled_bit_planes,,16224,16416,120,1,1,0,0,32,4,42,32,20,64,3.652149,0.114273,0.000000,true,12484777-12481779-12486658-12487480-12483863-12487149-12483179-12479252-12485137-12488087-12482734-12484319-12490054-12481600-12480982-12487957
traffic,CUDA,temporal,bit_planes,bit_planes,,16320,16440,110,1,1,0,0,32,4,42,32,22,64,6.096945,0.206584,0.000000,true,12570741-12586150-12574538-12576486-12572580-12576737-12579006-12573180-12579828-12573922-12577642-12577575-12579702-12574081-12579008-12580024
traffic,CUDA,temporal,tiled_bit_planes,tiled_bit_planes,,16224,16432,110,1,1,0,0,32,4,42,32,22,64,3.508108,0.119628,0.000000,true,12497555-12493535-12498729-12499445-12496480-12499272-12495265-12491346-12496847-12499755-12494498-12497085-12501281-12494845-12493613-12500147
traffic,CUDA,temporal,bit_planes,bit_planes,,16320,16448,120,1,1,0,0,32,4,42,32,24,64,8.094470,0.251289,0.000000,true,12576973-12592841-12580413-12582620-12579384-12582509-12585833-12578615-12584990-12580084-12583449-12584348-12586036-12579599-12585235-12586367
traffic,CUDA,temporal,tiled_bit_planes,tiled_bit_planes,,16224,16432,120,1,1,0,0,32,4,42,32,24,64,3.800434,0.118796,0.000000,true,12497965-12493540-12499031-12499216-12496160-12499240-12495011-12491452-12496931-12499663-12494793-12497176-12501165-12494856-12493212-12500287
traffic,CUDA,simple,bit_array,bit_array,,16384,16384,128,1,1,0,0,32,4,42,64,0,0,260.932271,7.594129,0.000000,true,12590803-12579339-12581019-12587256-12581811-12582549-12581011-12581025-12585088-12581176-12581863-12584427-12582248-12584140-12584349-12584335
traffic,CUDA,simple,bit_planes,bit_planes,,16384,16384,128,1,1,0,0,32,4,42,64,0,0,10.054308,0.292619,0.000000,true,12590803-12579339-12581019-12587256-12581811-12582549-12581011-12581025-12585088-12581176-12581863-12584427-12582248-12584140-12584349-12584335
traffic,CUDA,simple,tiled_bit_planes,tiled_bit_planes,,16384,16384,128,1,1,0,0,32,4,42,64,0,0,10.064383,0.292912,0.000000,true,12590803-12579339-12581019-12587256-12581811-12582549-12581011-12581025-12585088-12581176-12581863-12584427-12582248-12584140-12584349-12584335
traffic,CUDA,temporal,bit_planes,bit_planes,,15360,17472,128,1,1,0,0,32,4,42,64,2,32,6.863854,0.199813,0.000000,true,12575560-12578811-12585107-12582490-12575744-12579689-12581391-12577841-12579608-12586354-12575856-12583804-12583286-12576138-12579634-12581849
traffic,CUDA,temporal,tiled_bit_planes,tiled_bit_planes,,16320,16320,128,1,1,0,0,32,4,42,64,2,32,6.601274,0.193632,0.000000,true,12480017-12493656-12484130-12483172-12479766-12486100-12485322-12481752-12488172-12481441-12487257-12483914-12486986-12481871-12487761-12490414
traffic,CUDA,temporal,bit_planes,bit_planes,,15360,17472,126,1,1,0,0,32,4,42,64,3,32,4.894792,0.144754,0.000000,true,12575489-12578740-12585170-12582467-12575787-12579690-12581388-12577908-12579626-12586301-12575805-12583766-12583305-12576224-12579667-12581829
traffic,CUDA,temporal,tiled_bit_planes,tiled_bit_planes,,16320,16320,126,1,1,0,0,32,4,42,64,3,32,4.700215,0.140058,0.000000,true,12480020-12493650-12484113-12483148-12479774-12486081-12485374-12481817-12488224-12481444-12487212-12483940-12486957-12481864-12487776-12490337
traffic,CUDA,temporal,bit_planes,bit_planes,,15360,17472,128,1,1,0,0,32,4,42,64,4,32,4.061661,0.118239,0.000000,true,12575560-12578811-12585107-12582490-12575744-12579689-12581391-12577841-12579608-12586354-12575856-12583804-12583286-12576138-12579634-12581849
traffic,CUDA,temporal,tiled_bit_planes,tiled_bit_planes,,16320,16320,128,1,1,0,0,32,4,42,64,4,32,3.856729,0.113128,0.000000,true,12480017-12493656-12484130-12483172-12479766-12486100-12485322-12481752-12488172-12481441-12487257-12483914-12486986-12481871-12487761-12490414
traffic,CUDA,temporal,bit_planes,bit_planes,,15360,17468,125,1,1,0,0,32,4,42,64,5,32,3.585265,0.106900,0.000000,true,12573121-12576047-12582678-12579205-12572731-12576844-12578424-12575266-12577205-12583487-12572603-12580445-12579761-12572997-12576692-12579466
traffic,CUDA,temporal,tiled_bit_planes,tiled_bit_planes,,16320,16320,125,1,1,0,0,32,4,42,64,5,32,3.200589,0.096135,0.000000,true,12479976-12493704-12484149-12483176-12479782-12486021-12485448-12481847-12488218-12481440-12487146-12483974-12486999-12481874-12487732-12490245
traffic,CUDA,temporal,bit_planes,bit_planes,,15360,17460,126,1,1,0,0,32,4,42,64,6,32,3.400144,0.100622,0.000000,true,12567346-12570370-12576242-12573314-12566912-12570978-12572566-12569732-12571908-12577475-12566340-12574191-12573624-12567531-12572137-12574410
traffic,CUDA,temporal,tiled_bit_planes,tiled_bit_planes,,16320,16320,126,1,1,0,0,32,4,42,64,6,32,2.863025,0.085313,0.000000,true,12480020-12493650-12484113-12483148-12479774-12486081-12485374-12481817-12488224-12481444-12487212-12483940-12486957-12481864-12487776-12490337
traffic,CUDA,temporal,bit_planes,bit_planes,,15360,17460,126,1,1,0,0,32,4,42,64,7,32,3.452694,0.102177,0.000000,true,12567346-12570370-12576242-12573314-12566912-12570978-12572566-12569732-12571908-12577475-12566340-12574191-12573624-12567531-12572137-12574410
traffic,CUDA,temporal,tiled_bit_planes,tiled_bit_planes,,16320,16320,126,1,1,0,0,32,4,42,64,7,32,2.691043,0.080188,0.000000,true,12480020-12493650-12484113-12483148-12479774-12486081-12485374-12481817-12488224-12481444-12487212-12483940-12486957-12481864-12487776-12490337
traffic,CUDA,temporal,bit_planes,bit_planes,,15360,17472,128,1,1,0,0,32,4,42,64,8,32,3.756527,0.109356,0.000000,true,12575560-12578811-12585107-12582490-12575744-12579689-12581391-12577841-12579608-12586354-12575856-12583804-12583286-12576138-12579634-12581849
traffic,CUDA,temporal,tiled_bit_planes,tiled_bit_planes,,16320,16320,128,1,1,0,0,32,4,42,64,8,32,2.623690,0.076960,0.000000,true,12480017-12493656-12484130-12483172-12479766-12486100-12485322-12481752-12488172-12481441-12487257-12483914-12486986-12481871-12487761-12490414
traffic,CUDA,temporal,bit_planes,bit_planes,,15360,17472,126,1,1,0,0,32,4,42,64,9,32,4.020940,0.118911,0.000000,true,12575489-12578740-12585170-12582467-12575787-12579690-12581388-12577908-12579626-12586301-12575805-12583766-12583305-12576224-12579667-12581829
traffic,CUDA,temporal,tiled_bit_planes,tiled_bit_planes,,16352,16352,126,1,1,0,0,32,4,42,64,9,32,2.830816,0.084023,0.000000,true,12531088-12534925-12534980-12537828-12535198-12535077-12532511-12528579-12540276-12532168-12531560-12535990-12533208-12531842-12537249-12533686
traffic,CUDA,temporal,bit_planes,bit_planes,,15360,17472,120,1,1,0,0,32,4,42,64,10,32,4.340717,0.134786,0.000000,true,12575474-12578456-12585315-12582637-12575731-12579773-12581379-12578170-12579843-12586128-12575782-12583385-12583306-12576499-12579690-12581594
traffic,CUDA,temporal,tiled_bit_planes,tiled_bit_planes,,16352,16352,120,1,1,0,0,32,4,42,64,10,32,2.648137,0.082531,0.000000,true,12531205-12534895-12535062-12537687-12535052-12535065-12532382-12528716-12540301-12532135-12531498-12536044-12533260-12531915-12537347-12533601
traffic,CUDA,temporal,bit_planes,bit_planes,,15360,17472,120,1,1,0,0,32,4,42,64,12,32,6.259462,0.194367,0.000000,true,12575474-12578456-12585315-12582637-12575731-12579773-12581379-12578170-12579843-12586128-12575782-12583385-12583306-12576499-12579690-12581594
traffic,CUDA,temporal,tiled_bit_planes,tiled_bit_planes,,16352,16352,120,1,1,0,0,32,4,42,64,12,32,2.574696,0.080242,0.000000,true,12531205-12534895-12535062-12537687-12535052-12535065-12532382-12528716-12540301-12532135-12531498-12536044-12533260-12531915-12537347-12533601
traffic,CUDA,temporal,bit_planes,bit_planes,,15360,17476,126,1,1,0,0,32,4,42,64,14,32,12.519385,0.370151,0.000000,true,12578924-12581549-12587621-12585687-12578792-12582536-12584433-12580512-12582294-12589141-12579040-12586768-12585697-12579308-12582607-12584387
traffic,CUDA,temporal,tiled_bit_planes,tiled_bit_planes,,16352,16352,126,1,1,0,0,32,4,42,64,14,32,2.655559,0.078821,0.000000,true,12531088-12534925-12534980-12537828-12535198-12535077-12532511-12528579-12540276-12532168-12531560-12535990-12533208-12531842-12537249-12533686
traffic,CUDA,temporal,tiled_bit_planes,tiled_bit_planes,,16352,16352,128,1,1,0,0,32,4,42,64,16,32,2.665343,0.077876,0.000000,true,12531040-12534943-12534950-12537834-12535189-12535176-12532569-12528549-12540295-12532132-12531551-12535956-12533225-12531839-12537183-12533734
traffic,CUDA,temporal,tiled_bit_planes,tiled_bit_planes,,16224,16432,126,1,1,0,0,32,4,42,64,18,32,2.993744,0.089124,0.000000,true,12498228-12493464-12499168-12498942-12495929-12499403-12494774-12491691-12497177-12499575-12495041-12497082-12501026-12494763-12493090-12500345
traffic,CUDA,temporal,tiled_bit_planes,tiled_bit_planes,,16224,16432,120,1,1,0,0,32,4,42,64,20,32,2.833910,0.088584,0.000000,true,12497965-12493540-12499031-12499216-12496160-12499240-12495011-12491452-12496931-12499663-12494793-12497176-12501165-12494856-12493212-12500287
traffic,CUDA,temporal,tiled_bit_planes,tiled_bit_planes,,16224,16432,110,1,1,0,0,32,4,42,64,22,32,2.572522,0.087724,0.000000,true,12497555-12493535-12498729-12499445-12496480-12499272-12495265-12491346-12496847-12499755-12494498-12497085-12501281-12494845-12493613-12500147
traffic,CUDA,temporal,tiled_bit_planes,tiled_bit_planes,,16224,16432,120,1,1,0,0,32,4,42,64,24,32,2.798917,0.087490,0.000000,true,12497965-12493540-12499031-12499216-12496160-12499240-12495011-12491452-12496931-12499663-12494793-12497176-12501165-12494856-12493212-12500287
traffic,CUDA,,,,baseline,16384,16384,128,1,1,0,0,32,8,42,0,0,0,278.030497,8.091752,0.000000,true,12590803-12579339-12581019-12587256-12581811-12582549-12581011-12581025-12585088-12581176-12581863-12584427-12582248-12584140-12584349-12584335
traffic,CUDA,simple,standard,standard,,16384,16384,128,1,1,0,0,32,8,42,0,0,0,306.382449,8.916903,0.000000,true,12590803-12579339-12581019-12587256-12581811-12582549-12581011-12581025-12585088-12581176-12581863-12584427-12582248-12584140-12584349-12584335
traffic,CUDA,simple,bit_array,bit_array,,16384,16384,128,1,1,0,0,32,8,42,32,0,0,226.299273,6.586176,0.000000,true,12590803-12579339-12581019-12587256-12581811-12582549-12581011-12581025-12585088-12581176-12581863-12584427-12582248-12584140-12584349-12584335
traffic,CUDA,simple,bit_planes,bit_planes,,16384,16384,128,1,1,0,0,32,8,42,32,0,0,11.269670,0.327991,0.000000,true,12590803-12579339-12581019-12587256-12581811-12582549-12581011-12581025-12585088-12581176-12581863-12584427-12582248-12584140-12584349-12584335
traffic,CUDA,simple,tiled_bit_planes,tiled_bit_planes,,16384,16384,128,1,1,0,0,32,8,42,32,0,0,11.287087,0.328497,0.000000,true,12590803-12579339-12581019-12587256-12581811-12582549-12581011-12581025-12585088-12581176-12581863-12584427-12582248-12584140-12584349-12584335
traffic,CUDA,temporal,bit_planes,bit_planes,,16320,16440,128,1,1,0,0,32,8,42,32,2,64,6.882363,0.200404,0.000000,true,12570149-12586413-12574561-12576526-12573094-12576377-12579395-12572569-12579444-12574271-12577218-12577942-12579949-12573804-12579088-12580400
traffic,CUDA,temporal,tiled_bit_planes,tiled_bit_planes,,16320,16368,128,1,1,0,0,32,8,42,32,2,64,7.344980,0.214815,0.000000,true,12516968-12531829-12520399-12520565-12517421-12522010-12522151-12517933-12524448-12518982-12523485-12521626-12523187-12517578-12524247-12526186
traffic,CUDA,temporal,bit_planes,bit_planes,,16320,16414,126,1,1,0,0,32,8,42,32,3,64,4.959453,0.146936,0.000000,true,12552834-12568469-12557141-12557970-12554605-12557868-12560006-12554767-12561909-12557106-12560516-12558851-12553656-12548175-12553207-12555792
traffic,CUDA,temporal,tiled_bit_planes,tiled_bit_planes,,16320,16368,126,1,1,0,0,32,8,42,32,3,64,5.417972,0.160972,0.000000,true,12516962-12531832-12520353-12520604-12517350-12521997-12522150-12517990-12524606-12518923-12523605-12521577-12523133-12517626-12524177-12526130
traffic,CUDA,temporal,bit_planes,bit_planes,,16320,16408,128,1,1,0,0,32,8,42,32,4,64,4.101835,0.119672,0.000000,true,12546515-12561446-12551155-12551845-12548505-12551987-12553656-12548668-12555610-12551099-12554644-12552707-12553913-12548540-12553065-12555769
traffic,CUDA,temporal,tiled_bit_planes,tiled_bit_planes,,16320,16368,128,1,1,0,0,32,8,42,32,4,64,4.555286,0.133226,0.000000,true,12516968-12531829-12520399-12520565-12517421-12522010-12522151-12517933-12524448-12518982-12523485-12521626-12523187-12517578-12524247-12526186
traffic,CUDA,temporal,bit_planes,bit_planes,,16320,16416,125,1,1,0,0,32,8,42,32,5,64,3.602113,0.107562,0.000000,true,12552670-12568806-12557513-12558435-12554551-12557890-12559994-12554741-12561915-12557064-12560512-12558895-12560014-12553925-12558947-12561361
traffic,CUDA,temporal,tiled_bit_planes,tiled_bit_planes,,16320,16320,125,1,1,0,0,32,8,42,32,5,64,3.936172,0.118229,0.000000,true,12479976-12493704-12484149-12483176-12479782-12486021-12485448-12481847-12488218-12481440-12487146-12483974-12486999-12481874-12487732-12490245
traffic,CUDA,temporal,bit_planes,bit_planes,,16320,16432,126,1,1,0,0,32,8,42,32,6,64,3.474368,0.102824,0.000000,true,12563953-12580638-12568781-12570752-12566723-12570096-12572793-12566516-12573911-12568397-12571529-12571399-12573629-12567362-12572837-12574138
traffic,CUDA,temporal,tiled_bit_planes,tiled_bit_planes,,16320,16320,126,1,1,0,0,32,8,42,32,6,64,3.654643,0.108902,0.000000,true,12480020-12493650-12484113-12483148-12479774-12486081-12485374-12481817-12488224-12481444-12487212-12483940-12486957-12481864-12487776-12490337
traffic,CUDA,temporal,bit_planes,bit_planes,,16320,16400,126,1,1,0,0,32,8,42,32,7,64,3.416449,0.101307,0.000000,true,12540868-12556914-12545002-12545165-12542319-12546179-12547165-12542441-12549048-12544363-12548544-12546303-12547861-12541165-12547240-12550521
traffic,CUDA,temporal,tiled_bit_planes,tiled_bit_planes,,16320,16320,126,1,1,0,0,32,8,42,32,7,64,3.481329,0.103737,0.000000,true,12480020-12493650-12484113-12483148-12479774-12486081-12485374-12481817-12488224-12481444-12487212-12483940-12486957-12481864-12487776-12490337
traffic,CUDA,temporal,bit_planes,bit_planes,,16320,16416,128,1,1,0,0,32,8,42,32,8,64,3.484163,0.101602,0.000000,true,12552662-12568846-12557445-12558353-12554652-12557891-12559974-12554729-12561820-12557082-12560470-12558856-12559994-12553886-12559077-12561496
traffic,CUDA,temporal,tiled_bit_planes,tiled_bit_planes,,16320,16320,128,1,1,0,0,32,8,42,32,8,64,3.427216,0.100529,0.000000,true,12480017-12493656-12484130-12483172-12479766-12486100-12485322-12481752-12488172-12481441-12487257-12483914-12486986-12481871-12487761-12490414
traffic,CUDA,temporal,bit_planes,bit_planes,,16320,16422,126,1,1,0,0,32,8,42,32,9,64,3.524044,0.104358,0.000000,true,12558333-12575078-12562809-12564673-12560667-12564127-12566329-12560565-12567928-12562747-12565968-12564747-12560868-12553983-12560123-12562035
traffic,CUDA,temporal,tiled_bit_planes,tiled_bit_planes,,16352,16240,126,1,1,0,0,32,8,42,32,9,64,3.560820,0.106420,0.000000,true,12445133-12450722-12449552-12451811-12449911-12448339-12445885-12443281-12452214-12446542-12444903-12448611-12448671-12444189-12453089-12448862
traffic,CUDA,temporal,bit_planes,bit_planes,,16320,16412,120,1,1,0,0,32,8,42,32,10,64,3.401487,0.105829,0.000000,true,12549788-12565467-12554069-12554866-12551586-12554970-12556873-12551788-12558671-12554040-12557755-12555846-12556932-12550930-12556099-12558702
traffic,CUDA,temporal,tiled_bit_planes,tiled_bit_planes,,16352,16240,120,1,1,0,0,32,8,42,32,10,64,3.330078,0.104500,0.000000,true,12445126-12450727-12449483-12451562-12449759-12448343-12445913-12443271-12452333-12446400-12444901-12448694-12448747-12444316-12453147-12448993
traffic,CUDA,temporal,bit_planes,bit_planes,,16320,16440,120,1,1,0,0,32,8,42,32,12,64,3.616675,0.112333,0.000000,true,12570463-12586131-12574561-12576592-12572951-12576377-12579285-12572806-12579588-12574164-12577362-12577767-12579728-12574142-12579099-12580184
traffic,CUDA,temporal,tiled_bit_planes,tiled_bit_planes,,16352,16240,120,1,1,0,0,32,8,42,32,12,64,3.238158,0.101615,0.000000,true,12445126-12450727-12449483-12451562-12449759-12448343-12445913-12443271-12452333-12446400-12444901-12448694-12448747-12444316-12453147-12448993
traffic,CUDA,temporal,bit_planes,bit_planes,,16320,16416,126,1,1,0,0,32,8,42,32,14,64,4.058219,0.120220,0.000000,true,12552710-12568778-12557483-12558409-12554605-12557868-12560006-12554767-12561909-12557106-12560516-12558851-12559926-12553933-12558961-12561405
traffic,CUDA,temporal,tiled_bit_planes,tiled_bit_planes,,16352,16352,126,1,1,0,0,32,8,42,32,14,64,3.396659,0.100818,0.000000,true,12531088-12534925-12534980-12537828-12535198-12535077-12532511-12528579-12540276-12532168-12531560-12535990-12533208-12531842-12537249-12533686
traffic,CUDA,temporal,bit_planes,bit_planes,,16320,16448,128,1,1,0,0,32,8,42,32,16,64,4.525090,0.131699,0.000000,true,12576825-12593059-12580271-12582562-12579435-12582434-12585836-12578464-12584937-12580316-12583378-12584544-12586089-12579272-12585421-12586453
traffic,CUDA,temporal,tiled_bit_planes,tiled_bit_planes,,16352,16352,128,1,1,0,0,32,8,42,32,16,64,3.395527,0.099210,0.000000,true,12531040-12534943-12534950-12537834-12535189-12535176-12532569-12528549-12540295-12532132-12531551-12535956-12533225-12531839-12537183-12533734
traffic,CUDA,temporal,bit_planes,bit_planes,,16320,16436,126,1,1,0,0,32,8,42,32,18,64,5.040126,0.149126,0.000000,true,12567568-12584102-12571307-12573708-12569918-12573300-12576075-12569553-12576686-12571269-12574349-12574717-12576240-12570111-12576487-12577072
traffic,CUDA,temporal,tiled_bit_planes,tiled_bit_planes,,16224,16416,126,1,1,0,0,32,8,42,32,18,64,3.660432,0.109078,0.000000,true,12485057-12481775-12486814-12487194-12483697-12487298-12482930-12479386-12485226-12487901-12482762-12484354-12490008-12481539-12481067-12487999
traffic,CUDA,temporal,bit_planes,bit_planes,,16320,16440,120,1,1,0,0,32,8,42,32,20,64,5.478654,0.170165,0.000000,true,12570463-12586131-12574561-12576592-12572951-12576377-12579285-12572806-12579588-12574164-12577362-12577767-12579728-12574142-12579099-12580184
traffic,CUDA,temporal,tiled_bit_planes,tiled_bit_planes,,16224,16416,120,1,1,0,0,32,8,42,32,20,64,3.475900,0.108758,0.000000,true,12484777-12481779-12486658-12487480-12483863-12487149-12483179-12479252-12485137-12488087-12482734-12484319-12490054-12481600-12480982-12487957
traffic,CUDA,temporal,bit_planes,bit_planes,,16320,16440,110,1,1,0,0,32,8,42,32,22,64,5.977505,0.202537,0.000000,true,12570741-12586150-12574538-12576486-12572580-12576737-12579006-12573180-12579828-12573922-12577642-12577575-12579702-12574081-12579008-12580024
traffic,CUDA,temporal,tiled_bit_planes,tiled_bit_planes,,16224,16432,110,1,1,0,0,32,8,42,32,22,64,3.369208,0.114891,0.000000,true,12497555-12493535-12498729-12499445-12496480-12499272-12495265-12491346-12496847-12499755-12494498-12497085-12501281-12494845-12493613-12500147
traffic,CUDA,temporal,bit_planes,bit_planes,,16320,16448,120,1,1,0,0,32,8,42,32,24,64,8.081303,0.250880,0.000000,true,12576973-12592841-12580413-12582620-12579384-12582509-12585833-12578615-12584990-12580084-12583449-12584348-12586036-12579599-12585235-12586367
traffic,CUDA,temporal,tiled_bit_planes,tiled_bit_planes,,16224,16432,120,1,1,0,0,32,8,42,32,24,64,3.652069,0.114159,0.000000,true,12497965-12493540-12499031-12499216-12496160-12499240-12495011-12491452-12496931-12499663-12494793-12497176-12501165-12494856-12493212-12500287
traffic,CUDA,simple,bit_array,bit_array,,16384,16384,128,1,1,0,0,32,8,42,64,0,0,253.758872,7.385355,0.000000,true,12590803-12579339-12581019-12587256-12581811-12582549-12581011-12581025-12585088-12581176-12581863-12584427-12582248-12584140-12584349-12584335
traffic,CUDA,simple,bit_planes,bit_planes,,16384,16384,128,1,1,0,0,32,8,42,64,0,0,10.030085,0.291914,0.000000,true,12590803-12579339-12581019-12587256-12581811-12582549-12581011-12581025-12585088-12581176-12581863-12584427-12582248-12584140-12584349-12584335
traffic,CUDA,simple,tiled_bit_planes,tiled_bit_planes,,16384,16384,128,1,1,0,0,32,8,42,64,0,0,10.049324,0.292474,0.000000,true,12590803-12579339-12581019-12587256-12581811-12582549-12581011-12581025-12585088-12581176-12581863-12584427-12582248-12584140-12584349-12584335
traffic,CUDA,temporal,bit_planes,bit_planes,,15360,17472,128,1,1,0,0,32,8,42,64,2,32,5.895901,0.171635,0.000000,true,12575560-12578811-12585107-12582490-12575744-12579689-12581391-12577841-12579608-12586354-12575856-12583804-12583286-12576138-12579634-12581849
traffic,CUDA,temporal,tiled_bit_planes,tiled_bit_planes,,16320,16320,128,1,1,0,0,32,8,42,64,2,32,5.839234,0.171280,0.000000,true,12480017-12493656-12484130-12483172-12479766-12486100-12485322-12481752-12488172-12481441-12487257-12483914-12486986-12481871-12487761-12490414
traffic,CUDA,temporal,bit_planes,bit_planes,,15360,17472,126,1,1,0,0,32,8,42,64,3,32,4.236751,0.125294,0.000000,true,12575489-12578740-12585170-12582467-12575787-12579690-12581388-12577908-12579626-12586301-12575805-12583766-12583305-12576224-12579667-12581829
traffic,CUDA,temporal,tiled_bit_planes,tiled_bit_planes,,16320,16320,126,1,1,0,0,32,8,42,64,3,32,4.167495,0.124184,0.000000,true,12480020-12493650-12484113-12483148-12479774-12486081-12485374-12481817-12488224-12481444-12487212-12483940-12486957-12481864-12487776-12490337
traffic,CUDA,temporal,bit_planes,bit_planes,,15360,17472,128,1,1,0,0,32,8,42,64,4,32,3.395678,0.098851,0.000000,true,12575560-12578811-12585107-12582490-12575744-12579689-12581391-12577841-12579608-12586354-12575856-12583804-12583286-12576138-12579634-12581849
traffic,CUDA,temporal,tiled_bit_planes,tiled_bit_planes,,16320,16320,128,1,1,0,0,32,8,42,64,4,32,3.401257,0.099768,0.000000,true,12480017-12493656-12484130-12483172-12479766-12486100-12485322-12481752-12488172-12481441-12487257-12483914-12486986-12481871-12487761-12490414
traffic,CUDA,temporal,bit_planes,bit_planes,,15360,17468,125,1,1,0,0,32,8,42,64,5,32,2.990891,0.089178,0.000000,true,12573121-12576047-12582678-12579205-12572731-12576844-12578424-12575266-12577205-12583487-12572603-12580445-12579761-12572997-12576692-12579466
traffic,CUDA,temporal,tiled_bit_planes,tiled_bit_planes,,16320,16320,125,1,1,0,0,32,8,42,64,5,32,2.856907,0.085812,0.000000,true,12479976-12493704-12484149-12483176-12479782-12486021-12485448-12481847-12488218-12481440-12487146-12483974-12486999-12481874-12487732-12490245
traffic,CUDA,temporal,bit_planes,bit_planes,,15360,17460,126,1,1,0,0,32,8,42,64,6,32,3.042900,0.090050,0.000000,true,12567346-12570370-12576242-12573314-12566912-12570978-12572566-12569732-12571908-12577475-12566340-12574191-12573624-12567531-12572137-12574410
traffic,CUDA,temporal,tiled_bit_planes,tiled_bit_planes,,16320,16320,126,1,1,0,0,32,8,42,64,6,32,2.571612,0.076629,0.000000,true,12480020-12493650-12484113-12483148-12479774-12486081-12485374-12481817-12488224-12481444-12487212-12483940-12486957-12481864-12487776-12490337
traffic,CUDA,temporal,bit_planes,bit_planes,,15360,17460,126,1,1,0,0,32,8,42,64,7,32,3.223807,0.095403,0.000000,true,12567346-12570370-12576242-12573314-12566912-12570978-12572566-12569732-12571908-12577475-12566340-12574191-12573624-12567531-12572137-12574410
traffic,CUDA,temporal,tiled_bit_planes,tiled_bit_planes,,16320,16320,126,1,1,0,0,32,8,42,64,7,32,2.408273,0.071762,0.000000,true,12480020-12493650-12484113-12483148-12479774-12486081-12485374-12481817-12488224-12481444-12487212-12483940-12486957-12481864-12487776-12490337
traffic,CUDA,temporal,bit_planes,bit_planes,,15360,17472,128,1,1,0,0,32,8,42,64,8,32,3.514109,0.102299,0.000000,true,12575560-12578811-12585107-12582490-12575744-12579689-12581391-12577841-12579608-12586354-12575856-12583804-12583286-12576138-12579634-12581849
traffic,CUDA,temporal,tiled_bit_planes,tiled_bit_planes,,16320,16320,128,1,1,0,0,32,8,42,64,8,32,2.367209,0.069436,0.000000,true,12480017-12493656-12484130-12483172-12479766-12486100-12485322-12481752-12488172-12481441-12487257-12483914-12486986-12481871-12487761-12490414
traffic,CUDA,temporal,bit_planes,bit_planes,,15360,17472,126,1,1,0,0,32,8,42,64,9,32,3.819404,0.112951,0.000000,true,12575489-12578740-12585170-12582467-12575787-12579690-12581388-12577908-12579626-12586301-12575805-12583766-12583305-12576224-12579667-12581829
traffic,CUDA,temporal,tiled_bit_planes,tiled_bit_planes,,16352,16352,126,1,1,0,0,32,8,42,64,9,32,2.523588,0.074904,0.000000,true,12531088-12534925-12534980-12537828-12535198-12535077-12532511-12528579-12540276-12532168-12531560-12535990-12533208-12531842-12537249-12533686
traffic,CUDA,temporal,bit_planes,bit_planes,,15360,17472,120,1,1,0,0,32,8,42,64,10,32,4.155277,0.129028,0.000000,true,12575474-12578456-12585315-12582637-12575731-12579773-12581379-12578170-12579843-12586128-12575782-12583385-12583306-12576499-12579690-12581594
traffic,CUDA,temporal,tiled_bit_planes,tiled_bit_planes,,16352,16352,120,1,1,0,0,32,8,42,64,10,32,2.362493,0.073629,0.000000,true,12531205-12534895-12535062-12537687-12535052-12535065-12532382-12528716-12540301-12532135-12531498-12536044-12533260-12531915-12537347-12533601
traffic,CUDA,temporal,bit_planes,bit_planes,,15360,17472,120,1,1,0,0,32,8,42,64,12,32,5.977115,0.185599,0.000000,true,12575474-12578456-12585315-12582637-12575731-12579773-12581379-12578170-12579843-12586128-12575782-12583385-12583306-12576499-12579690-12581594
traffic,CUDA,temporal,tiled_bit_planes,tiled_bit_planes,,16352,16352,120,1,1,0,0,32,8,42,64,12,32,2.311355,0.072035,0.000000,true,12531205-12534895-12535062-12537687-12535052-12535065-12532382-12528716-12540301-12532135-12531498-12536044-12533260-12531915-12537347-12533601
traffic,CUDA,temporal,bit_planes,bit_planes,,15360,17476,126,1,1,0,0,32,8,42,64,14,32,12.231372,0.361636,0.000000,true,12578924-12581549-12587621-12585687-12578792-12582536-12584433-12580512-12582294-12589141-12579040-12586768-12585697-12579308-12582607-12584387
traffic,CUDA,temporal,tiled_bit_planes,tiled_bit_planes,,16352,16352,126,1,1,0,0,32,8,42,64,14,32,2.390535,0.070955,0.000000,true,12531088-12534925-12534980-12537828-12535198-12535077-12532511-12528579-12540276-12532168-12531560-12535990-12533208-12531842-12537249-12533686
traffic,CUDA,temporal,tiled_bit_planes,tiled_bit_planes,,16352,16352,128,1,1,0,0,32,8,42,64,16,32,2.372869,0.069330,0.000000,true,12531040-12534943-12534950-12537834-12535189-12535176-12532569-12528549-12540295-12532132-12531551-12535956-12533225-12531839-12537183-12533734
traffic,CUDA,temporal,tiled_bit_planes,tiled_bit_planes,,16224,16432,126,1,1,0,0,32,8,42,64,18,32,2.647818,0.078826,0.000000,true,12498228-12493464-12499168-12498942-12495929-12499403-12494774-12491691-12497177-12499575-12495041-12497082-12501026-12494763-12493090-12500345
traffic,CUDA,temporal,tiled_bit_planes,tiled_bit_planes,,16224,16432,120,1,1,0,0,32,8,42,64,20,32,2.512120,0.078526,0.000000,true,12497965-12493540-12499031-12499216-12496160-12499240-12495011-12491452-12496931-12499663-12494793-12497176-12501165-12494856-12493212-12500287
traffic,CUDA,temporal,tiled_bit_planes,tiled_bit_planes,,16224,16432,110,1,1,0,0,32,8,42,64,22,32,2.293508,0.078209,0.000000,true,12497555-12493535-12498729-12499445-12496480-12499272-12495265-12491346-12496847-12499755-12494498-12497085-12501281-12494845-12493613-12500147
traffic,CUDA,temporal,tiled_bit_planes,tiled_bit_planes,,16224,16432,120,1,1,0,0,32,8,42,64,24,32,2.481595,0.077571,0.000000,true,12497965-12493540-12499031-12499216-12496160-12499240-12495011-12491452-12496931-12499663-12494793-12497176-12501165-12494856-12493212-12500287
traffic,CUDA,,,,baseline,16384,16384,128,1,1,0,0,32,16,42,0,0,0,286.297522,8.332355,0.000000,true,12590803-12579339-12581019-12587256-12581811-12582549-12581011-12581025-12585088-12581176-12581863-12584427-12582248-12584140-12584349-12584335
traffic,CUDA,simple,standard,standard,,16384,16384,128,1,1,0,0,32,16,42,0,0,0,323.734652,9.421918,0.000000,true,12590803-12579339-12581019-12587256-12581811-12582549-12581011-12581025-12585088-12581176-12581863-12584427-12582248-12584140-12584349-12584335
traffic,CUDA,simple,bit_array,bit_array,,16384,16384,128,1,1,0,0,32,16,42,32,0,0,214.172464,6.233239,0.000000,true,12590803-12579339-12581019-12587256-12581811-12582549-12581011-12581025-12585088-12581176-12581863-12584427-12582248-12584140-12584349-12584335
traffic,CUDA,simple,bit_planes,bit_planes,,16384,16384,128,1,1,0,0,32,16,42,32,0,0,11.422258,0.332431,0.000000,true,12590803-12579339-12581019-12587256-12581811-12582549-12581011-12581025-12585088-12581176-12581863-12584427-12582248-12584140-12584349-12584335
traffic,CUDA,simple,tiled_bit_planes,tiled_bit_planes,,16384,16384,128,1,1,0,0,32,16,42,32,0,0,11.390750,0.331514,0.000000,true,12590803-12579339-12581019-12587256-12581811-12582549-12581011-12581025-12585088-12581176-12581863-12584427-12582248-12584140-12584349-12584335
traffic,CUDA,temporal,bit_planes,bit_planes,,16320,16440,128,1,1,0,0,32,16,42,32,2,64,7.016630,0.204313,0.000000,true,12570149-12586413-12574561-12576526-12573094-12576377-12579395-12572569-12579444-12574271-12577218-12577942-12579949-12573804-12579088-12580400
traffic,CUDA,temporal,tiled_bit_planes,tiled_bit_planes,,16320,16368,128,1,1,0,0,32,16,42,32,2,64,7.124144,0.208356,0.000000,true,12516968-12531829-12520399-12520565-12517421-12522010-12522151-12517933-12524448-12518982-12523485-12521626-12523187-12517578-12524247-12526186
traffic,CUDA,temporal,bit_planes,bit_planes,,16320,16414,126,1,1,0,0,32,16,42,32,3,64,6.186314,0.183285,0.000000,true,12552834-12568469-12557141-12557970-12554605-12557868-12560006-12554767-12561909-12557106-12560516-12558851-12553656-12548175-12553207-12555792
traffic,CUDA,temporal,tiled_bit_planes,tiled_bit_planes,,16320,16368,126,1,1,0,0,32,16,42,32,3,64,4.901444,0.145626,0.000000,true,12516962-12531832-12520353-12520604-12517350-12521997-12522150-12517990-12524606-12518923-12523605-12521577-12523133-12517626-12524177-12526130
traffic,CUDA,temporal,bit_planes,bit_planes,,16320,16408,128,1,1,0,0,32,16,42,32,4,64,5.098385,0.148747,0.000000,true,12546515-12561446-12551155-12551845-12548505-12551987-12553656-12548668-12555610-12551099-12554644-12552707-12553913-12548540-12553065-12555769
traffic,CUDA,temporal,tiled_bit_planes,tiled_bit_planes,,16320,16368,128,1,1,0,0,32,16,42,32,4,64,3.970105,0.116112,0.000000,true,12516968-12531829-12520399-12520565-12517421-12522010-12522151-12517933-12524448-12518982-12523485-12521626-12523187-12517578-12524247-12526186
traffic,CUDA,temporal,bit_planes,bit_planes,,16320,16416,125,1,1,0,0,32,16,42,32,5,64,3.626891,0.108302,0.000000,true,12552670-12568806-12557513-12558435-12554551-12557890-12559994-12554741-12561915-12557064-12560512-12558895-12560014-12553925-12558947-12561361
traffic,CUDA,temporal,tiled_bit_planes,tiled_bit_planes,,16320,16320,125,1,1,0,0,32,16,42,32,5,64,3.523773,0.105842,0.000000,true,12479976-12493704-12484149-12483176-12479782-12486021-12485448-12481847-12488218-12481440-12487146-12483974-12486999-12481874-12487732-12490245
traffic,CUDA,temporal,bit_planes,bit_planes,,16320,16432,126,1,1,0,0,32,16,42,32,6,64,3.519146,0.104149,0.000000,true,12563953-12580638-12568781-12570752-12566723-12570096-12572793-12566516-12573911-12568397-12571529-12571399-12573629-12567362-12572837-12574138
traffic,CUDA,temporal,tiled_bit_planes,tiled_bit_planes,,16320,16320,126,1,1,0,0,32,16,42,32,6,64,3.289707,0.098027,0.000000,true,12480020-12493650-12484113-12483148-12479774-12486081-12485374-12481817-12488224-12481444-12487212-12483940-12486957-12481864-12487776-12490337
traffic,CUDA,temporal,bit_planes,bit_planes,,16320,16400,126,1,1,0,0,32,16,42,32,7,64,3.440887,0.102032,0.000000,true,12540868-12556914-12545002-12545165-12542319-12546179-12547165-12542441-12549048-12544363-12548544-12546303-12547861-12541165-12547240-12550521
traffic,CUDA,temporal,tiled_bit_planes,tiled_bit_planes,,16320,16320,126,1,1,0,0,32,16,42,32,7,64,3.110563,0.092689,0.000000,true,12480020-12493650-12484113-12483148-12479774-12486081-12485374-12481817-12488224-12481444-12487212-12483940-12486957-12481864-12487776-12490337
traffic,CUDA,temporal,bit_planes,bit_planes,,16320,16416,128,1,1,0,0,32,16,42,32,8,64,3.496622,0.101965,0.000000,true,12552662-12568846-12557445-12558353-12554652-12557891-12559974-12554729-12561820-12557082-12560470-12558856-12559994-12553886-12559077-12561496
traffic,CUDA,temporal,tiled_bit_planes,tiled_bit_planes,,16320,16320,128,1,1,0,0,32,16,42,32,8,64,3.022329,0.088653,0.000000,true,12480017-12493656-12484130-12483172-12479766-12486100-12485322-12481752-12488172-12481441-12487257-12483914-12486986-12481871-12487761-12490414
traffic,CUDA,temporal,bit_planes,bit_planes,,16320,16422,126,1,1,0,0,32,16,42,32,9,64,3.495401,0.103510,0.000000,true,12558333-12575078-12562809-12564673-12560667-12564127-12566329-12560565-12567928-12562747-12565968-12564747-12560868-12553983-12560123-12562035
traffic,CUDA,temporal,tiled_bit_planes,tiled_bit_planes,,16352,16240,126,1,1,0,0,32,16,42,32,9,64,3.153830,0.094256,0.000000,true,12445133-12450722-12449552-12451811-12449911-12448339-12445885-12443281-12452214-12446542-12444903-12448611-12448671-12444189-12453089-12448862
traffic,CUDA,temporal,bit_planes,bit_planes,,16320,16412,120,1,1,0,0,32,16,42,32,10,64,3.383049,0.105256,0.000000,true,12549788-12565467-12554069-12554866-12551586-12554970-12556873-12551788-12558671-12554040-12557755-12555846-12556932-12550930-12556099-12558702
traffic,CUDA,temporal,tiled_bit_planes,tiled_bit_planes,,16352,16240,120,1,1,0,0,32,16,42,32,10,64,2.930028,0.091946,0.000000,true,12445126-12450727-12449483-12451562-12449759-12448343-12445913-12443271-12452333-12446400-12444901-12448694-12448747-12444316-12453147-12448993
traffic,CUDA,temporal,bit_planes,bit_planes,,16320,16440,120,1,1,0,0,32,16,42,32,12,64,3.594222,0.111635,0.000000,true,12570463-12586131-12574561-12576592-12572951-12576377-12579285-12572806-12579588-12574164-12577362-12577767-12579728-12574142-12579099-12580184
traffic,CUDA,temporal,tiled_bit_planes,tiled_bit_planes,,16352,16240,120,1,1,0,0,32,16,42,32,12,64,2.833851,0.088928,0.000000,true,12445126-12450727-12449483-12451562-12449759-12448343-12445913-12443271-12452333-12446400-12444901-12448694-12448747-12444316-12453147-12448993
traffic,CUDA,temporal,bit_planes,bit_planes,,16320,16416,126,1,1,0,0,32,16,42,32,14,64,4.058550,0.120230,0.000000,true,12552710-12568778-12557483-12558409-12554605-12557868-12560006-12554767-12561909-12557106-12560516-12558851-12559926-12553933-12558961-12561405
traffic,CUDA,temporal,tiled_bit_planes,tiled_bit_planes,,16352,16352,126,1,1,0,0,32,16,42,32,14,64,3.004192,0.089169,0.000000,true,12531088-12534925-12534980-12537828-12535198-12535077-12532511-12528579-12540276-12532168-12531560-12535990-12533208-12531842-12537249-12533686
traffic,CUDA,temporal,bit_planes,bit_planes,,16320,16448,128,1,1,0,0,32,16,42,32,16,64,4.538091,0.132078,0.000000,true,12576825-12593059-12580271-12582562-12579435-12582434-12585836-12578464-12584937-12580316-12583378-12584544-12586089-12579272-12585421-12586453
traffic,CUDA,temporal,tiled_bit_planes,tiled_bit_planes,,16352,16352,128,1,1,0,0,32,16,42,32,16,64,3.003070,0.087743,0.000000,true,12531040-12534943-12534950-12537834-12535189-12535176-12532569-12528549-12540295-12532132-12531551-12535956-12533225-12531839-12537183-12533734
traffic,CUDA,temporal,bit_planes,bit_planes,,16320,16436,126,1,1,0,0,32,16,42,32,18,64,5.027337,0.148748,0.000000,true,12567568-12584102-12571307-12573708-12569918-12573300-12576075-12569553-12576686-12571269-12574349-12574717-12576240-12570111-12576487-12577072
traffic,CUDA,temporal,tiled_bit_planes,tiled_bit_planes,,16224,16416,126,1,1,0,0,32,16,42,32,18,64,3.236936,0.096458,0.000000,true,12485057-12481775-12486814-12487194-12483697-12487298-12482930-12479386-12485226-12487901-12482762-12484354-12490008-12481539-12481067-12487999
traffic,CUDA,temporal,bit_planes,bit_planes,,16320,16440,120,1,1,0,0,32,16,42,32,20,64,5.512737,0.171224,0.000000,true,12570463-12586131-12574561-12576592-12572951-12576377-12579285-12572806-12579588-12574164-12577362-12577767-12579728-12574142-12579099-12580184
traffic,CUDA,temporal,tiled_bit_planes,tiled_bit_planes,,16224,16416,120,1,1,0,0,32,16,42,32,20,64,3.050512,0.095448,0.000000,true,12484777-12481779-12486658-12487480-12483863-12487149-12483179-12479252-12485137-12488087-12482734-12484319-12490054-12481600-12480982-12487957
traffic,CUDA,temporal,bit_planes,bit_planes,,16320,16440,110,1,1,0,0,32,16,42,32,22,64,5.987151,0.202864,0.000000,true,12570741-12586150-12574538-12576486-12572580-12576737-12579006-12573180-12579828-12573922-12577642-12577575-12579702-12574081-12579008-12580024
traffic,CUDA,temporal,tiled_bit_planes,tiled_bit_planes,,16224,16432,110,1,1,0,0,32,16,42,32,22,64,2.896607,0.098775,0.000000,true,12497555-12493535-12498729-12499445-12496480-12499272-12495265-12491346-12496847-12499755-12494498-12497085-12501281-12494845-12493613-12500147
traffic,CUDA,temporal,bit_planes,bit_planes,,16320,16448,120,1,1,0,0,32,16,42,32,24,64,8.030747,0.249311,0.000000,true,12576973-12592841-12580413-12582620-12579384-12582509-12585833-12578615-12584990-12580084-12583449-12584348-12586036-12579599-12585235-12586367
traffic,CUDA,temporal,tiled_bit_planes,tiled_bit_planes,,16224,16432,120,1,1,0,0,32,16,42,32,24,64,3.128201,0.097783,0.000000,true,12497965-12493540-12499031-12499216-12496160-12499240-12495011-12491452-12496931-12499663-12494793-12497176-12501165-12494856-12493212-12500287
traffic,CUDA,simple,bit_array,bit_array,,16384,16384,128,1,1,0,0,32,16,42,64,0,0,222.280397,6.469211,0.000000,true,12590803-12579339-12581019-12587256-12581811-12582549-12581011-12581025-12585088-12581176-12581863-12584427-12582248-12584140-12584349-12584335
traffic,CUDA,simple,bit_planes,bit_planes,,16384,16384,128,1,1,0,0,32,16,42,64,0,0,10.035614,0.292075,0.000000,true,12590803-12579339-12581019-12587256-12581811-12582549-12581011-12581025-12585088-12581176-12581863-12584427-12582248-12584140-12584349-12584335
traffic,CUDA,simple,tiled_bit_planes,tiled_bit_planes,,16384,16384,128,1,1,0,0,32,16,42,64,0,0,10.045159,0.292353,0.000000,true,12590803-12579339-12581019-12587256-12581811-12582549-12581011-12581025-12585088-12581176-12581863-12584427-12582248-12584140-12584349-12584335
traffic,CUDA,temporal,bit_planes,bit_planes,,15360,17472,128,1,1,0,0,32,16,42,64,2,32,6.094595,0.177419,0.000000,true,12575560-12578811-12585107-12582490-12575744-12579689-12581391-12577841-12579608-12586354-12575856-12583804-12583286-12576138-12579634-12581849
traffic,CUDA,temporal,tiled_bit_planes,tiled_bit_planes,,16320,16320,128,1,1,0,0,32,16,42,64,2,32,7.191317,0.210940,0.000000,true,12480017-12493656-12484130-12483172-12479766-12486100-12485322-12481752-12488172-12481441-12487257-12483914-12486986-12481871-12487761-12490414
traffic,CUDA,temporal,bit_planes,bit_planes,,15360,17472,126,1,1,0,0,32,16,42,64,3,32,3.889561,0.115026,0.000000,true,12575489-12578740-12585170-12582467-12575787-12579690-12581388-12577908-12579626-12586301-12575805-12583766-12583305-12576224-12579667-12581829
traffic,CUDA,temporal,tiled_bit_planes,tiled_bit_planes,,16320,16320,126,1,1,0,0,32,16,42,64,3,32,5.261394,0.156780,0.000000,true,12480020-12493650-12484113-12483148-12479774-12486081-12485374-12481817-12488224-12481444-12487212-12483940-12486957-12481864-12487776-12490337
traffic,CUDA,temporal,bit_planes,bit_planes,,15360,17472,128,1,1,0,0,32,16,42,64,4,32,4.498991,0.130970,0.000000,true,12575560-12578811-12585107-12582490-12575744-12579689-12581391-12577841-12579608-12586354-12575856-12583804-12583286-12576138-12579634-12581849
traffic,CUDA,temporal,tiled_bit_planes,tiled_bit_planes,,16320,16320,128,1,1,0,0,32,16,42,64,4,32,4.143038,0.121526,0.000000,true,12480017-12493656-12484130-12483172-12479766-12486100-12485322-12481752-12488172-12481441-12487257-12483914-12486986-12481871-12487761-12490414
traffic,CUDA,temporal,bit_planes,bit_planes,,15360,17468,125,1,1,0,0,32,16,42,64,5,32,3.976374,0.118561,0.000000,true,12573121-12576047-12582678-12579205-12572731-12576844-12578424-12575266-12577205-12583487-12572603-12580445-12579761-12572997-12576692-12579466
traffic,CUDA,temporal,tiled_bit_planes,tiled_bit_planes,,16320,16320,125,1,1,0,0,32,16,42,64,5,32,3.514951,0.105577,0.000000,true,12479976-12493704-12484149-12483176-12479782-12486021-12485448-12481847-12488218-12481440-12487146-12483974-12486999-12481874-12487732-12490245
traffic,CUDA,temporal,bit_planes,bit_planes,,15360,17460,126,1,1,0,0,32,16,42,64,6,32,3.926899,0.116210,0.000000,true,12567346-12570370-12576242-12573314-12566912-12570978-12572566-12569732-12571908-12577475-12566340-12574191-12573624-12567531-12572137-12574410
traffic,CUDA,temporal,tiled_bit_planes,tiled_bit_planes,,16320,16320,126,1,1,0,0,32,16,42,64,6,32,3.200140,0.095358,0.000000,true,12480020-12493650-12484113-12483148-12479774-12486081-12485374-12481817-12488224-12481444-12487212-12483940-12486957-12481864-12487776-12490337
traffic,CUDA,temporal,bit_planes,bit_planes,,15360,17460,126,1,1,0,0,32,16,42,64,7,32,4.103408,0.121434,0.000000,true,12567346-12570370-12576242-12573314-12566912-12570978-12572566-12569732-12571908-12577475-12566340-12574191-12573624-12567531-12572137-12574410
traffic,CUDA,temporal,tiled_bit_planes,tiled_bit_planes,,16320,16320,126,1,1,0,0,32,16,42,64,7,32,2.925441,0.087173,0.000000,true,12480020-12493650-12484113-12483148-12479774-12486081-12485374-12481817-12488224-12481444-12487212-12483940-12486957-12481864-12487776-12490337
traffic,CUDA,temporal,bit_planes,bit_planes,,15360,17472,128,1,1,0,0,32,16,42,64,8,32,4.465400,0.129992,0.000000,true,12575560-12578811-12585107-12582490-12575744-12579689-12581391-12577841-12579608-12586354-12575856-12583804-12583286-12576138-12579634-12581849
traffic,CUDA,temporal,tiled_bit_planes,tiled_bit_planes,,16320,16320,128,1,1,0,0,32,16,42,64,8,32,2.806160,0.082312,0.000000,true,12480017-12493656-12484130-12483172-12479766-12486100-12485322-12481752-12488172-12481441-12487257-12483914-12486986-12481871-12487761-12490414
traffic,CUDA,temporal,bit_planes,bit_planes,,15360,17472,126,1,1,0,0,32,16,42,64,9,32,4.885680,0.144484,0.000000,true,12575489-12578740-12585170-12582467-12575787-12579690-12581388-12577908-12579626-12586301-12575805-12583766-12583305-12576224-12579667-12581829
traffic,CUDA,temporal,tiled_bit_planes,tiled_bit_planes,,16352,16352,126,1,1,0,0,32,16,42,64,9,32,2.876226,0.085371,0.000000,true,12531088-12534925-12534980-12537828-12535198-12535077-12532511-12528579-12540276-12532168-12531560-12535990-12533208-12531842-12537249-12533686
traffic,CUDA,temporal,bit_planes,bit_planes,,15360,17472,120,1,1,0,0,32,16,42,64,10,32,5.295786,0.164443,0.000000,true,12575474-12578456-12585315-12582637-12575731-12579773-12581379-12578170-12579843-12586128-12575782-12583385-12583306-12576499-12579690-12581594
traffic,CUDA,temporal,tiled_bit_planes,tiled_bit_planes,,16352,16352,120,1,1,0,0,32,16,42,64,10,32,2.681350,0.083566,0.000000,true,12531205-12534895-12535062-12537687-12535052-12535065-12532382-12528716-12540301-12532135-12531498-12536044-12533260-12531915-12537347-12533601
traffic,CUDA,temporal,bit_planes,bit_planes,,15360,17472,120,1,1,0,0,32,16,42,64,12,32,7.520108,0.233512,0.000000,true,12575474-12578456-12585315-12582637-12575731-12579773-12581379-12578170-12579843-12586128-12575782-12583385-12583306-12576499-12579690-12581594
traffic,CUDA,temporal,tiled_bit_planes,tiled_bit_planes,,16352,16352,120,1,1,0,0,32,16,42,64,12,32,2.603740,0.081147,0.000000,true,12531205-12534895-12535062-12537687-12535052-12535065-12532382-12528716-12540301-12532135-12531498-12536044-12533260-12531915-12537347-12533601
traffic,CUDA,temporal,bit_planes,bit_planes,,15360,17476,126,1,1,0,0,32,16,42,64,14,32,15.403318,0.455418,0.000000,true,12578924-12581549-12587621-12585687-12578792-12582536-12584433-12580512-12582294-12589141-12579040-12586768-12585697-12579308-12582607-12584387
traffic,CUDA,temporal,tiled_bit_planes,tiled_bit_planes,,16352,16352,126,1,1,0,0,32,16,42,64,14,32,2.680138,0.079551,0.000000,true,12531088-12534925-12534980-12537828-12535198-12535077-12532511-12528579-12540276-12532168-12531560-12535990-12533208-12531842-12537249-12533686
traffic,CUDA,temporal,tiled_bit_planes,tiled_bit_planes,,16352,16352,128,1,1,0,0,32,16,42,64,16,32,2.680036,0.078305,0.000000,true,12531040-12534943-12534950-12537834-12535189-12535176-12532569-12528549-12540295-12532132-12531551-12535956-12533225-12531839-12537183-12533734
traffic,CUDA,temporal,tiled_bit_planes,tiled_bit_planes,,16224,16432,126,1,1,0,0,32,16,42,64,18,32,3.118425,0.092836,0.000000,true,12498228-12493464-12499168-12498942-12495929-12499403-12494774-12491691-12497177-12499575-12495041-12497082-12501026-12494763-12493090-12500345
traffic,CUDA,temporal,tiled_bit_planes,tiled_bit_planes,,16224,16432,120,1,1,0,0,32,16,42,64,20,32,2.939042,0.091871,0.000000,true,12497965-12493540-12499031-12499216-12496160-12499240-12495011-12491452-12496931-12499663-12494793-12497176-12501165-12494856-12493212-12500287
traffic,CUDA,temporal,tiled_bit_planes,tiled_bit_planes,,16224,16432,110,1,1,0,0,32,16,42,64,22,32,2.682481,0.091474,0.000000,true,12497555-12493535-12498729-12499445-12496480-12499272-12495265-12491346-12496847-12499755-12494498-12497085-12501281-12494845-12493613-12500147
traffic,CUDA,temporal,tiled_bit_planes,tiled_bit_planes,,16224,16432,120,1,1,0,0,32,16,42,64,24,32,2.888174,0.090280,0.000000,true,12497965-12493540-12499031-12499216-12496160-12499240-12495011-12491452-12496931-12499663-12494793-12497176-12501165-12494856-12493212-12500287
traffic,CUDA,,,,baseline,16384,16384,128,1,1,0,0,32,32,42,0,0,0,298.629737,8.691269,0.000000,true,12590803-12579339-12581019-12587256-12581811-12582549-12581011-12581025-12585088-12581176-12581863-12584427-12582248-12584140-12584349-12584335
traffic,CUDA,simple,standard,standard,,16384,16384,128,1,1,0,0,32,32,42,0,0,0,374.032829,10.885788,0.000000,true,12590803-12579339-12581019-12587256-12581811-12582549-12581011-12581025-12585088-12581176-12581863-12584427-12582248-12584140-12584349-12584335
traffic,CUDA,simple,bit_array,bit_array,,16384,16384,128,1,1,0,0,32,32,42,32,0,0,247.858517,7.213632,0.000000,true,12590803-12579339-12581019-12587256-12581811-12582549-12581011-12581025-12585088-12581176-12581863-12584427-12582248-12584140-12584349-12584335
traffic,CUDA,simple,bit_planes,bit_planes,,16384,16384,128,1,1,0,0,32,32,42,32,0,0,11.691358,0.340263,0.000000,true,12590803-12579339-12581019-12587256-12581811-12582549-12581011-12581025-12585088-12581176-12581863-12584427-12582248-12584140-12584349-12584335
traffic,CUDA,simple,tiled_bit_planes,tiled_bit_planes,,16384,16384,128,1,1,0,0,32,32,42,32,0,0,11.669444,0.339626,0.000000,true,12590803-12579339-12581019-12587256-12581811-12582549-12581011-12581025-12585088-12581176-12581863-12584427-12582248-12584140-12584349-12584335
traffic,CUDA,simple,bit_array,bit_array,,16384,16384,128,1,1,0,0,32,32,42,64,0,0,246.542018,7.175317,0.000000,true,12590803-12579339-12581019-12587256-12581811-12582549-12581011-12581025-12585088-12581176-12581863-12584427-12582248-12584140-12584349-12584335
traffic,CUDA,simple,bit_planes,bit_planes,,16384,16384,128,1,1,0,0,32,32,42,64,0,0,10.166032,0.295870,0.000000,true,12590803-12579339-12581019-12587256-12581811-12582549-12581011-12581025-12585088-12581176-12581863-12584427-12582248-12584140-12584349-12584335
traffic,CUDA,simple,tiled_bit_planes,tiled_bit_planes,,16384,16384,128,1,1,0,0,32,32,42,64,0,0,10.146161,0.295292,0.000000,true,12590803-12579339-12581019-12587256-12581811-12582549-12581011-12581025-12585088-12581176-12581863-12584427-12582248-12584140-12584349-12584335
cyclic,CUDA,,,,baseline,16384,16384,128,1,1,0,0,32,2,42,0,0,0,413.682348,12.039741,0.000000,true,260070766-260066453-260124976-259951223-259991454-260200100-259952203-260128709-260066526-259980176-260091909-260027980-260104065-259949951-259889009-260149202
cyclic,CUDA,simple,standard,standard,,16384,16384,128,1,1,0,0,32,2,42,0,0,0,460.955914,13.415583,0.000000,true,260070766-260066453-260124976-259951223-259991454-260200100-259952203-260128709-260066526-259980176-260091909-260027980-260104065-259949951-259889009-260149202
cyclic,CUDA,simple,bit_array,bit_array,,16320,16448,128,1,1,0,0,32,2,42,32,0,0,296.837639,8.639244,0.000000,true,260035071-260137668-260048530-260069969-260060035-260130057-260146325-260012630-260080920-260014434-260105747-259979435-260016189-259942317-260078728-259901190
cyclic,CUDA,simple,bit_planes,bit_planes,,16384,16384,128,1,1,0,0,32,2,42,32,0,0,31.458141,0.915552,0.000000,true,260070766-260066453-260124976-259951223-259991454-260200100-259952203-260128709-260066526-259980176-260091909-260027980-260104065-259949951-259889009-260149202
cyclic,CUDA,simple,tiled_bit_planes,tiled_bit_planes,,16384,16384,128,1,1,0,0,32,2,42,32,0,0,40.168874,1.169068,0.000000,true,260070766-260066453-260124976-259951223-259991454-260200100-259952203-260128709-260066526-259980176-260091909-260027980-260104065-259949951-259889009-260149202
cyclic,CUDA,temporal,bit_planes,bit_planes,,16320,16436,128,1,1,0,0,32,2,42,32,2,32,32.536205,0.947634,0.000000,true,259843960-259946127-259856305-259881665-259872963-259939038-259955166-259816723-259889938-259820013-259914744-259794872-259825284-259771753-259878611-259709182
cyclic,CUDA,temporal,tiled_bit_planes,tiled_bit_planes,,16320,16440,128,1,1,0,0,32,2,42,32,2,32,40.942995,1.192196,0.000000,true,259908598-260010905-259919327-259942709-259933737-260003475-260018613-259880927-259956260-259883532-259978256-259858036-259886974-259825436-259944081-259773079
cyclic,CUDA,temporal,bit_planes,bit_planes,,16320,16432,126,1,1,0,0,32,2,42,32,3,32,30.591920,0.905369,0.000000,true,259764606-259876803-259776137-259804225-259783769-259886666-259889389-259739612-259794517-259761317-259851326-259725158-259754787-259726456-259804265-259656911
cyclic,CUDA,temporal,tiled_bit_planes,tiled_bit_planes,,16320,16440,126,1,1,0,0,32,2,42,32,3,32,37.164933,1.099362,0.000000,true,259893363-260005649-259899156-259927664-259906511-260012363-260016394-259867326-259927980-259890870-259980109-259851577-259877156-259844848-259928120-259781576
cyclic,CUDA,temporal,bit_planes,bit_planes,,16320,16440,128,1,1,0,0,32,2,42,32,4,32,31.741974,0.924277,0.000000,true,259908598-260010905-259919327-259942709-259933737-260003475-260018613-259880927-259956260-259883532-259978256-259858036-259886974-259825436-259944081-259773079
cyclic,CUDA,temporal,tiled_bit_planes,tiled_bit_planes,,16320,16440,128,1,1,0,0,32,2,42,32,4,32,36.178899,1.053473,0.000000,true,259908598-260010905-259919327-259942709-259933737-260003475-260018613-259880927-259956260-259883532-259978256-259858036-259886974-259825436-259944081-259773079
cyclic,CUDA,temporal,bit_planes,bit_planes,,16320,16434,125,1,1,0,0,32,2,42,32,5,32,32.416753,0.966932,0.000000,true,259827960-259937236-259826886-259858884-259836478-259948328-259951384-259799580-259849815-259837113-259915944-259790368-259691888-259675193-259727914-259594498
cyclic,CUDA,temporal,tiled_bit_planes,tiled_bit_planes,,16320,16352,125,1,1,0,0,32,2,42,32,5,32,36.756530,1.101878,0.000000,true,258484749-258614049-258500812-258523777-258518482-258613188-258612304-258481546-258498937-258507147-258606336-258458704-258495441-258482477-258535121-258396383
cyclic,CUDA,temporal,bit_planes,bit_planes,,16320,16440,126,1,1,0,0,32,2,42,32,6,32,34.954663,1.033981,0.000000,true,259893363-260005649-259899156-259927664-259906511-260012363-260016394-259867326-259927980-259890870-259980109-259851577-259877156-259844848-259928120-259781576
cyclic,CUDA,temporal,tiled_bit_planes,tiled_bit_planes,,16320,16352,126,1,1,0,0,32,2,42,32,6,32,36.556636,1.087188,0.000000,true,258488028-258616278-258512284-258531136-258528130-258612502-258614220-258485029-258509657-258496727-258606002-258456357-258504483-258468622-258545147-258394527
cyclic,CUDA,temporal,bit_planes,bit_planes,,16320,16434,126,1,1,0,0,32,2,42,32,7,32,38.076262,1.126731,0.000000,true,259830480-259939439-259838786-259866354-259845764-259948001-259953026-259803234-259861430-259827357-259916518-259788421-259697850-259660435-259736394-259590851
cyclic,CUDA,temporal,tiled_bit_planes,tiled_bit_planes,,16320,16352,126,1,1,0,0,32,2,42,32,7,32,36.288807,1.079223,0.000000,true,258488028-258616278-258512284-258531136-258528130-258612502-258614220-258485029-258509657-258496727-258606002-258456357-258504483-258468622-258545147-258394527
cyclic,CUDA,temporal,bit_planes,bit_planes,,16320,16448,128,1,1,0,0,32,2,42,32,8,32,42.635775,1.240883,0.000000,true,260035071-260137668-260048530-260069969-260060035-260130057-260146325-260012630-260080920-260014434-260105747-259979435-260016189-259942317-260078728-259901190
cyclic,CUDA,temporal,tiled_bit_planes,tiled_bit_planes,,16320,16352,128,1,1,0,0,32,2,42,32,8,32,36.682117,1.073874,0.000000,true,258503468-258621068-258531051-258545584-258556073-258603441-258616568-258497726-258536950-258488305-258602888-258462974-258518650-258452833-258564537-258388120
cyclic,CUDA,temporal,bit_planes,bit_planes,,16320,16436,126,1,1,0,0,32,2,42,32,9,32,48.103053,1.423265,0.000000,true,259828762-259941753-259836423-259866925-259845764-259948001-259953026-259803234-259861430-259827357-259916518-259788421-259815961-259789760-259861665-259717806
cyclic,CUDA,temporal,tiled_bit_planes,tiled_bit_planes,,16352,16328,126,1,1,0,0,32,2,42,32,9,32,41.272196,1.226827,0.000000,true,258524513-258594390-258638576-258648888-258851666-258612846-258549077-258657403-258736794-258547789-258653844-258717068-258588495-258826305-258784791-258657382
cyclic,CUDA,temporal,bit_planes,bit_planes,,16320,16440,120,1,1,0,0,32,2,42,32,10,32,52.992308,1.645923,0.000000,true,259879840-259996045-259850422-259905509-259873106-259999294-260001391-259843819-259903567-259925800-259953920-259876140-259860544-259912740-259888854-259828690
cyclic,CUDA,temporal,tiled_bit_planes,tiled_bit_planes,,16352,16328,120,1,1,0,0,32,2,42,32,10,32,39.191593,1.223229,0.000000,true,258562065-258637431-258603792-258663021-258751115-258630545-258600541-258605736-258734573-258619461-258648361-258728102-258558103-258712395-258828917-258643772
cyclic,CUDA,temporal,bit_planes,bit_planes,,16320,16448,120,1,1,0,0,32,2,42,32,12,32,78.819852,2.446928,0.000000,true,260005753-260122854-259981579-260033256-259999021-260125566-260127519-259974848-260031001-260056373-260081605-259997527-259988670-260035162-260023094-259961296
cyclic,CUDA,temporal,tiled_bit_planes,tiled_bit_planes,,16352,16328,120,1,1,0,0,32,2,42,32,12,32,39.013342,1.217666,0.000000,true,258562065-258637431-258603792-258663021-258751115-258630545-258600541-258605736-258734573-258619461-258648361-258728102-258558103-258712395-258828917-258643772
cyclic,CUDA,temporal,bit_planes,bit_planes,,16320,16448,126,1,1,0,0,32,2,42,32,14,32,160.095280,4.733417,0.000000,true,260019719-260132396-260028713-260055635-260032670-260138850-260143924-259998715-260052893-260021653-260107768-259972928-260007060-259962370-260062753-259909936
cyclic,CUDA,temporal,tiled_bit_planes,tiled_bit_planes,,16352,16416,126,1,1,0,0,32,2,42,32,14,32,44.394457,1.312562,0.000000,true,259927632-259984590-260036457-260046446-260221424-260003319-259954692-260046563-260141501-259944476-260041172-260112979-259991630-260197091-260162251-260057822
cyclic,CUDA,temporal,tiled_bit_planes,tiled_bit_planes,,16352,16416,128,1,1,0,0,32,2,42,32,16,32,44.992850,1.309469,0.000000,true,259922240-259955654-260054106-260049731-260237777-260023893-259946632-260073828-260136027-259920851-260041685-260103724-260011705-260217482-260145352-260045836
cyclic,CUDA,temporal,tiled_bit_planes,tiled_bit_planes,,16224,16544,126,1,1,0,0,32,2,42,32,18,32,52.177306,1.542811,0.000000,true,259915564-259971650-259979076-259988139-260119645-260083684-260097667-259882642-260022377-260130958-260052402-260007707-260083853-260097226-260021248-260236047
cyclic,CUDA,temporal,tiled_bit_planes,tiled_bit_planes,,16224,16544,120,1,1,0,0,32,2,42,32,20,32,49.629400,1.540846,0.000000,true,259917951-259958505-259987145-260052721-260082440-260091568-260077526-259880517-260016670-260049312-260025455-259947657-260146242-260132470-260027126-260136676
cyclic,CUDA,temporal,tiled_bit_planes,tiled_bit_planes,,16224,16480,110,1,1,0,0,32,2,42,32,22,32,49.641508,1.687863,0.000000,true,258983638-258997496-258991702-259081813-259079104-259028215-258964416-258935947-258926359-258993428-259080234-258959064-259163870-259083096-258997218-259061097
cyclic,CUDA,temporal,tiled_bit_planes,tiled_bit_planes,,16224,16480,120,1,1,0,0,32,2,42,32,24,32,54.096301,1.686053,0.000000,true,258911873-258955591-258978133-259045789-259075041-259090786-259063402-258867533-259016786-259045139-259031427-258970788-259104009-259126917-259025666-259114082
cyclic,CUDA,simple,bit_array,bit_array,,16128,16644,128,1,1,0,0,32,2,42,64,0,0,266.333013,7.751340,0.000000,true,260052555-260042519-260121854-260124337-260122163-260138010-259960260-259919563-260121097-259839784-260120234-259970726-260124184-260126778-259905837-260013732
cyclic,CUDA,simple,bit_planes,bit_planes,,16384,16384,128,1,1,0,0,32,2,42,64,0,0,26.602626,0.774238,0.000000,true,260070766-260066453-260124976-259951223-259991454-260200100-259952203-260128709-260066526-259980176-260091909-260027980-260104065-259949951-259889009-260149202
cyclic,CUDA,simple,tiled_bit_planes,tiled_bit_planes,,16384,16384,128,1,1,0,0,32,2,42,64,0,0,30.783021,0.895904,0.000000,true,260070766-260066453-260124976-259951223-259991454-260200100-259952203-260128709-260066526-259980176-260091909-260027980-260104065-259949951-259889009-260149202
cyclic,CUDA,temporal,bit_planes,bit_planes,,15360,17472,128,1,1,0,0,32,2,42,64,2,16,28.820969,0.839005,0.000000,true,259901820-259947216-260102837-259919459-260099006-260046039-259949957-260015545-259973360-259927141-259996583-259887494-260047695-260088200-259894268-259934853
cyclic,CUDA,temporal,tiled_bit_planes,tiled_bit_planes,,16320,16352,128,1,1,0,0,32,2,42,64,2,16,33.363546,0.976723,0.000000,true,258503468-258621068-258531051-258545584-258556073-258603441-258616568-258497726-258536950-258488305-258602888-258462974-258518650-258452833-258564537-258388120
cyclic,CUDA,temporal,bit_planes,bit_planes,,15360,17470,126,1,1,0,0,32,2,42,64,3,16,29.961028,0.886139,0.000000,true,259927433-259940180-260110483-259911794-260080800-260049832-259939987-260013692-259969917-259926598-260009677-259883682-259917094-259977392-259772032-259851363
cyclic,CUDA,temporal,tiled_bit_planes,tiled_bit_planes,,16320,16352,126,1,1,0,0,32,2,42,64,3,16,30.831194,0.916914,0.000000,true,258488028-258616278-258512284-258531136-258528130-258612502-258614220-258485029-258509657-258496727-258606002-258456357-258504483-258468622-258545147-258394527
cyclic,CUDA,temporal,bit_planes,bit_planes,,15360,17472,128,1,1,0,0,32,2,42,64,4,16,35.992795,1.047784,0.000000,true,259901820-259947216-260102837-259919459-260099006-260046039-259949957-260015545-259973360-259927141-259996583-259887494-260047695-260088200-259894268-259934853
cyclic,CUDA,temporal,tiled_bit_planes,tiled_bit_planes,,16320,16352,128,1,1,0,0,32,2,42,64,4,16,30.695517,0.898616,0.000000,true,258503468-258621068-258531051-258545584-258556073-258603441-258616568-258497726-258536950-258488305-258602888-258462974-258518650-258452833-258564537-258388120
cyclic,CUDA,temporal,bit_planes,bit_planes,,15360,17472,125,1,1,0,0,32,2,42,64,5,16,44.018674,1.312179,0.000000,true,259938649-259931189-260114250-259904056-260067594-260050402-259936223-260011421-259968914-259926606-260014049-259878634-260039336-260101418-259896130-259981262
cyclic,CUDA,temporal,tiled_bit_planes,tiled_bit_planes,,16320,16352,125,1,1,0,0,32,2,42,64,5,16,29.553627,0.885951,0.000000,true,258484749-258614049-258500812-258523777-258518482-258613188-258612304-258481546-258498937-258507147-258606336-258458704-258495441-258482477-258535121-258396383
cyclic,CUDA,temporal,bit_planes,bit_planes,,15360,17476,126,1,1,0,0,32,2,42,64,6,16,66.189091,1.956963,0.000000,true,259992028-259996006-260170862-259970226-260139795-260109892-260001002-260074457-260027166-259987282-260068975-259942031-260103644-260152927-259956681-260029808
cyclic,CUDA,temporal,tiled_bit_planes,tiled_bit_planes,,16320,16352,126,1,1,0,0,32,2,42,64,6,16,29.562369,0.879180,0.000000,true,258488028-258616278-258512284-258531136-258528130-258612502-258614220-258485029-258509657-258496727-258606002-258456357-258504483-258468622-258545147-258394527
cyclic,CUDA,temporal,bit_planes,bit_planes,,15360,17476,126,1,1,0,0,32,2,42,64,7,16,130.199531,3.849512,0.000000,true,259992028-259996006-260170862-259970226-260139795-260109892-260001002-260074457-260027166-259987282-260068975-259942031-260103644-260152927-259956681-260029808
cyclic,CUDA,temporal,tiled_bit_planes,tiled_bit_planes,,16320,16352,126,1,1,0,0,32,2,42,64,7,16,29.405831,0.874524,0.000000,true,258488028-258616278-258512284-258531136-258528130-258612502-258614220-258485029-258509657-258496727-258606002-258456357-258504483-258468622-258545147-258394527
cyclic,CUDA,temporal,tiled_bit_planes,tiled_bit_planes,,16320,16352,128,1,1,0,0,32,2,42,64,8,16,29.756306,0.871120,0.000000,true,258503468-258621068-258531051-258545584-258556073-258603441-258616568-258497726-258536950-258488305-258602888-258462974-258518650-258452833-258564537-258388120
cyclic,CUDA,temporal,tiled_bit_planes,tiled_bit_planes,,16352,16416,126,1,1,0,0,32,2,42,64,9,16,36.033728,1.065370,0.000000,true,259927632-259984590-260036457-260046446-260221424-260003319-259954692-260046563-260141501-259944476-260041172-260112979-259991630-260197091-260162251-260057822
cyclic,CUDA,temporal,tiled_bit_planes,tiled_bit_planes,,16352,16416,120,1,1,0,0,32,2,42,64,10,16,34.255196,1.063425,0.000000,true,259963781-260034008-260002947-260057813-260135608-260013705-260001516-259998783-260128243-260019729-260044527-260119091-259952792-260078975-260218646-260043352
cyclic,CUDA,temporal,tiled_bit_planes,tiled_bit_planes,,16352,16416,120,1,1,0,0,32,2,42,64,12,16,34.145488,1.060020,0.000000,true,259963781-260034008-260002947-260057813-260135608-260013705-260001516-259998783-260128243-260019729-260044527-260119091-259952792-260078975-260218646-260043352
cyclic,CUDA,temporal,tiled_bit_planes,tiled_bit_planes,,16352,16416,126,1,1,0,0,32,2,42,64,14,16,35.778128,1.057813,0.000000,true,259927632-259984590-260036457-260046446-260221424-260003319-259954692-260046563-260141501-259944476-260041172-260112979-259991630-260197091-260162251-260057822
cyclic,CUDA,temporal,tiled_bit_planes,tiled_bit_planes,,16352,16416,128,1,1,0,0,32,2,42,64,16,16,36.289437,1.056166,0.000000,true,259922240-259955654-260054106-260049731-260237777-260023893-259946632-260073828-260136027-259920851-260041685-260103724-260011705-260217482-260145352-260045836
cyclic,CUDA,temporal,tiled_bit_planes,tiled_bit_planes,,16224,16480,126,1,1,0,0,32,2,42,64,18,16,45.609760,1.353855,0.000000,true,258909899-258965564-258967757-258982213-259112218-259087067-259084723-258867677-259023734-259123100-259054804-259029649-259043131-259092797-259020895-259224120
cyclic,CUDA,temporal,tiled_bit_planes,tiled_bit_planes,,16224,16480,120,1,1,0,0,32,2,42,64,20,16,43.396866,1.352577,0.000000,true,258911873-258955591-258978133-259045789-259075041-259090786-259063402-258867533-259016786-259045139-259031427-258970788-259104009-259126917-259025666-259114082
cyclic,CUDA,temporal,tiled_bit_planes,tiled_bit_planes,,16224,16480,110,1,1,0,0,32,2,42,64,22,16,39.763044,1.351985,0.000000,true,258983638-258997496-258991702-259081813-259079104-259028215-258964416-258935947-258926359-258993428-259080234-258959064-259163870-259083096-258997218-259061097
cyclic,CUDA,temporal,tiled_bit_planes,tiled_bit_planes,,16224,16480,120,1,1,0,0,32,2,42,64,24,16,43.339919,1.350802,0.000000,true,258911873-258955591-258978133-259045789-259075041-259090786-259063402-258867533-259016786-259045139-259031427-258970788-259104009-259126917-259025666-259114082
cyclic,CUDA,,,,baseline,16384,16384,128,1,1,0,0,32,4,42,0,0,0,412.800669,12.014081,0.000000,true,260070766-260066453-260124976-259951223-259991454-260200100-259952203-260128709-260066526-259980176-260091909-260027980-260104065-259949951-259889009-260149202
cyclic,CUDA,simple,standard,standard,,16384,16384,128,1,1,0,0,32,4,42,0,0,0,460.140197,13.391842,0.000000,true,260070766-260066453-260124976-259951223-259991454-260200100-259952203-260128709-260066526-259980176-260091909-260027980-260104065-259949951-259889009-260149202
cyclic,CUDA,simple,bit_array,bit_array,,16320,16448,128,1,1,0,0,32,4,42,32,0,0,296.276582,8.622915,0.000000,true,260035071-260137668-260048530-260069969-260060035-260130057-260146325-260012630-260080920-260014434-260105747-259979435-260016189-259942317-260078728-259901190
cyclic,CUDA,simple,bit_planes,bit_planes,,16384,16384,128,1,1,0,0,32,4,42,32,0,0,31.240439,0.909216,0.000000,true,260070766-260066453-260124976-259951223-259991454-260200100-259952203-260128709-260066526-259980176-260091909-260027980-260104065-259949951-259889009-260149202
cyclic,CUDA,simple,tiled_bit_planes,tiled_bit_planes,,16384,16384,128,1,1,0,0,32,4,42,32,0,0,39.445550,1.148017,0.000000,true,260070766-260066453-260124976-259951223-259991454-260200100-259952203-260128709-260066526-259980176-260091909-260027980-260104065-259949951-259889009-260149202
cyclic,CUDA,temporal,bit_planes,bit_planes,,16320,16436,128,1,1,0,0,32,4,42,32,2,32,28.386697,0.826777,0.000000,true,259843960-259946127-259856305-259881665-259872963-259939038-259955166-259816723-259889938-259820013-259914744-259794872-259825284-259771753-259878611-259709182
cyclic,CUDA,temporal,tiled_bit_planes,tiled_bit_planes,,16320,16440,128,1,1,0,0,32,4,42,32,2,32,37.072461,1.079492,0.000000,true,259908598-260010905-259919327-259942709-259933737-260003475-260018613-259880927-259956260-259883532-259978256-259858036-259886974-259825436-259944081-259773079
cyclic,CUDA,temporal,bit_planes,bit_planes,,16320,16432,126,1,1,0,0,32,4,42,32,3,32,28.056543,0.830334,0.000000,true,259764606-259876803-259776137-259804225-259783769-259886666-259889389-259739612-259794517-259761317-259851326-259725158-259754787-259726456-259804265-259656911
cyclic,CUDA,temporal,tiled_bit_planes,tiled_bit_planes,,16320,16440,126,1,1,0,0,32,4,42,32,3,32,34.955083,1.033994,0.000000,true,259893363-260005649-259899156-259927664-259906511-260012363-260016394-259867326-259927980-259890870-259980109-259851577-259877156-259844848-259928120-259781576
cyclic,CUDA,temporal,bit_planes,bit_planes,,16320,16440,128,1,1,0,0,32,4,42,32,4,32,29.842577,0.868969,0.000000,true,259908598-260010905-259919327-259942709-259933737-260003475-260018613-259880927-259956260-259883532-259978256-259858036-259886974-259825436-259944081-259773079
cyclic,CUDA,temporal,tiled_bit_planes,tiled_bit_planes,,16320,16440,128,1,1,0,0,32,4,42,32,4,32,34.864014,1.015186,0.000000,true,259908598-260010905-259919327-259942709-259933737-260003475-260018613-259880927-259956260-259883532-259978256-259858036-259886974-259825436-259944081-259773079
cyclic,CUDA,temporal,bit_planes,bit_planes,,16320,16434,125,1,1,0,0,32,4,42,32,5,32,31.018901,0.925237,0.000000,true,259827960-259937236-259826886-259858884-259836478-259948328-259951384-259799580-259849815-259837113-259915944-259790368-259691888-259675193-259727914-259594498
cyclic,CUDA,temporal,tiled_bit_planes,tiled_bit_planes,,16320,16352,125,1,1,0,0,32,4,42,32,5,32,36.011033,1.079530,0.000000,true,258484749-258614049-258500812-258523777-258518482-258613188-258612304-258481546-258498937-258507147-258606336-258458704-258495441-258482477-258535121-258396383
cyclic,CUDA,temporal,bit_planes,bit_planes,,16320,16440,126,1,1,0,0,32,4,42,32,6,32,34.096174,1.008586,0.000000,true,259893363-260005649-259899156-259927664-259906511-260012363-260016394-259867326-259927980-259890870-259980109-259851577-259877156-259844848-259928120-259781576
cyclic,CUDA,temporal,tiled_bit_planes,tiled_bit_planes,,16320,16352,126,1,1,0,0,32,4,42,32,6,32,36.024654,1.071367,0.000000,true,258488028-258616278-258512284-258531136-258528130-258612502-258614220-258485029-258509657-258496727-258606002-258456357-258504483-258468622-258545147-258394527
cyclic,CUDA,temporal,bit_planes,bit_planes,,16320,16434,126,1,1,0,0,32,4,42,32,7,32,37.243683,1.102094,0.000000,true,259830480-259939439-259838786-259866354-259845764-259948001-259953026-259803234-259861430-259827357-259916518-259788421-259697850-259660435-259736394-259590851
cyclic,CUDA,temporal,tiled_bit_planes,tiled_bit_planes,,16320,16352,126,1,1,0,0,32,4,42,32,7,32,35.832591,1.065655,0.000000,true,258488028-258616278-258512284-258531136-258528130-258612502-258614220-258485029-258509657-258496727-258606002-258456357-258504483-258468622-258545147-258394527
cyclic,CUDA,temporal,bit_planes,bit_planes,,16320,16448,128,1,1,0,0,32,4,42,32,8,32,42.600972,1.239870,0.000000,true,260035071-260137668-260048530-260069969-260060035-260130057-260146325-260012630-260080920-260014434-260105747-259979435-260016189-259942317-260078728-259901190
cyclic,CUDA,temporal,tiled_bit_planes,tiled_bit_planes,,16320,16352,128,1,1,0,0,32,4,42,32,8,32,36.256127,1.061403,0.000000,true,258503468-258621068-258531051-258545584-258556073-258603441-258616568-258497726-258536950-258488305-258602888-258462974-258518650-258452833-258564537-258388120
cyclic,CUDA,temporal,bit_planes,bit_planes,,16320,16436,126,1,1,0,0,32,4,42,32,9,32,47.595489,1.408247,0.000000,true,259828762-259941753-259836423-259866925-259845764-259948001-259953026-259803234-259861430-259827357-259916518-259788421-259815961-259789760-259861665-259717806
cyclic,CUDA,temporal,tiled_bit_planes,tiled_bit_planes,,16352,16328,126,1,1,0,0,32,4,42,32,9,32,40.320685,1.198543,0.000000,true,258524513-258594390-258638576-258648888-258851666-258612846-258549077-258657403-258736794-258547789-258653844-258717068-258588495-258826305-258784791-258657382
cyclic,CUDA,temporal,bit_planes,bit_planes,,16320,16440,120,1,1,0,0,32,4,42,32,10,32,52.949062,1.644580,0.000000,true,259879840-259996045-259850422-259905509-259873106-259999294-260001391-259843819-259903567-259925800-259953920-259876140-259860544-259912740-259888854-259828690
cyclic,CUDA,temporal,tiled_bit_planes,tiled_bit_planes,,16352,16328,120,1,1,0,0,32,4,42,32,10,32,38.312442,1.195789,0.000000,true,258562065-258637431-258603792-258663021-258751115-258630545-258600541-258605736-258734573-258619461-258648361-258728102-258558103-258712395-258828917-258643772
cyclic,CUDA,temporal,bit_planes,bit_planes,,16320,16448,120,1,1,0,0,32,4,42,32,12,32,79.541433,2.469329,0.000000,true,260005753-260122854-259981579-260033256-259999021-260125566-260127519-259974848-260031001-260056373-260081605-259997527-259988670-260035162-260023094-259961296
cyclic,CUDA,temporal,tiled_bit_planes,tiled_bit_planes,,16352,16328,120,1,1,0,0,32,4,42,32,12,32,38.170486,1.191359,0.000000,true,258562065-258637431-258603792-258663021-258751115-258630545-258600541-258605736-258734573-258619461-258648361-258728102-258558103-258712395-258828917-258643772
cyclic,CUDA,temporal,bit_planes,bit_planes,,16320,16448,126,1,1,0,0,32,4,42,32,14,32,163.168394,4.824277,0.000000,true,260019719-260132396-260028713-260055635-260032670-260138850-260143924-259998715-260052893-260021653-260107768-259972928-260007060-259962370-260062753-259909936
cyclic,CUDA,temporal,tiled_bit_planes,tiled_bit_planes,,16352,16416,126,1,1,0,0,32,4,42,32,14,32,43.449025,1.284610,0.000000,true,259927632-259984590-260036457-260046446-260221424-260003319-259954692-260046563-260141501-259944476-260041172-260112979-259991630-260197091-260162251-260057822
cyclic,CUDA,temporal,tiled_bit_planes,tiled_bit_planes,,16352,16416,128,1,1,0,0,32,4,42,32,16,32,44.054378,1.282156,0.000000,true,259922240-259955654-260054106-260049731-260237777-260023893-259946632-260073828-260136027-259920851-260041685-260103724-260011705-260217482-260145352-260045836
cyclic,CUDA,temporal,tiled_bit_planes,tiled_bit_planes,,16224,16544,126,1,1,0,0,32,4,42,32,18,32,51.717824,1.529224,0.000000,true,259915564-259971650-259979076-259988139-260119645-260083684-260097667-259882642-260022377-260130958-260052402-260007707-260083853-260097226-260021248-260236047
cyclic,CUDA,temporal,tiled_bit_planes,tiled_bit_planes,,16224,16544,120,1,1,0,0,32,4,42,32,20,32,49.183840,1.527013,0.000000,true,259917951-259958505-259987145-260052721-260082440-260091568-260077526-259880517-260016670-260049312-260025455-259947657-260146242-260132470-260027126-260136676
cyclic,CUDA,temporal,tiled_bit_planes,tiled_bit_planes,,16224,16480,110,1,1,0,0,32,4,42,32,22,32,49.918600,1.697284,0.000000,true,258983638-258997496-258991702-259081813-259079104-259028215-258964416-258935947-258926359-258993428-259080234-258959064-259163870-259083096-258997218-259061097
cyclic,CUDA,temporal,tiled_bit_planes,tiled_bit_planes,,16224,16480,120,1,1,0,0,32,4,42,32,24,32,54.312632,1.692795,0.000000,true,258911873-258955591-258978133-259045789-259075041-259090786-259063402-258867533-259016786-259045139-259031427-258970788-259104009-259126917-259025666-259114082
cyclic,CUDA,simple,bit_array,bit_array,,16128,16644,128,1,1,0,0,32,4,42,64,0,0,266.326561,7.751153,0.000000,true,260052555-260042519-260121854-260124337-260122163-260138010-259960260-259919563-260121097-259839784-260120234-259970726-260124184-260126778-259905837-260013732
cyclic,CUDA,simple,bit_planes,bit_planes,,16384,16384,128,1,1,0,0,32,4,42,64,0,0,26.058696,0.758408,0.000000,true,260070766-260066453-260124976-259951223-259991454-260200100-259952203-260128709-260066526-259980176-260091909-260027980-260104065-259949951-259889009-260149202
cyclic,CUDA,simple,tiled_bit_planes,tiled_bit_planes,,16384,16384,128,1,1,0,0,32,4,42,64,0,0,31.222151,0.908684,0.000000,true,260070766-260066453-260124976-259951223-259991454-260200100-259952203-260128709-260066526-259980176-260091909-260027980-260104065-259949951-259889009-260149202
cyclic,CUDA,temporal,bit_planes,bit_planes,,15360,17472,128,1,1,0,0,32,4,42,64,2,16,24.254425,0.706069,0.000000,true,259901820-259947216-260102837-259919459-260099006-260046039-259949957-260015545-259973360-259927141-259996583-259887494-260047695-260088200-259894268-259934853
cyclic,CUDA,temporal,tiled_bit_planes,tiled_bit_planes,,16320,16352,128,1,1,0,0,32,4,42,64,2,16,31.250073,0.914850,0.000000,true,258503468-258621068-258531051-258545584-258556073-258603441-258616568-258497726-258536950-258488305-258602888-258462974-258518650-258452833-258564537-258388120
cyclic,CUDA,temporal,bit_planes,bit_planes,,15360,17470,126,1,1,0,0,32,4,42,64,3,16,26.886810,0.795215,0.000000,true,259927433-259940180-260110483-259911794-260080800-260049832-259939987-260013692-259969917-259926598-260009677-259883682-259917094-259977392-259772032-259851363
cyclic,CUDA,temporal,tiled_bit_planes,tiled_bit_planes,,16320,16352,126,1,1,0,0,32,4,42,64,3,16,29.917741,0.889748,0.000000,true,258488028-258616278-258512284-258531136-258528130-258612502-258614220-258485029-258509657-258496727-258606002-258456357-258504483-258468622-258545147-258394527
cyclic,CUDA,temporal,bit_planes,bit_planes,,15360,17472,128,1,1,0,0,32,4,42,64,4,16,33.210002,0.966774,0.000000,true,259901820-259947216-260102837-259919459-260099006-260046039-259949957-260015545-259973360-259927141-259996583-259887494-260047695-260088200-259894268-259934853
cyclic,CUDA,temporal,tiled_bit_planes,tiled_bit_planes,,16320,16352,128,1,1,0,0,32,4,42,64,4,16,29.946425,0.876686,0.000000,true,258503468-258621068-258531051-258545584-258556073-258603441-258616568-258497726-258536950-258488305-258602888-258462974-258518650-258452833-258564537-258388120
cyclic,CUDA,temporal,bit_planes,bit_planes,,15360,17472,125,1,1,0,0,32,4,42,64,5,16,42.494440,1.266742,0.000000,true,259938649-259931189-260114250-259904056-260067594-260050402-259936223-260011421-259968914-259926606-260014049-259878634-260039336-260101418-259896130-259981262
cyclic,CUDA,temporal,tiled_bit_planes,tiled_bit_planes,,16320,16352,125,1,1,0,0,32,4,42,64,5,16,29.015085,0.869807,0.000000,true,258484749-258614049-258500812-258523777-258518482-258613188-258612304-258481546-258498937-258507147-258606336-258458704-258495441-258482477-258535121-258396383
cyclic,CUDA,temporal,bit_planes,bit_planes,,15360,17476,126,1,1,0,0,32,4,42,64,6,16,65.445958,1.934991,0.000000,true,259992028-259996006-260170862-259970226-260139795-260109892-260001002-260074457-260027166-259987282-260068975-259942031-260103644-260152927-259956681-260029808
cyclic,CUDA,temporal,tiled_bit_planes,tiled_bit_planes,,16320,16352,126,1,1,0,0,32,4,42,64,6,16,29.080565,0.864851,0.000000,true,258488028-258616278-258512284-258531136-258528130-258612502-258614220-258485029-258509657-258496727-258606002-258456357-258504483-258468622-258545147-258394527
cyclic,CUDA,temporal,bit_planes,bit_planes,,15360,17476,126,1,1,0,0,32,4,42,64,7,16,128.622075,3.802872,0.000000,true,259992028-259996006-260170862-259970226-260139795-260109892-260001002-260074457-260027166-259987282-260068975-259942031-260103644-260152927-259956681-260029808
cyclic,CUDA,temporal,tiled_bit_planes,tiled_bit_planes,,16320,16352,126,1,1,0,0,32,4,42,64,7,16,28.949305,0.860947,0.000000,true,258488028-258616278-258512284-258531136-258528130-258612502-258614220-258485029-258509657-258496727-258606002-258456357-258504483-258468622-258545147-258394527
cyclic,CUDA,temporal,tiled_bit_planes,tiled_bit_planes,,16320,16352,128,1,1,0,0,32,4,42,64,8,16,29.334492,0.858771,0.000000,true,258503468-258621068-258531051-258545584-258556073-258603441-258616568-258497726-258536950-258488305-258602888-258462974-258518650-258452833-258564537-258388120
cyclic,CUDA,temporal,tiled_bit_planes,tiled_bit_planes,,16352,16416,126,1,1,0,0,32,4,42,64,9,16,35.905662,1.061584,0.000000,true,259927632-259984590-260036457-260046446-260221424-260003319-259954692-260046563-260141501-259944476-260041172-260112979-259991630-260197091-260162251-260057822
cyclic,CUDA,temporal,tiled_bit_planes,tiled_bit_planes,,16352,16416,120,1,1,0,0,32,4,42,64,10,16,34.134041,1.059664,0.000000,true,259963781-260034008-260002947-260057813-260135608-260013705-260001516-259998783-260128243-260019729-260044527-260119091-259952792-260078975-260218646-260043352
cyclic,CUDA,temporal,tiled_bit_planes,tiled_bit_planes,,16352,16416,120,1,1,0,0,32,4,42,64,12,16,34.047138,1.056966,0.000000,true,259963781-260034008-260002947-260057813-260135608-260013705-260001516-259998783-260128243-260019729-260044527-260119091-259952792-260078975-260218646-260043352
cyclic,CUDA,temporal,tiled_bit_planes,tiled_bit_planes,,16352,16416,126,1,1,0,0,32,4,42,64,14,16,35.679748,1.054904,0.000000,true,259927632-259984590-260036457-260046446-260221424-260003319-259954692-260046563-260141501-259944476-260041172-260112979-259991630-260197091-260162251-260057822
cyclic,CUDA,temporal,tiled_bit_planes,tiled_bit_planes,,16352,16416,128,1,1,0,0,32,4,42,64,16,16,36.182885,1.053065,0.000000,true,259922240-259955654-260054106-260049731-260237777-260023893-259946632-260073828-260136027-259920851-260041685-260103724-260011705-260217482-260145352-260045836
cyclic,CUDA,temporal,tiled_bit_planes,tiled_bit_planes,,16224,16480,126,1,1,0,0,32,4,42,64,18,16,45.849567,1.360973,0.000000,true,258909899-258965564-258967757-258982213-259112218-259087067-259084723-258867677-259023734-259123100-259054804-259029649-259043131-259092797-259020895-259224120
cyclic,CUDA,temporal,tiled_bit_planes,tiled_bit_planes,,16224,16480,120,1,1,0,0,32,4,42,64,20,16,43.686117,1.361592,0.000000,true,258911873-258955591-258978133-259045789-259075041-259090786-259063402-258867533-259016786-259045139-259031427-258970788-259104009-259126917-259025666-259114082
cyclic,CUDA,temporal,tiled_bit_planes,tiled_bit_planes,,16224,16480,110,1,1,0,0,32,4,42,64,22,16,39.883558,1.356082,0.000000,true,258983638-258997496-258991702-259081813-259079104-259028215-258964416-258935947-258926359-258993428-259080234-258959064-259163870-259083096-258997218-259061097
cyclic,CUDA,temporal,tiled_bit_planes,tiled_bit_planes,,16224,16480,120,1,1,0,0,32,4,42,64,24,16,43.709752,1.362329,0.000000,true,258911873-258955591-258978133-259045789-259075041-259090786-259063402-258867533-259016786-259045139-259031427-258970788-259104009-259126917-259025666-259114082
cyclic,CUDA,,,,baseline,16384,16384,128,1,1,0,0,32,8,42,0,0,0,427.455906,12.440604,0.000000,true,260070766-260066453-260124976-259951223-259991454-260200100-259952203-260128709-260066526-259980176-260091909-260027980-260104065-259949951-259889009-260149202
cyclic,CUDA,simple,standard,standard,,16384,16384,128,1,1,0,0,32,8,42,0,0,0,473.168443,13.771014,0.000000,true,260070766-260066453-260124976-259951223-259991454-260200100-259952203-260128709-260066526-259980176-260091909-260027980-260104065-259949951-259889009-260149202
cyclic,CUDA,simple,bit_array,bit_array,,16320,16448,128,1,1,0,0,32,8,42,32,0,0,301.619098,8.778405,0.000000,true,260035071-260137668-260048530-260069969-260060035-260130057-260146325-260012630-260080920-260014434-260105747-259979435-260016189-259942317-260078728-259901190
cyclic,CUDA,simple,bit_planes,bit_planes,,16384,16384,128,1,1,0,0,32,8,42,32,0,0,31.893886,0.928234,0.000000,true,260070766-260066453-260124976-259951223-259991454-260200100-259952203-260128709-260066526-259980176-260091909-260027980-260104065-259949951-259889009-260149202
cyclic,CUDA,simple,tiled_bit_planes,tiled_bit_planes,,16384,16384,128,1,1,0,0,32,8,42,32,0,0,40.825125,1.188168,0.000000,true,260070766-260066453-260124976-259951223-259991454-260200100-259952203-260128709-260066526-259980176-260091909-260027980-260104065-259949951-259889009-260149202
cyclic,CUDA,temporal,bit_planes,bit_planes,,16320,16436,128,1,1,0,0,32,8,42,32,2,32,28.193503,0.821151,0.000000,true,259843960-259946127-259856305-259881665-259872963-259939038-259955166-259816723-259889938-259820013-259914744-259794872-259825284-259771753-259878611-259709182
cyclic,CUDA,temporal,tiled_bit_planes,tiled_bit_planes,,16320,16440,128,1,1,0,0,32,8,42,32,2,32,37.871652,1.102763,0.000000,true,259908598-260010905-259919327-259942709-259933737-260003475-260018613-259880927-259956260-259883532-259978256-259858036-259886974-259825436-259944081-259773079
cyclic,CUDA,temporal,bit_planes,bit_planes,,16320,16432,126,1,1,0,0,32,8,42,32,3,32,28.422182,0.841156,0.000000,true,259764606-259876803-259776137-259804225-259783769-259886666-259889389-259739612-259794517-259761317-259851326-259725158-259754787-259726456-259804265-259656911
cyclic,CUDA,temporal,tiled_bit_planes,tiled_bit_planes,,16320,16440,126,1,1,0,0,32,8,42,32,3,32,35.694192,1.055857,0.000000,true,259893363-260005649-259899156-259927664-259906511-260012363-260016394-259867326-259927980-259890870-259980109-259851577-259877156-259844848-259928120-259781576
cyclic,CUDA,temporal,bit_planes,bit_planes,,16320,16440,128,1,1,0,0,32,8,42,32,4,32,30.644561,0.892322,0.000000,true,259908598-260010905-259919327-259942709-259933737-260003475-260018613-259880927-259956260-259883532-259978256-259858036-259886974-259825436-259944081-259773079
cyclic,CUDA,temporal,tiled_bit_planes,tiled_bit_planes,,16320,16440,128,1,1,0,0,32,8,42,32,4,32,35.533056,1.034667,0.000000,true,259908598-260010905-259919327-259942709-259933737-260003475-260018613-259880927-259956260-259883532-259978256-259858036-259886974-259825436-259944081-259773079
cyclic,CUDA,temporal,bit_planes,bit_planes,,16320,16434,125,1,1,0,0,32,8,42,32,5,32,31.921057,0.952147,0.000000,true,259827960-259937236-259826886-259858884-259836478-259948328-259951384-259799580-259849815-259837113-259915944-259790368-259691888-259675193-259727914-259594498
cyclic,CUDA,temporal,tiled_bit_planes,tiled_bit_planes,,16320,16352,125,1,1,0,0,32,8,42,32,5,32,36.767799,1.102216,0.000000,true,258484749-258614049-258500812-258523777-258518482-258613188-258612304-258481546-258498937-258507147-258606336-258458704-258495441-258482477-258535121-258396383
cyclic,CUDA,temporal,bit_planes,bit_planes,,16320,16440,126,1,1,0,0,32,8,42,32,6,32,34.879909,1.031770,0.000000,true,259893363-260005649-259899156-259927664-259906511-260012363-260016394-259867326-259927980-259890870-259980109-259851577-259877156-259844848-259928120-259781576
cyclic,CUDA,temporal,tiled_bit_planes,tiled_bit_planes,,16320,16352,126,1,1,0,0,32,8,42,32,6,32,36.796762,1.094329,0.000000,true,258488028-258616278-258512284-258531136-258528130-258612502-258614220-258485029-258509657-258496727-258606002-258456357-258504483-258468622-258545147-258394527
cyclic,CUDA,temporal,bit_planes,bit_planes,,16320,16434,126,1,1,0,0,32,8,42,32,7,32,38.501031,1.139301,0.000000,true,259830480-259939439-259838786-259866354-259845764-259948001-259953026-259803234-259861430-259827357-259916518-259788421-259697850-259660435-259736394-259590851
cyclic,CUDA,temporal,tiled_bit_planes,tiled_bit_planes,,16320,16352,126,1,1,0,0,32,8,42,32,7,32,36.607504,1.088701,0.000000,true,258488028-258616278-258512284-258531136-258528130-258612502-258614220-258485029-258509657-258496727-258606002-258456357-258504483-258468622-258545147-258394527
cyclic,CUDA,temporal,bit_planes,bit_planes,,16320,16448,128,1,1,0,0,32,8,42,32,8,32,43.668541,1.270941,0.000000,true,260035071-260137668-260048530-260069969-260060035-260130057-260146325-260012630-260080920-260014434-260105747-259979435-260016189-259942317-260078728-259901190
cyclic,CUDA,temporal,tiled_bit_planes,tiled_bit_planes,,16320,16352,128,1,1,0,0,32,8,42,32,8,32,37.048416,1.084598,0.000000,true,258503468-258621068-258531051-258545584-258556073-258603441-258616568-258497726-258536950-258488305-258602888-258462974-258518650-258452833-258564537-258388120
cyclic,CUDA,temporal,bit_planes,bit_planes,,16320,16436,126,1,1,0,0,32,8,42,32,9,32,48.884726,1.446393,0.000000,true,259828762-259941753-259836423-259866925-259845764-259948001-259953026-259803234-259861430-259827357-259916518-259788421-259815961-259789760-259861665-259717806
cyclic,CUDA,temporal,tiled_bit_planes,tiled_bit_planes,,16352,16328,126,1,1,0,0,32,8,42,32,9,32,40.809121,1.213062,0.000000,true,258524513-258594390-258638576-258648888-258851666-258612846-258549077-258657403-258736794-258547789-258653844-258717068-258588495-258826305-258784791-258657382
cyclic,CUDA,temporal,bit_planes,bit_planes,,16320,16440,120,1,1,0,0,32,8,42,32,10,32,53.995429,1.677080,0.000000,true,259879840-259996045-259850422-259905509-259873106-259999294-260001391-259843819-259903567-259925800-259953920-259876140-259860544-259912740-259888854-259828690
cyclic,CUDA,temporal,tiled_bit_planes,tiled_bit_planes,,16352,16328,120,1,1,0,0,32,8,42,32,10,32,38.780457,1.210397,0.000000,true,258562065-258637431-258603792-258663021-258751115-258630545-258600541-258605736-258734573-258619461-258648361-258728102-258558103-258712395-258828917-258643772
cyclic,CUDA,temporal,bit_planes,bit_planes,,16320,16448,120,1,1,0,0,32,8,42,32,12,32,80.355636,2.494605,0.000000,true,260005753-260122854-259981579-260033256-259999021-260125566-260127519-259974848-260031001-260056373-260081605-259997527-259988670-260035162-260023094-259961296
cyclic,CUDA,temporal,tiled_bit_planes,tiled_bit_planes,,16352,16328,120,1,1,0,0,32,8,42,32,12,32,38.608785,1.205039,0.000000,true,258562065-258637431-258603792-258663021-258751115-258630545-258600541-258605736-258734573-258619461-258648361-258728102-258558103-258712395-258828917-258643772
cyclic,CUDA,temporal,bit_planes,bit_planes,,16320,16448,126,1,1,0,0,32,8,42,32,14,32,169.588099,5.014084,0.000000,true,260019719-260132396-260028713-260055635-260032670-260138850-260143924-259998715-260052893-260021653-260107768-259972928-260007060-259962370-260062753-259909936
cyclic,CUDA,temporal,tiled_bit_planes,tiled_bit_planes,,16352,16416,126,1,1,0,0,32,8,42,32,14,32,44.407869,1.312959,0.000000,true,259927632-259984590-260036457-260046446-260221424-260003319-259954692-260046563-260141501-259944476-260041172-260112979-259991630-260197091-260162251-260057822
cyclic,CUDA,temporal,tiled_bit_planes,tiled_bit_planes,,16352,16416,128,1,1,0,0,32,8,42,32,16,32,45.019222,1.310237,0.000000,true,259922240-259955654-260054106-260049731-260237777-260023893-259946632-260073828-260136027-259920851-260041685-260103724-260011705-260217482-260145352-260045836
cyclic,CUDA,temporal,tiled_bit_planes,tiled_bit_planes,,16224,16544,126,1,1,0,0,32,8,42,32,18,32,51.844148,1.532960,0.000000,true,259915564-259971650-259979076-259988139-260119645-260083684-260097667-259882642-260022377-260130958-260052402-260007707-260083853-260097226-260021248-260236047
cyclic,CUDA,temporal,tiled_bit_planes,tiled_bit_planes,,16224,16544,120,1,1,0,0,32,8,42,32,20,32,49.325167,1.531401,0.000000,true,259917951-259958505-259987145-260052721-260082440-260091568-260077526-259880517-260016670-260049312-260025455-259947657-260146242-260132470-260027126-260136676
cyclic,CUDA,temporal,tiled_bit_planes,tiled_bit_planes,,16224,16480,110,1,1,0,0,32,8,42,32,22,32,49.365519,1.678479,0.000000,true,258983638-258997496-258991702-259081813-259079104-259028215-258964416-258935947-258926359-258993428-259080234-258959064-259163870-259083096-258997218-259061097
cyclic,CUDA,temporal,tiled_bit_planes,tiled_bit_planes,,16224,16480,120,1,1,0,0,32,8,42,32,24,32,54.011914,1.683423,0.000000,true,258911873-258955591-258978133-259045789-259075041-259090786-259063402-258867533-259016786-259045139-259031427-258970788-259104009-259126917-259025666-259114082
cyclic,CUDA,simple,bit_array,bit_array,,16128,16640,128,1,1,0,0,32,8,42,64,0,0,270.595468,7.877288,0.000000,true,259990015-259979739-260056167-260062962-260058188-260075715-259896123-259855752-260060262-259776031-260056743-259911771-260058366-260058575-259840925-259949679
cyclic,CUDA,simple,bit_planes,bit_planes,,16384,16384,128,1,1,0,0,32,8,42,64,0,0,26.336170,0.766483,0.000000,true,260070766-260066453-260124976-259951223-259991454-260200100-259952203-260128709-260066526-259980176-260091909-260027980-260104065-259949951-259889009-260149202
cyclic,CUDA,simple,tiled_bit_planes,tiled_bit_planes,,16384,16384,128,1,1,0,0,32,8,42,64,0,0,30.178861,0.878320,0.000000,true,260070766-260066453-260124976-259951223-259991454-260200100-259952203-260128709-260066526-259980176-260091909-260027980-260104065-259949951-259889009-260149202
cyclic,CUDA,temporal,bit_planes,bit_planes,,15360,17472,128,1,1,0,0,32,8,42,64,2,16,24.085459,0.701150,0.000000,true,259901820-259947216-260102837-259919459-260099006-260046039-259949957-260015545-259973360-259927141-259996583-259887494-260047695-260088200-259894268-259934853
cyclic,CUDA,temporal,tiled_bit_planes,tiled_bit_planes,,16320,16352,128,1,1,0,0,32,8,42,64,2,16,32.737002,0.958380,0.000000,true,258503468-258621068-258531051-258545584-258556073-258603441-258616568-258497726-258536950-258488305-258602888-258462974-258518650-258452833-258564537-258388120
cyclic,CUDA,temporal,bit_planes,bit_planes,,15360,17470,126,1,1,0,0,32,8,42,64,3,16,27.174119,0.803713,0.000000,true,259927433-259940180-260110483-259911794-260080800-260049832-259939987-260013692-259969917-259926598-260009677-259883682-259917094-259977392-259772032-259851363
cyclic,CUDA,temporal,tiled_bit_planes,tiled_bit_planes,,16320,16352,126,1,1,0,0,32,8,42,64,3,16,31.214210,0.928305,0.000000,true,258488028-258616278-258512284-258531136-258528130-258612502-258614220-258485029-258509657-258496727-258606002-258456357-258504483-258468622-258545147-258394527
cyclic,CUDA,temporal,bit_planes,bit_planes,,15360,17472,128,1,1,0,0,32,8,42,64,4,16,33.432382,0.973248,0.000000,true,259901820-259947216-260102837-259919459-260099006-260046039-259949957-260015545-259973360-259927141-259996583-259887494-260047695-260088200-259894268-259934853
cyclic,CUDA,temporal,tiled_bit_planes,tiled_bit_planes,,16320,16352,128,1,1,0,0,32,8,42,64,4,16,31.274862,0.915576,0.000000,true,258503468-258621068-258531051-258545584-258556073-258603441-258616568-258497726-258536950-258488305-258602888-258462974-258518650-258452833-258564537-258388120
cyclic,CUDA,temporal,bit_planes,bit_planes,,15360,17472,125,1,1,0,0,32,8,42,64,5,16,42.814361,1.276279,0.000000,true,259938649-259931189-260114250-259904056-260067594-260050402-259936223-260011421-259968914-259926606-260014049-259878634-260039336-260101418-259896130-259981262
cyclic,CUDA,temporal,tiled_bit_planes,tiled_bit_planes,,16320,16352,125,1,1,0,0,32,8,42,64,5,16,30.249320,0.906806,0.000000,true,258484749-258614049-258500812-258523777-258518482-258613188-258612304-258481546-258498937-258507147-258606336-258458704-258495441-258482477-258535121-258396383
cyclic,CUDA,temporal,bit_planes,bit_planes,,15360,17476,126,1,1,0,0,32,8,42,64,6,16,63.744960,1.884699,0.000000,true,259992028-259996006-260170862-259970226-260139795-260109892-260001002-260074457-260027166-259987282-260068975-259942031-260103644-260152927-259956681-260029808
cyclic,CUDA,temporal,tiled_bit_planes,tiled_bit_planes,,16320,16352,126,1,1,0,0,32,8,42,64,6,16,30.310182,0.901420,0.000000,true,258488028-258616278-258512284-258531136-258528130-258612502-258614220-258485029-258509657-258496727-258606002-258456357-258504483-258468622-258545147-258394527
cyclic,CUDA,temporal,bit_planes,bit_planes,,15360,17476,126,1,1,0,0,32,8,42,64,7,16,133.392160,3.943906,0.000000,true,259992028-259996006-260170862-259970226-260139795-260109892-260001002-260074457-260027166-259987282-260068975-259942031-260103644-260152927-259956681-260029808
cyclic,CUDA,temporal,tiled_bit_planes,tiled_bit_planes,,16320,16352,126,1,1,0,0,32,8,42,64,7,16,29.952567,0.890784,0.000000,true,258488028-258616278-258512284-258531136-258528130-258612502-258614220-258485029-258509657-258496727-258606002-258456357-258504483-258468622-258545147-258394527
cyclic,CUDA,temporal,tiled_bit_planes,tiled_bit_planes,,16320,16352,128,1,1,0,0,32,8,42,64,8,16,30.607436,0.896037,0.000000,true,258503468-258621068-258531051-258545584-258556073-258603441-258616568-258497726-258536950-258488305-258602888-258462974-258518650-258452833-258564537-258388120
cyclic,CUDA,temporal,tiled_bit_planes,tiled_bit_planes,,16352,16416,126,1,1,0,0,32,8,42,64,9,16,37.129962,1.097781,0.000000,true,259927632-259984590-260036457-260046446-260221424-260003319-259954692-260046563-260141501-259944476-260041172-260112979-259991630-260197091-260162251-260057822
cyclic,CUDA,temporal,tiled_bit_planes,tiled_bit_planes,,16352,16416,120,1,1,0,0,32,8,42,64,10,16,35.279441,1.095222,0.000000,true,259963781-260034008-260002947-260057813-260135608-260013705-260001516-259998783-260128243-260019729-260044527-260119091-259952792-260078975-260218646-260043352
cyclic,CUDA,temporal,tiled_bit_planes,tiled_bit_planes,,16352,16416,120,1,1,0,0,32,8,42,64,12,16,34.878298,1.082769,0.000000,true,259963781-260034008-260002947-260057813-260135608-260013705-260001516-259998783-260128243-260019729-260044527-260119091-259952792-260078975-260218646-260043352
cyclic,CUDA,temporal,tiled_bit_planes,tiled_bit_planes,,16352,16416,126,1,1,0,0,32,8,42,64,14,16,36.528325,1.079993,0.000000,true,259927632-259984590-260036457-260046446-260221424-260003319-259954692-260046563-260141501-259944476-260041172-260112979-259991630-260197091-260162251-260057822
cyclic,CUDA,temporal,tiled_bit_planes,tiled_bit_planes,,16352,16416,128,1,1,0,0,32,8,42,64,16,16,37.050441,1.078314,0.000000,true,259922240-259955654-260054106-260049731-260237777-260023893-259946632-260073828-260136027-259920851-260041685-260103724-260011705-260217482-260145352-260045836
cyclic,CUDA,temporal,tiled_bit_planes,tiled_bit_planes,,16224,16480,126,1,1,0,0,32,8,42,64,18,16,46.972332,1.394301,0.000000,true,258909899-258965564-258967757-258982213-259112218-259087067-259084723-258867677-259023734-259123100-259054804-259029649-259043131-259092797-259020895-259224120
cyclic,CUDA,temporal,tiled_bit_planes,tiled_bit_planes,,16224,16480,120,1,1,0,0,32,8,42,64,20,16,44.427601,1.384702,0.000000,true,258911873-258955591-258978133-259045789-259075041-259090786-259063402-258867533-259016786-259045139-259031427-258970788-259104009-259126917-259025666-259114082
cyclic,CUDA,temporal,tiled_bit_planes,tiled_bit_planes,,16224,16480,110,1,1,0,0,32,8,42,64,22,16,40.946081,1.392209,0.000000,true,258983638-258997496-258991702-259081813-259079104-259028215-258964416-258935947-258926359-258993428-259080234-258959064-259163870-259083096-258997218-259061097
cyclic,CUDA,temporal,tiled_bit_planes,tiled_bit_planes,,16224,16480,120,1,1,0,0,32,8,42,64,24,16,44.631392,1.391054,0.000000,true,258911873-258955591-258978133-259045789-259075041-259090786-259063402-258867533-259016786-259045139-259031427-258970788-259104009-259126917-259025666-259114082
cyclic,CUDA,,,,baseline,16384,16384,128,1,1,0,0,32,16,42,0,0,0,440.915295,12.832324,0.000000,true,260070766-260066453-260124976-259951223-259991454-260200100-259952203-260128709-260066526-259980176-260091909-260027980-260104065-259949951-259889009-260149202
cyclic,CUDA,simple,standard,standard,,16384,16384,128,1,1,0,0,32,16,42,0,0,0,484.675288,14.105907,0.000000,true,260070766-260066453-260124976-259951223-259991454-260200100-259952203-260128709-260066526-259980176-260091909-260027980-260104065-259949951-259889009-260149202
cyclic,CUDA,simple,bit_array,bit_array,,16320,16448,128,1,1,0,0,32,16,42,32,0,0,319.985860,9.312956,0.000000,true,260035071-260137668-260048530-260069969-260060035-260130057-260146325-260012630-260080920-260014434-260105747-259979435-260016189-259942317-260078728-259901190
cyclic,CUDA,simple,bit_planes,bit_planes,,16384,16384,128,1,1,0,0,32,16,42,32,0,0,35.730648,1.039899,0.000000,true,260070766-260066453-260124976-259951223-259991454-260200100-259952203-260128709-260066526-259980176-260091909-260027980-260104065-259949951-259889009-260149202
cyclic,CUDA,simple,tiled_bit_planes,tiled_bit_planes,,16384,16384,128,1,1,0,0,32,16,42,32,0,0,42.147123,1.226643,0.000000,true,260070766-260066453-260124976-259951223-259991454-260200100-259952203-260128709-260066526-259980176-260091909-260027980-260104065-259949951-259889009-260149202
cyclic,CUDA,temporal,bit_planes,bit_planes,,16320,16436,128,1,1,0,0,32,16,42,32,2,32,32.507202,0.946789,0.000000,true,259843960-259946127-259856305-259881665-259872963-259939038-259955166-259816723-259889938-259820013-259914744-259794872-259825284-259771753-259878611-259709182
cyclic,CUDA,temporal,tiled_bit_planes,tiled_bit_planes,,16320,16440,128,1,1,0,0,32,16,42,32,2,32,41.692110,1.214009,0.000000,true,259908598-260010905-259919327-259942709-259933737-260003475-260018613-259880927-259956260-259883532-259978256-259858036-259886974-259825436-259944081-259773079
cyclic,CUDA,temporal,bit_planes,bit_planes,,16320,16432,126,1,1,0,0,32,16,42,32,3,32,30.800711,0.911548,0.000000,true,259764606-259876803-259776137-259804225-259783769-259886666-259889389-259739612-259794517-259761317-259851326-259725158-259754787-259726456-259804265-259656911
cyclic,CUDA,temporal,tiled_bit_planes,tiled_bit_planes,,16320,16440,126,1,1,0,0,32,16,42,32,3,32,37.410480,1.106626,0.000000,true,259893363-260005649-259899156-259927664-259906511-260012363-260016394-259867326-259927980-259890870-259980109-259851577-259877156-259844848-259928120-259781576
cyclic,CUDA,temporal,bit_planes,bit_planes,,16320,16440,128,1,1,0,0,32,16,42,32,4,32,32.251893,0.939125,0.000000,true,259908598-260010905-259919327-259942709-259933737-260003475-260018613-259880927-259956260-259883532-259978256-259858036-259886974-259825436-259944081-259773079
cyclic,CUDA,temporal,tiled_bit_planes,tiled_bit_planes,,16320,16440,128,1,1,0,0,32,16,42,32,4,32,36.545031,1.064134,0.000000,true,259908598-260010905-259919327-259942709-259933737-260003475-260018613-259880927-259956260-259883532-259978256-259858036-259886974-259825436-259944081-259773079
cyclic,CUDA,temporal,bit_planes,bit_planes,,16320,16434,125,1,1,0,0,32,16,42,32,5,32,32.939301,0.982519,0.000000,true,259827960-259937236-259826886-259858884-259836478-259948328-259951384-259799580-259849815-259837113-259915944-259790368-259691888-259675193-259727914-259594498
cyclic,CUDA,temporal,tiled_bit_planes,tiled_bit_planes,,16320,16352,125,1,1,0,0,32,16,42,32,5,32,37.499636,1.124155,0.000000,true,258484749-258614049-258500812-258523777-258518482-258613188-258612304-258481546-258498937-258507147-258606336-258458704-258495441-258482477-258535121-258396383
cyclic,CUDA,temporal,bit_planes,bit_planes,,16320,16440,126,1,1,0,0,32,16,42,32,6,32,35.922441,1.062609,0.000000,true,259893363-260005649-259899156-259927664-259906511-260012363-260016394-259867326-259927980-259890870-259980109-259851577-259877156-259844848-259928120-259781576
cyclic,CUDA,temporal,tiled_bit_planes,tiled_bit_planes,,16320,16352,126,1,1,0,0,32,16,42,32,6,32,37.102661,1.103427,0.000000,true,258488028-258616278-258512284-258531136-258528130-258612502-258614220-258485029-258509657-258496727-258606002-258456357-258504483-258468622-258545147-258394527
cyclic,CUDA,temporal,bit_planes,bit_planes,,16320,16434,126,1,1,0,0,32,16,42,32,7,32,39.606258,1.172006,0.000000,true,259830480-259939439-259838786-259866354-259845764-259948001-259953026-259803234-259861430-259827357-259916518-259788421-259697850-259660435-259736394-259590851
cyclic,CUDA,temporal,tiled_bit_planes,tiled_bit_planes,,16320,16352,126,1,1,0,0,32,16,42,32,7,32,36.851046,1.095944,0.000000,true,258488028-258616278-258512284-258531136-258528130-258612502-258614220-258485029-258509657-258496727-258606002-258456357-258504483-258468622-258545147-258394527
cyclic,CUDA,temporal,bit_planes,bit_planes,,16320,16448,128,1,1,0,0,32,16,42,32,8,32,44.882264,1.306266,0.000000,true,260035071-260137668-260048530-260069969-260060035-260130057-260146325-260012630-260080920-260014434-260105747-259979435-260016189-259942317-260078728-259901190
cyclic,CUDA,temporal,tiled_bit_planes,tiled_bit_planes,,16320,16352,128,1,1,0,0,32,16,42,32,8,32,37.233550,1.090017,0.000000,true,258503468-258621068-258531051-258545584-258556073-258603441-258616568-258497726-258536950-258488305-258602888-258462974-258518650-258452833-258564537-258388120
cyclic,CUDA,temporal,bit_planes,bit_planes,,16320,16436,126,1,1,0,0,32,16,42,32,9,32,50.185512,1.484881,0.000000,true,259828762-259941753-259836423-259866925-259845764-259948001-259953026-259803234-259861430-259827357-259916518-259788421-259815961-259789760-259861665-259717806
cyclic,CUDA,temporal,tiled_bit_planes,tiled_bit_planes,,16352,16328,126,1,1,0,0,32,16,42,32,9,32,41.707924,1.239779,0.000000,true,258524513-258594390-258638576-258648888-258851666-258612846-258549077-258657403-258736794-258547789-258653844-258717068-258588495-258826305-258784791-258657382
cyclic,CUDA,temporal,bit_planes,bit_planes,,16320,16440,120,1,1,0,0,32,16,42,32,10,32,55.442548,1.722027,0.000000,true,259879840-259996045-259850422-259905509-259873106-259999294-260001391-259843819-259903567-259925800-259953920-259876140-259860544-259912740-259888854-259828690
cyclic,CUDA,temporal,tiled_bit_planes,tiled_bit_planes,,16352,16328,120,1,1,0,0,32,16,42,32,10,32,39.612599,1.236369,0.000000,true,258562065-258637431-258603792-258663021-258751115-258630545-258600541-258605736-258734573-258619461-258648361-258728102-258558103-258712395-258828917-258643772
cyclic,CUDA,temporal,bit_planes,bit_planes,,16320,16448,120,1,1,0,0,32,16,42,32,12,32,82.556306,2.562924,0.000000,true,260005753-260122854-259981579-260033256-259999021-260125566-260127519-259974848-260031001-260056373-260081605-259997527-259988670-260035162-260023094-259961296
cyclic,CUDA,temporal,tiled_bit_planes,tiled_bit_planes,,16352,16328,120,1,1,0,0,32,16,42,32,12,32,39.441919,1.231042,0.000000,true,258562065-258637431-258603792-258663021-258751115-258630545-258600541-258605736-258734573-258619461-258648361-258728102-258558103-258712395-258828917-258643772
cyclic,CUDA,temporal,bit_planes,bit_planes,,16320,16448,126,1,1,0,0,32,16,42,32,14,32,172.398554,5.097178,0.000000,true,260019719-260132396-260028713-260055635-260032670-260138850-260143924-259998715-260052893-260021653-260107768-259972928-260007060-259962370-260062753-259909936
cyclic,CUDA,temporal,tiled_bit_planes,tiled_bit_planes,,16352,16416,126,1,1,0,0,32,16,42,32,14,32,44.910047,1.327806,0.000000,true,259927632-259984590-260036457-260046446-260221424-260003319-259954692-260046563-260141501-259944476-260041172-260112979-259991630-260197091-260162251-260057822
cyclic,CUDA,temporal,tiled_bit_planes,tiled_bit_planes,,16352,16416,128,1,1,0,0,32,16,42,32,16,32,45.514408,1.324649,0.000000,true,259922240-259955654-260054106-260049731-260237777-260023893-259946632-260073828-260136027-259920851-260041685-260103724-260011705-260217482-260145352-260045836
cyclic,CUDA,temporal,tiled_bit_planes,tiled_bit_planes,,16224,16544,126,1,1,0,0,32,16,42,32,18,32,52.419368,1.549968,0.000000,true,259915564-259971650-259979076-259988139-260119645-260083684-260097667-259882642-260022377-260130958-260052402-260007707-260083853-260097226-260021248-260236047
cyclic,CUDA,temporal,tiled_bit_planes,tiled_bit_planes,,16224,16544,120,1,1,0,0,32,16,42,32,20,32,49.858543,1.547961,0.000000,true,259917951-259958505-259987145-260052721-260082440-260091568-260077526-259880517-260016670-260049312-260025455-259947657-260146242-260132470-260027126-260136676
cyclic,CUDA,temporal,tiled_bit_planes,tiled_bit_planes,,16224,16480,110,1,1,0,0,32,16,42,32,22,32,49.949572,1.698337,0.000000,true,258983638-258997496-258991702-259081813-259079104-259028215-258964416-258935947-258926359-258993428-259080234-258959064-259163870-259083096-258997218-259061097
cyclic,CUDA,temporal,tiled_bit_planes,tiled_bit_planes,,16224,16480,120,1,1,0,0,32,16,42,32,24,32,54.748760,1.706388,0.000000,true,258911873-258955591-258978133-259045789-259075041-259090786-259063402-258867533-259016786-259045139-259031427-258970788-259104009-259126917-259025666-259114082
cyclic,CUDA,simple,bit_array,bit_array,,16128,16640,128,1,1,0,0,32,16,42,64,0,0,277.732505,8.085054,0.000000,true,259990015-259979739-260056167-260062962-260058188-260075715-259896123-259855752-260060262-259776031-260056743-259911771-260058366-260058575-259840925-259949679
cyclic,CUDA,simple,bit_planes,bit_planes,,16384,16384,128,1,1,0,0,32,16,42,64,0,0,27.222403,0.792276,0.000000,true,260070766-260066453-260124976-259951223-259991454-260200100-259952203-260128709-260066526-259980176-260091909-260027980-260104065-259949951-259889009-260149202
cyclic,CUDA,simple,tiled_bit_planes,tiled_bit_planes,,16384,16384,128,1,1,0,0,32,16,42,64,0,0,32.108735,0.934487,0.000000,true,260070766-260066453-260124976-259951223-259991454-260200100-259952203-260128709-260066526-259980176-260091909-260027980-260104065-259949951-259889009-260149202
cyclic,CUDA,temporal,bit_planes,bit_planes,,15360,17472,128,1,1,0,0,32,16,42,64,2,16,27.812273,0.809641,0.000000,true,259901820-259947216-260102837-259919459-260099006-260046039-259949957-260015545-259973360-259927141-259996583-259887494-260047695-260088200-259894268-259934853
cyclic,CUDA,temporal,tiled_bit_planes,tiled_bit_planes,,16320,16352,128,1,1,0,0,32,16,42,64,2,16,47.076059,1.378158,0.000000,true,258503468-258621068-258531051-258545584-258556073-258603441-258616568-258497726-258536950-258488305-258602888-258462974-258518650-258452833-258564537-258388120
cyclic,CUDA,temporal,bit_planes,bit_planes,,15360,17470,126,1,1,0,0,32,16,42,64,3,16,29.235272,0.864674,0.000000,true,259927433-259940180-260110483-259911794-260080800-260049832-259939987-260013692-259969917-259926598-260009677-259883682-259917094-259977392-259772032-259851363
cyclic,CUDA,temporal,tiled_bit_planes,tiled_bit_planes,,16320,16352,126,1,1,0,0,32,16,42,64,3,16,40.905330,1.216517,0.000000,true,258488028-258616278-258512284-258531136-258528130-258612502-258614220-258485029-258509657-258496727-258606002-258456357-258504483-258468622-258545147-258394527
cyclic,CUDA,temporal,bit_planes,bit_planes,,15360,17472,128,1,1,0,0,32,16,42,64,4,16,35.695655,1.039134,0.000000,true,259901820-259947216-260102837-259919459-260099006-260046039-259949957-260015545-259973360-259927141-259996583-259887494-260047695-260088200-259894268-259934853
cyclic,CUDA,temporal,tiled_bit_planes,tiled_bit_planes,,16320,16352,128,1,1,0,0,32,16,42,64,4,16,38.800019,1.135876,0.000000,true,258503468-258621068-258531051-258545584-258556073-258603441-258616568-258497726-258536950-258488305-258602888-258462974-258518650-258452833-258564537-258388120
cyclic,CUDA,temporal,bit_planes,bit_planes,,15360,17472,125,1,1,0,0,32,16,42,64,5,16,45.540588,1.357547,0.000000,true,259938649-259931189-260114250-259904056-260067594-260050402-259936223-260011421-259968914-259926606-260014049-259878634-260039336-260101418-259896130-259981262
cyclic,CUDA,temporal,tiled_bit_planes,tiled_bit_planes,,16320,16352,125,1,1,0,0,32,16,42,64,5,16,36.261217,1.087029,0.000000,true,258484749-258614049-258500812-258523777-258518482-258613188-258612304-258481546-258498937-258507147-258606336-258458704-258495441-258482477-258535121-258396383
cyclic,CUDA,temporal,bit_planes,bit_planes,,15360,17476,126,1,1,0,0,32,16,42,64,6,16,66.640496,1.970309,0.000000,true,259992028-259996006-260170862-259970226-260139795-260109892-260001002-260074457-260027166-259987282-260068975-259942031-260103644-260152927-259956681-260029808
cyclic,CUDA,temporal,tiled_bit_planes,tiled_bit_planes,,16320,16352,126,1,1,0,0,32,16,42,64,6,16,35.188311,1.046494,0.000000,true,258488028-258616278-258512284-258531136-258528130-258612502-258614220-258485029-258509657-258496727-258606002-258456357-258504483-258468622-258545147-258394527
cyclic,CUDA,temporal,bit_planes,bit_planes,,15360,17476,126,1,1,0,0,32,16,42,64,7,16,131.832351,3.897788,0.000000,true,259992028-259996006-260170862-259970226-260139795-260109892-260001002-260074457-260027166-259987282-260068975-259942031-260103644-260152927-259956681-260029808
cyclic,CUDA,temporal,tiled_bit_planes,tiled_bit_planes,,16320,16352,126,1,1,0,0,32,16,42,64,7,16,34.722281,1.032635,0.000000,true,258488028-258616278-258512284-258531136-258528130-258612502-258614220-258485029-258509657-258496727-258606002-258456357-258504483-258468622-258545147-258394527
cyclic,CUDA,temporal,tiled_bit_planes,tiled_bit_planes,,16320,16352,128,1,1,0,0,32,16,42,64,8,16,34.374160,1.006308,0.000000,true,258503468-258621068-258531051-258545584-258556073-258603441-258616568-258497726-258536950-258488305-258602888-258462974-258518650-258452833-258564537-258388120
cyclic,CUDA,temporal,tiled_bit_planes,tiled_bit_planes,,16352,16416,126,1,1,0,0,32,16,42,64,9,16,40.476276,1.196718,0.000000,true,259927632-259984590-260036457-260046446-260221424-260003319-259954692-260046563-260141501-259944476-260041172-260112979-259991630-260197091-260162251-260057822
cyclic,CUDA,temporal,tiled_bit_planes,tiled_bit_planes,,16352,16416,120,1,1,0,0,32,16,42,64,10,16,38.312876,1.189393,0.000000,true,259963781-260034008-260002947-260057813-260135608-260013705-260001516-259998783-260128243-260019729-260044527-260119091-259952792-260078975-260218646-260043352
cyclic,CUDA,temporal,tiled_bit_planes,tiled_bit_planes,,16352,16416,120,1,1,0,0,32,16,42,64,12,16,37.906987,1.176792,0.000000,true,259963781-260034008-260002947-260057813-260135608-260013705-260001516-259998783-260128243-260019729-260044527-260119091-259952792-260078975-260218646-260043352
cyclic,CUDA,temporal,tiled_bit_planes,tiled_bit_planes,,16352,16416,126,1,1,0,0,32,16,42,64,14,16,39.512155,1.168213,0.000000,true,259927632-259984590-260036457-260046446-260221424-260003319-259954692-260046563-260141501-259944476-260041172-260112979-259991630-260197091-260162251-260057822
cyclic,CUDA,temporal,tiled_bit_planes,tiled_bit_planes,,16352,16416,128,1,1,0,0,32,16,42,64,16,16,39.916522,1.161728,0.000000,true,259922240-259955654-260054106-260049731-260237777-260023893-259946632-260073828-260136027-259920851-260041685-260103724-260011705-260217482-260145352-260045836
cyclic,CUDA,temporal,tiled_bit_planes,tiled_bit_planes,,16224,16480,126,1,1,0,0,32,16,42,64,18,16,50.090968,1.486873,0.000000,true,258909899-258965564-258967757-258982213-259112218-259087067-259084723-258867677-259023734-259123100-259054804-259029649-259043131-259092797-259020895-259224120
cyclic,CUDA,temporal,tiled_bit_planes,tiled_bit_planes,,16224,16480,120,1,1,0,0,32,16,42,64,20,16,47.565847,1.482514,0.000000,true,258911873-258955591-258978133-259045789-259075041-259090786-259063402-258867533-259016786-259045139-259031427-258970788-259104009-259126917-259025666-259114082
cyclic,CUDA,temporal,tiled_bit_planes,tiled_bit_planes,,16224,16480,110,1,1,0,0,32,16,42,64,22,16,43.461658,1.477741,0.000000,true,258983638-258997496-258991702-259081813-259079104-259028215-258964416-258935947-258926359-258993428-259080234-258959064-259163870-259083096-258997218-259061097
cyclic,CUDA,temporal,tiled_bit_planes,tiled_bit_planes,,16224,16480,120,1,1,0,0,32,16,42,64,24,16,47.302305,1.474300,0.000000,true,258911873-258955591-258978133-259045789-259075041-259090786-259063402-258867533-259016786-259045139-259031427-258970788-259104009-259126917-259025666-259114082
cyclic,CUDA,,,,baseline,16384,16384,128,1,1,0,0,32,32,42,0,0,0,469.728004,13.670884,0.000000,true,260070766-260066453-260124976-259951223-259991454-260200100-259952203-260128709-260066526-259980176-260091909-260027980-260104065-259949951-259889009-260149202
cyclic,CUDA,simple,standard,standard,,16384,16384,128,1,1,0,0,32,32,42,0,0,0,519.702343,15.125329,0.000000,true,260070766-260066453-260124976-259951223-259991454-260200100-259952203-260128709-260066526-259980176-260091909-260027980-260104065-259949951-259889009-260149202
cyclic,CUDA,simple,bit_array,bit_array,,16320,16448,128,1,1,0,0,32,32,42,32,0,0,351.966520,10.243730,0.000000,true,260035071-260137668-260048530-260069969-260060035-260130057-260146325-260012630-260080920-260014434-260105747-259979435-260016189-259942317-260078728-259901190
cyclic,CUDA,simple,bit_planes,bit_planes,,16384,16384,128,1,1,0,0,32,32,42,32,0,0,38.161975,1.110660,0.000000,true,260070766-260066453-260124976-259951223-259991454-260200100-259952203-260128709-260066526-259980176-260091909-260027980-260104065-259949951-259889009-260149202
cyclic,CUDA,simple,tiled_bit_planes,tiled_bit_planes,,16384,16384,128,1,1,0,0,32,32,42,32,0,0,44.461491,1.294000,0.000000,true,260070766-260066453-260124976-259951223-259991454-260200100-259952203-260128709-260066526-259980176-260091909-260027980-260104065-259949951-259889009-260149202
cyclic,CUDA,simple,bit_array,bit_array,,16128,16640,128,1,1,0,0,32,32,42,64,0,0,300.148999,8.737619,0.000000,true,259990015-259979739-260056167-260062962-260058188-260075715-259896123-259855752-260060262-259776031-260056743-259911771-260058366-260058575-259840925-259949679
cyclic,CUDA,simple,bit_planes,bit_planes,,16384,16384,128,1,1,0,0,32,32,42,64,0,0,28.089835,0.817522,0.000000,true,260070766-260066453-260124976-259951223-259991454-260200100-259952203-260128709-260066526-259980176-260091909-260027980-260104065-259949951-259889009-260149202
cyclic,CUDA,simple,tiled_bit_planes,tiled_bit_planes,,16384,16384,128,1,1,0,0,32,32,42,64,0,0,33.584014,0.977423,0.000000,true,260070766-260066453-260124976-259951223-259991454-260200100-259952203-260128709-260066526-259980176-260091909-260027980-260104065-259949951-259889009-260149202
hpp,CUDA,,,,baseline,16384,16384,128,1,1,0,0,32,2,42,0,0,0,391.122733,11.383170,0.000000,true,125847729-125811488-125814036-125844785-125826792-125858812-125820686-125834841-125841914-125852115-125836386-125823329-125843961-125822790-125849639-125839152
hpp,CUDA,simple,standard,standard,,16384,16384,128,1,1,0,0,32,2,42,0,0,0,672.558058,19.574016,0.000000,true,125847729-125811488-125814036-125844785-125826792-125858812-125820686-125834841-125841914-125852115-125836386-125823329-125843961-125822790-125849639-125839152
hpp,CUDA,simple,bit_array,bit_array,,16384,16384,128,1,1,0,0,32,2,42,32,0,0,600.598623,17.479720,0.000000,true,125847729-125811488-125814036-125844785-125826792-125858812-125820686-125834841-125841914-125852115-125836386-125823329-125843961-125822790-125849639-125839152
hpp,CUDA,simple,bit_planes,bit_planes,,16384,16384,128,1,1,0,0,32,2,42,32,0,0,20.032188,0.583013,0.000000,true,125847729-125811488-125814036-125844785-125826792-125858812-125820686-125834841-125841914-125852115-125836386-125823329-125843961-125822790-125849639-125839152
hpp,CUDA,simple,tiled_bit_planes,tiled_bit_planes,,16384,16384,128,1,1,0,0,32,2,42,32,0,0,21.158636,0.615797,0.000000,true,125847729-125811488-125814036-125844785-125826792-125858812-125820686-125834841-125841914-125852115-125836386-125823329-125843961-125822790-125849639-125839152
hpp,CUDA,temporal,bit_planes,bit_planes,,16320,16436,128,1,1,0,0,32,2,42,32,2,32,16.750133,0.487856,0.000000,true,125688291-125778840-125743589-125700234-125736016-125744574-125760705-125725303-125760337-125726666-125732246-125740351-125735356-125714751-125744214-125740021
hpp,CUDA,temporal,tiled_bit_planes,tiled_bit_planes,,16320,16440,128,1,1,0,0,32,2,42,32,2,32,16.866831,0.491136,0.000000,true,125722040-125803876-125774584-125731343-125766868-125775248-125791135-125755234-125790876-125757691-125762466-125771911-125767428-125744525-125774713-125771665
hpp,CUDA,temporal,bit_planes,bit_planes,,16320,16432,126,1,1,0,0,32,2,42,32,3,32,13.445844,0.397930,0.000000,true,125671952-125731548-125682544-125694587-125716820-125723394-125717849-125690449-125727550-125677476-125721773-125724654-125716848-125712065-125725650-125710949
hpp,CUDA,temporal,tiled_bit_planes,tiled_bit_planes,,16320,16440,126,1,1,0,0,32,2,42,32,3,32,12.574265,0.371955,0.000000,true,125735579-125794187-125741499-125755671-125778171-125784593-125779794-125751074-125788519-125739362-125781780-125787425-125781145-125770169-125784320-125773016
hpp,CUDA,temporal,bit_planes,bit_planes,,16320,16440,128,1,1,0,0,32,2,42,32,4,32,11.360545,0.330801,0.000000,true,125722040-125803876-125774584-125731343-125766868-125775248-125791135-125755234-125790876-125757691-125762466-125771911-125767428-125744525-125774713-125771665
hpp,CUDA,temporal,tiled_bit_planes,tiled_bit_planes,,16320,16440,128,1,1,0,0,32,2,42,32,4,32,10.235880,0.298053,0.000000,true,125722040-125803876-125774584-125731343-125766868-125775248-125791135-125755234-125790876-125757691-125762466-125771911-125767428-125744525-125774713-125771665
hpp,CUDA,temporal,bit_planes,bit_planes,,16320,16434,125,1,1,0,0,32,2,42,32,5,32,10.210991,0.304575,0.000000,true,125704826-125743790-125725242-125733664-125726922-125746873-125757821-125735106-125747110-125709720-125721302-125747450-125683927-125678394-125666860-125677933
hpp,CUDA,temporal,tiled_bit_planes,tiled_bit_planes,,16320,16352,125,1,1,0,0,32,2,42,32,5,32,8.907523,0.267027,0.000000,true,125061343-125099166-125080103-125089437-125083443-125103618-125116677-125097872-125106717-125068325-125078184-125101767-125099605-125092528-125090019-125096764
hpp,CUDA,temporal,bit_planes,bit_planes,,16320,16440,126,1,1,0,0,32,2,42,32,6,32,9.834958,0.290924,0.000000,true,125735579-125794187-125741499-125755671-125778171-125784593-125779794-125751074-125788519-125739362-125781780-125787425-125781145-125770169-125784320-125773016
hpp,CUDA,temporal,tiled_bit_planes,tiled_bit_planes,,16320,16352,126,1,1,0,0,32,2,42,32,6,32,7.913959,0.235360,0.000000,true,125058341-125119899-125068369-125078303-125105262-125109878-125107434-125082559-125115310-125068630-125112458-125110219-125104119-125099705-125114318-125102735
hpp,CUDA,temporal,bit_planes,bit_planes,,16320,16434,126,1,1,0,0,32,2,42,32,7,32,9.592618,0.283859,0.000000,true,125703253-125767620-125712008-125723346-125747283-125754206-125749387-125720603-125757547-125708361-125751318-125755511-125689379-125680947-125694555-125681148
hpp,CUDA,temporal,tiled_bit_planes,tiled_bit_planes,,16320,16352,126,1,1,0,0,32,2,42,32,7,32,7.171396,0.213276,0.000000,true,125058341-125119899-125068369-125078303-125105262-125109878-125107434-125082559-125115310-125068630-125112458-125110219-125104119-125099705-125114318-125102735
hpp,CUDA,temporal,bit_planes,bit_planes,,16320,16448,128,1,1,0,0,32,2,42,32,8,32,9.868298,0.287210,0.000000,true,125780261-125870711-125835127-125790307-125828984-125835069-125852108-125816461-125851004-125819999-125823499-125834115-125827351-125802746-125836167-125830352
hpp,CUDA,temporal,tiled_bit_planes,tiled_bit_planes,,16320,16352,128,1,1,0,0,32,2,42,32,8,32,6.730865,0.197047,0.000000,true,125043078-125131860-125098234-125057030-125091893-125102086-125119819-125086385-125121963-125086045-125090320-125094419-125088902-125066103-125104371-125091376
hpp,CUDA,temporal,bit_planes,bit_planes,,16320,16436,126,1,1,0,0,32,2,42,32,9,32,9.684960,0.286557,0.000000,true,125704091-125761758-125711777-125725872-125747283-125754206-125749387-125720603-125757547-125708361-125751318-125755511-125749408-125741449-125757094-125743626
hpp,CUDA,temporal,tiled_bit_planes,tiled_bit_planes,,16352,16328,126,1,1,0,0,32,2,42,32,9,32,7.040546,0.209282,0.000000,true,125152771-125142974-125136637-125133334-125172193-125176914-125142116-125174689-125188005-125152286-125143309-125150541-125163678-125169209-125176863-125136654
hpp,CUDA,temporal,bit_planes,bit_planes,,16320,16440,120,1,1,0,0,32,2,42,32,10,32,9.816700,0.304903,0.000000,true,125732145-125782238-125773788-125746269-125751853-125776928-125789572-125755251-125799164-125756032-125755190-125776941-125751797-125769954-125758990-125776734
hpp,CUDA,temporal,tiled_bit_planes,tiled_bit_planes,,16352,16328,120,1,1,0,0,32,2,42,32,10,32,6.470307,0.201948,0.000000,true,125149298-125142759-125164562-125146476-125167046-125163842-125152991-125157149-125172793-125158817-125165895-125158557-125156800-125171012-125176659-125130854
hpp,CUDA,temporal,bit_planes,bit_planes,,16320,16448,120,1,1,0,0,32,2,42,32,12,32,13.191987,0.409539,0.000000,true,125794942-125837608-125840130-125806963-125813053-125837101-125850244-125817011-125860088-125817282-125815761-125839141-125812746-125833085-125820103-125840011
hpp,CUDA,temporal,tiled_bit_planes,tiled_bit_planes,,16352,16328,120,1,1,0,0,32,2,42,32,12,32,6.017166,0.187805,0.000000,true,125149298-125142759-125164562-125146476-125167046-125163842-125152991-125157149-125172793-125158817-125165895-125158557-125156800-125171012-125176659-125130854
hpp,CUDA,temporal,bit_planes,bit_planes,,16320,16448,126,1,1,0,0,32,2,42,32,14,32,25.075448,0.741387,0.000000,true,125797891-125858553-125805830-125816412-125840530-125844684-125840131-125812480-125848552-125801558-125842946-125848292-125843432-125832464-125845814-125835179
hpp,CUDA,temporal,tiled_bit_planes,tiled_bit_planes,,16352,16416,126,1,1,0,0,32,2,42,32,14,32,6.431739,0.190160,0.000000,true,125827795-125816682-125811733-125811133-125848522-125852084-125814620-125848613-125861111-125826495-125817382-125820895-125836718-125847014-125854484-125815231
hpp,CUDA,temporal,tiled_bit_planes,tiled_bit_planes,,16352,16416,128,1,1,0,0,32,2,42,32,16,32,6.296071,0.183240,0.000000,true,125824798-125820125-125838742-125800234-125839451-125860689-125795040-125833610-125846173-125834142-125834467-125830189-125811558-125834254-125846908-125821270
hpp,CUDA,temporal,tiled_bit_planes,tiled_bit_planes,,16224,16544,126,1,1,0,0,32,2,42,32,18,32,6.832420,0.202025,0.000000,true,125779756-125817984-125818882-125818256-125828773-125861549-125849680-125795234-125814382-125844719-125818198-125824288-125795083-125825946-125794866-125834746
hpp,CUDA,temporal,tiled_bit_planes,tiled_bit_planes,,16224,16544,120,1,1,0,0,32,2,42,32,20,32,6.399699,0.198692,0.000000,true,125790824-125814713-125800437-125805352-125812541-125864417-125836024-125787538-125819278-125842214-125814869-125816482-125805064-125838418-125807380-125849988
hpp,CUDA,temporal,tiled_bit_planes,tiled_bit_planes,,16224,16480,110,1,1,0,0,32,2,42,32,22,32,6.584321,0.223874,0.000000,true,125298794-125327367-125307315-125319961-125325733-125372693-125341181-125312703-125328235-125348422-125317745-125330001-125326823-125337302-125336611-125343502
hpp,CUDA,temporal,tiled_bit_planes,tiled_bit_planes,,16224,16480,120,1,1,0,0,32,2,42,32,24,32,7.160930,0.223189,0.000000,true,125307215-125327717-125311667-125322342-125325815-125378269-125352524-125300515-125331495-125356146-125327770-125329983-125321802-125345545-125317833-125361184
hpp,CUDA,simple,bit_array,bit_array,,16384,16384,128,1,1,0,0,32,2,42,64,0,0,674.517983,19.631057,0.000000,true,125847729-125811488-125814036-125844785-125826792-125858812-125820686-125834841-125841914-125852115-125836386-125823329-125843961-125822790-125849639-125839152
hpp,CUDA,simple,bit_planes,bit_planes,,16384,16384,128,1,1,0,0,32,2,42,64,0,0,19.655854,0.572061,0.000000,true,125847729-125811488-125814036-125844785-125826792-125858812-125820686-125834841-125841914-125852115-125836386-125823329-125843961-125822790-125849639-125839152
hpp,CUDA,simple,tiled_bit_planes,tiled_bit_planes,,16384,16384,128,1,1,0,0,32,2,42,64,0,0,19.624978,0.571162,0.000000,true,125847729-125811488-125814036-125844785-125826792-125858812-125820686-125834841-125841914-125852115-125836386-125823329-125843961-125822790-125849639-125839152
hpp,CUDA,temporal,bit_planes,bit_planes,,15360,17472,128,1,1,0,0,32,2,42,64,2,16,13.020806,0.379048,0.000000,true,125769140-125762484-125822185-125795938-125814939-125812923-125786558-125808753-125824639-125803662-125769695-125804631-125839956-125809301-125795210-125814170
hpp,CUDA,temporal,tiled_bit_planes,tiled_bit_planes,,16320,16352,128,1,1,0,0,32,2,42,64,2,16,13.377721,0.391635,0.000000,true,125043078-125131860-125098234-125057030-125091893-125102086-125119819-125086385-125121963-125086045-125090320-125094419-125088902-125066103-125104371-125091376
hpp,CUDA,temporal,bit_planes,bit_planes,,15360,17470,126,1,1,0,0,32,2,42,64,3,16,10.934895,0.323415,0.000000,true,125769082-125793107-125799000-125794131-125807922-125805986-125792949-125825082-125796351-125808234-125789497-125806229-125775937-125728260-125753760-125742363
hpp,CUDA,temporal,tiled_bit_planes,tiled_bit_planes,,16320,16352,126,1,1,0,0,32,2,42,64,3,16,9.195814,0.273482,0.000000,true,125058341-125119899-125068369-125078303-125105262-125109878-125107434-125082559-125115310-125068630-125112458-125110219-125104119-125099705-125114318-125102735
hpp,CUDA,temporal,bit_planes,bit_planes,,15360,17472,128,1,1,0,0,32,2,42,64,4,16,9.604627,0.279600,0.000000,true,125769140-125762484-125822185-125795938-125814939-125812923-125786558-125808753-125824639-125803662-125769695-125804631-125839956-125809301-125795210-125814170
hpp,CUDA,temporal,tiled_bit_planes,tiled_bit_planes,,16320,16352,128,1,1,0,0,32,2,42,64,4,16,7.265639,0.212703,0.000000,true,125043078-125131860-125098234-125057030-125091893-125102086-125119819-125086385-125121963-125086045-125090320-125094419-125088902-125066103-125104371-125091376
hpp,CUDA,temporal,bit_planes,bit_planes,,15360,17472,125,1,1,0,0,32,2,42,64,5,16,9.084744,0.270813,0.000000,true,125758205-125792045-125811217-125798161-125828447-125811493-125776879-125804103-125800255-125807114-125782811-125815711-125825655-125791744-125800252-125807034
hpp,CUDA,temporal,tiled_bit_planes,tiled_bit_planes,,16320,16352,125,1,1,0,0,32,2,42,64,5,16,5.893748,0.176681,0.000000,true,125061343-125099166-125080103-125089437-125083443-125103618-125116677-125097872-125106717-125068325-125078184-125101767-125099605-125092528-125090019-125096764
hpp,CUDA,temporal,bit_planes,bit_planes,,15360,17476,126,1,1,0,0,32,2,42,64,6,16,12.006269,0.354980,0.000000,true,125794740-125820835-125827928-125821839-125837436-125835089-125821779-125853451-125824111-125837423-125818642-125834443-125862403-125814826-125840901-125826881
hpp,CUDA,temporal,tiled_bit_planes,tiled_bit_planes,,16320,16352,126,1,1,0,0,32,2,42,64,6,16,5.170935,0.153783,0.000000,true,125058341-125119899-125068369-125078303-125105262-125109878-125107434-125082559-125115310-125068630-125112458-125110219-125104119-125099705-125114318-125102735
hpp,CUDA,temporal,bit_planes,bit_planes,,15360,17476,126,1,1,0,0,32,2,42,64,7,16,21.167710,0.625850,0.000000,true,125794740-125820835-125827928-125821839-125837436-125835089-125821779-125853451-125824111-125837423-125818642-125834443-125862403-125814826-125840901-125826881
hpp,CUDA,temporal,tiled_bit_planes,tiled_bit_planes,,16320,16352,126,1,1,0,0,32,2,42,64,7,16,4.786529,0.142351,0.000000,true,125058341-125119899-125068369-125078303-125105262-125109878-125107434-125082559-125115310-125068630-125112458-125110219-125104119-125099705-125114318-125102735
hpp,CUDA,temporal,tiled_bit_planes,tiled_bit_planes,,16320,16352,128,1,1,0,0,32,2,42,64,8,16,4.602789,0.134747,0.000000,true,125043078-125131860-125098234-125057030-125091893-125102086-125119819-125086385-125121963-125086045-125090320-125094419-125088902-125066103-125104371-125091376
hpp,CUDA,temporal,tiled_bit_planes,tiled_bit_planes,,16352,16416,126,1,1,0,0,32,2,42,64,9,16,5.310468,0.157009,0.000000,true,125827795-125816682-125811733-125811133-125848522-125852084-125814620-125848613-125861111-125826495-125817382-125820895-125836718-125847014-125854484-125815231
hpp,CUDA,temporal,tiled_bit_planes,tiled_bit_planes,,16352,16416,120,1,1,0,0,32,2,42,64,10,16,4.902086,0.152181,0.000000,true,125824159-125816341-125843075-125821169-125842452-125843296-125826057-125832803-125847621-125831231-125839018-125831777-125836370-125846391-125856434-125810469
hpp,CUDA,temporal,tiled_bit_planes,tiled_bit_planes,,16352,16416,120,1,1,0,0,32,2,42,64,12,16,4.655930,0.144540,0.000000,true,125824159-125816341-125843075-125821169-125842452-125843296-125826057-125832803-125847621-125831231-125839018-125831777-125836370-125846391-125856434-125810469
hpp,CUDA,temporal,tiled_bit_planes,tiled_bit_planes,,16352,16416,126,1,1,0,0,32,2,42,64,14,16,4.736934,0.140052,0.000000,true,125827795-125816682-125811733-125811133-125848522-125852084-125814620-125848613-125861111-125826495-125817382-125820895-125836718-125847014-125854484-125815231
hpp,CUDA,temporal,tiled_bit_planes,tiled_bit_planes,,16352,16416,128,1,1,0,0,32,2,42,64,16,16,4.719947,0.137369,0.000000,true,125824798-125820125-125838742-125800234-125839451-125860689-125795040-125833610-125846173-125834142-125834467-125830189-125811558-125834254-125846908-125821270
hpp,CUDA,temporal,tiled_bit_planes,tiled_bit_planes,,16224,16480,126,1,1,0,0,32,2,42,64,18,16,5.791572,0.171914,0.000000,true,125291876-125331646-125325660-125331877-125340827-125375713-125364977-125309049-125328231-125357348-125329808-125334700-125309327-125335690-125316523-125351985
hpp,CUDA,temporal,tiled_bit_planes,tiled_bit_planes,,16224,16480,120,1,1,0,0,32,2,42,64,20,16,5.459646,0.170164,0.000000,true,125307215-125327717-125311667-125322342-125325815-125378269-125352524-125300515-125331495-125356146-125327770-125329983-125321802-125345545-125317833-125361184
hpp,CUDA,temporal,tiled_bit_planes,tiled_bit_planes,,16224,16480,110,1,1,0,0,32,2,42,64,22,16,4.968547,0.168936,0.000000,true,125298794-125327367-125307315-125319961-125325733-125372693-125341181-125312703-125328235-125348422-125317745-125330001-125326823-125337302-125336611-125343502
hpp,CUDA,temporal,tiled_bit_planes,tiled_bit_planes,,16224,16480,120,1,1,0,0,32,2,42,64,24,16,5.375177,0.167531,0.000000,true,125307215-125327717-125311667-125322342-125325815-125378269-125352524-125300515-125331495-125356146-125327770-125329983-125321802-125345545-125317833-125361184
hpp,CUDA,,,,baseline,16384,16384,128,1,1,0,0,32,4,42,0,0,0,391.795997,11.402764,0.000000,true,125847729-125811488-125814036-125844785-125826792-125858812-125820686-125834841-125841914-125852115-125836386-125823329-125843961-125822790-125849639-125839152
hpp,CUDA,simple,standard,standard,,16384,16384,128,1,1,0,0,32,4,42,0,0,0,668.420876,19.453608,0.000000,true,125847729-125811488-125814036-125844785-125826792-125858812-125820686-125834841-125841914-125852115-125836386-125823329-125843961-125822790-125849639-125839152
hpp,CUDA,simple,bit_array,bit_array,,16384,16384,128,1,1,0,0,32,4,42,32,0,0,599.500365,17.447757,0.000000,true,125847729-125811488-125814036-125844785-125826792-125858812-125820686-125834841-125841914-125852115-125836386-125823329-125843961-125822790-125849639-125839152
hpp,CUDA,simple,bit_planes,bit_planes,,16384,16384,128,1,1,0,0,32,4,42,32,0,0,20.019459,0.582643,0.000000,true,125847729-125811488-125814036-125844785-125826792-125858812-125820686-125834841-125841914-125852115-125836386-125823329-125843961-125822790-125849639-125839152
hpp,CUDA,simple,tiled_bit_planes,tiled_bit_planes,,16384,16384,128,1,1,0,0,32,4,42,32,0,0,21.203064,0.617090,0.000000,true,125847729-125811488-125814036-125844785-125826792-125858812-125820686-125834841-125841914-125852115-125836386-125823329-125843961-125822790-125849639-125839152
hpp,CUDA,temporal,bit_planes,bit_planes,,16320,16436,128,1,1,0,0,32,4,42,32,2,32,12.378466,0.360529,0.000000,true,125688291-125778840-125743589-125700234-125736016-125744574-125760705-125725303-125760337-125726666-125732246-125740351-125735356-125714751-125744214-125740021
hpp,CUDA,temporal,tiled_bit_planes,tiled_bit_planes,,16320,16440,128,1,1,0,0,32,4,42,32,2,32,12.828473,0.373545,0.000000,true,125722040-125803876-125774584-125731343-125766868-125775248-125791135-125755234-125790876-125757691-125762466-125771911-125767428-125744525-125774713-125771665
hpp,CUDA,temporal,bit_planes,bit_planes,,16320,16432,126,1,1,0,0,32,4,42,32,3,32,9.422409,0.278857,0.000000,true,125671952-125731548-125682544-125694587-125716820-125723394-125717849-125690449-125727550-125677476-125721773-125724654-125716848-125712065-125725650-125710949
hpp,CUDA,temporal,tiled_bit_planes,tiled_bit_planes,,16320,16440,126,1,1,0,0,32,4,42,32,3,32,9.327884,0.275925,0.000000,true,125735579-125794187-125741499-125755671-125778171-125784593-125779794-125751074-125788519-125739362-125781780-125787425-125781145-125770169-125784320-125773016
hpp,CUDA,temporal,bit_planes,bit_planes,,16320,16440,128,1,1,0,0,32,4,42,32,4,32,7.780666,0.226561,0.000000,true,125722040-125803876-125774584-125731343-125766868-125775248-125791135-125755234-125790876-125757691-125762466-125771911-125767428-125744525-125774713-125771665
hpp,CUDA,temporal,tiled_bit_planes,tiled_bit_planes,,16320,16440,128,1,1,0,0,32,4,42,32,4,32,7.481368,0.217846,0.000000,true,125722040-125803876-125774584-125731343-125766868-125775248-125791135-125755234-125790876-125757691-125762466-125771911-125767428-125744525-125774713-125771665
hpp,CUDA,temporal,bit_planes,bit_planes,,16320,16434,125,1,1,0,0,32,4,42,32,5,32,6.795703,0.202703,0.000000,true,125704826-125743790-125725242-125733664-125726922-125746873-125757821-125735106-125747110-125709720-125721302-125747450-125683927-125678394-125666860-125677933
hpp,CUDA,temporal,tiled_bit_planes,tiled_bit_planes,,16320,16352,125,1,1,0,0,32,4,42,32,5,32,6.266125,0.187844,0.000000,true,125061343-125099166-125080103-125089437-125083443-125103618-125116677-125097872-125106717-125068325-125078184-125101767-125099605-125092528-125090019-125096764
hpp,CUDA,temporal,bit_planes,bit_planes,,16320,16440,126,1,1,0,0,32,4,42,32,6,32,6.542617,0.193535,0.000000,true,125735579-125794187-125741499-125755671-125778171-125784593-125779794-125751074-125788519-125739362-125781780-125787425-125781145-125770169-125784320-125773016
hpp,CUDA,temporal,tiled_bit_planes,tiled_bit_planes,,16320,16352,126,1,1,0,0,32,4,42,32,6,32,5.672530,0.168700,0.000000,true,125058341-125119899-125068369-125078303-125105262-125109878-125107434-125082559-125115310-125068630-125112458-125110219-125104119-125099705-125114318-125102735
hpp,CUDA,temporal,bit_planes,bit_planes,,16320,16434,126,1,1,0,0,32,4,42,32,7,32,6.685615,0.197837,0.000000,true,125703253-125767620-125712008-125723346-125747283-125754206-125749387-125720603-125757547-125708361-125751318-125755511-125689379-125680947-125694555-125681148
hpp,CUDA,temporal,tiled_bit_planes,tiled_bit_planes,,16320,16352,126,1,1,0,0,32,4,42,32,7,32,5.360794,0.159429,0.000000,true,125058341-125119899-125068369-125078303-125105262-125109878-125107434-125082559-125115310-125068630-125112458-125110219-125104119-125099705-125114318-125102735
hpp,CUDA,temporal,bit_planes,bit_planes,,16320,16448,128,1,1,0,0,32,4,42,32,8,32,7.398372,0.215324,0.000000,true,125780261-125870711-125835127-125790307-125828984-125835069-125852108-125816461-125851004-125819999-125823499-125834115-125827351-125802746-125836167-125830352
hpp,CUDA,temporal,tiled_bit_planes,tiled_bit_planes,,16320,16352,128,1,1,0,0,32,4,42,32,8,32,5.217667,0.152748,0.000000,true,125043078-125131860-125098234-125057030-125091893-125102086-125119819-125086385-125121963-125086045-125090320-125094419-125088902-125066103-125104371-125091376
hpp,CUDA,temporal,bit_planes,bit_planes,,16320,16436,126,1,1,0,0,32,4,42,32,9,32,7.893768,0.233559,0.000000,true,125704091-125761758-125711777-125725872-125747283-125754206-125749387-125720603-125757547-125708361-125751318-125755511-125749408-125741449-125757094-125743626
hpp,CUDA,temporal,tiled_bit_planes,tiled_bit_planes,,16352,16328,126,1,1,0,0,32,4,42,32,9,32,5.676586,0.168738,0.000000,true,125152771-125142974-125136637-125133334-125172193-125176914-125142116-125174689-125188005-125152286-125143309-125150541-125163678-125169209-125176863-125136654
hpp,CUDA,temporal,bit_planes,bit_planes,,16320,16440,120,1,1,0,0,32,4,42,32,10,32,8.490167,0.263702,0.000000,true,125732145-125782238-125773788-125746269-125751853-125776928-125789572-125755251-125799164-125756032-125755190-125776941-125751797-125769954-125758990-125776734
hpp,CUDA,temporal,tiled_bit_planes,tiled_bit_planes,,16352,16328,120,1,1,0,0,32,4,42,32,10,32,5.309386,0.165714,0.000000,true,125149298-125142759-125164562-125146476-125167046-125163842-125152991-125157149-125172793-125158817-125165895-125158557-125156800-125171012-125176659-125130854
hpp,CUDA,temporal,bit_planes,bit_planes,,16320,16448,120,1,1,0,0,32,4,42,32,12,32,11.803770,0.366443,0.000000,true,125794942-125837608-125840130-125806963-125813053-125837101-125850244-125817011-125860088-125817282-125815761-125839141-125812746-125833085-125820103-125840011
hpp,CUDA,temporal,tiled_bit_planes,tiled_bit_planes,,16352,16328,120,1,1,0,0,32,4,42,32,12,32,5.174521,0.161505,0.000000,true,125149298-125142759-125164562-125146476-125167046-125163842-125152991-125157149-125172793-125158817-125165895-125158557-125156800-125171012-125176659-125130854
hpp,CUDA,temporal,bit_planes,bit_planes,,16320,16448,126,1,1,0,0,32,4,42,32,14,32,24.340858,0.719668,0.000000,true,125797891-125858553-125805830-125816412-125840530-125844684-125840131-125812480-125848552-125801558-125842946-125848292-125843432-125832464-125845814-125835179
hpp,CUDA,temporal,tiled_bit_planes,tiled_bit_planes,,16352,16416,126,1,1,0,0,32,4,42,32,14,32,5.879947,0.173846,0.000000,true,125827795-125816682-125811733-125811133-125848522-125852084-125814620-125848613-125861111-125826495-125817382-125820895-125836718-125847014-125854484-125815231
hpp,CUDA,temporal,tiled_bit_planes,tiled_bit_planes,,16352,16416,128,1,1,0,0,32,4,42,32,16,32,5.882380,0.171200,0.000000,true,125824798-125820125-125838742-125800234-125839451-125860689-125795040-125833610-125846173-125834142-125834467-125830189-125811558-125834254-125846908-125821270
hpp,CUDA,temporal,tiled_bit_planes,tiled_bit_planes,,16224,16544,126,1,1,0,0,32,4,42,32,18,32,6.689381,0.197796,0.000000,true,125779756-125817984-125818882-125818256-125828773-125861549-125849680-125795234-125814382-125844719-125818198-125824288-125795083-125825946-125794866-125834746
hpp,CUDA,temporal,tiled_bit_planes,tiled_bit_planes,,16224,16544,120,1,1,0,0,32,4,42,32,20,32,6.320799,0.196242,0.000000,true,125790824-125814713-125800437-125805352-125812541-125864417-125836024-125787538-125819278-125842214-125814869-125816482-125805064-125838418-125807380-125849988
hpp,CUDA,temporal,tiled_bit_planes,tiled_bit_planes,,16224,16480,110,1,1,0,0,32,4,42,32,22,32,6.254377,0.212655,0.000000,true,125298794-125327367-125307315-125319961-125325733-125372693-125341181-125312703-125328235-125348422-125317745-125330001-125326823-125337302-125336611-125343502
hpp,CUDA,temporal,tiled_bit_planes,tiled_bit_planes,,16224,16480,120,1,1,0,0,32,4,42,32,24,32,6.778036,0.211255,0.000000,true,125307215-125327717-125311667-125322342-125325815-125378269-125352524-125300515-125331495-125356146-125327770-125329983-125321802-125345545-125317833-125361184
hpp,CUDA,simple,bit_array,bit_array,,16384,16384,128,1,1,0,0,32,4,42,64,0,0,683.559350,19.894195,0.000000,true,125847729-125811488-125814036-125844785-125826792-125858812-125820686-125834841-125841914-125852115-125836386-125823329-125843961-125822790-125849639-125839152
hpp,CUDA,simple,bit_planes,bit_planes,,16384,16384,128,1,1,0,0,32,4,42,64,0,0,19.684688,0.572900,0.000000,true,125847729-125811488-125814036-125844785-125826792-125858812-125820686-125834841-125841914-125852115-125836386-125823329-125843961-125822790-125849639-125839152
hpp,CUDA,simple,tiled_bit_planes,tiled_bit_planes,,16384,16384,128,1,1,0,0,32,4,42,64,0,0,19.675954,0.572646,0.000000,true,125847729-125811488-125814036-125844785-125826792-125858812-125820686-125834841-125841914-125852115-125836386-125823329-125843961-125822790-125849639-125839152
hpp,CUDA,temporal,bit_planes,bit_planes,,15360,17472,128,1,1,0,0,32,4,42,64,2,16,11.383229,0.331376,0.000000,true,125769140-125762484-125822185-125795938-125814939-125812923-125786558-125808753-125824639-125803662-125769695-125804631-125839956-125809301-125795210-125814170
hpp,CUDA,temporal,tiled_bit_planes,tiled_bit_planes,,16320,16352,128,1,1,0,0,32,4,42,64,2,16,10.848373,0.317588,0.000000,true,125043078-125131860-125098234-125057030-125091893-125102086-125119819-125086385-125121963-125086045-125090320-125094419-125088902-125066103-125104371-125091376
hpp,CUDA,temporal,bit_planes,bit_planes,,15360,17470,126,1,1,0,0,32,4,42,64,3,16,8.842774,0.261537,0.000000,true,125769082-125793107-125799000-125794131-125807922-125805986-125792949-125825082-125796351-125808234-125789497-125806229-125775937-125728260-125753760-125742363
hpp,CUDA,temporal,tiled_bit_planes,tiled_bit_planes,,16320,16352,126,1,1,0,0,32,4,42,64,3,16,7.503152,0.223142,0.000000,true,125058341-125119899-125068369-125078303-125105262-125109878-125107434-125082559-125115310-125068630-125112458-125110219-125104119-125099705-125114318-125102735
hpp,CUDA,temporal,bit_planes,bit_planes,,15360,17472,128,1,1,0,0,32,4,42,64,4,16,7.447948,0.216817,0.000000,true,125769140-125762484-125822185-125795938-125814939-125812923-125786558-125808753-125824639-125803662-125769695-125804631-125839956-125809301-125795210-125814170
hpp,CUDA,temporal,tiled_bit_planes,tiled_bit_planes,,16320,16352,128,1,1,0,0,32,4,42,64,4,16,5.972257,0.174839,0.000000,true,125043078-125131860-125098234-125057030-125091893-125102086-125119819-125086385-125121963-125086045-125090320-125094419-125088902-125066103-125104371-125091376
hpp,CUDA,temporal,bit_planes,bit_planes,,15360,17472,125,1,1,0,0,32,4,42,64,5,16,7.001897,0.208724,0.000000,true,125758205-125792045-125811217-125798161-125828447-125811493-125776879-125804103-125800255-125807114-125782811-125815711-125825655-125791744-125800252-125807034
hpp,CUDA,temporal,tiled_bit_planes,tiled_bit_planes,,16320,16352,125,1,1,0,0,32,4,42,64,5,16,5.027376,0.150709,0.000000,true,125061343-125099166-125080103-125089437-125083443-125103618-125116677-125097872-125106717-125068325-125078184-125101767-125099605-125092528-125090019-125096764
hpp,CUDA,temporal,bit_planes,bit_planes,,15360,17476,126,1,1,0,0,32,4,42,64,6,16,9.634903,0.284868,0.000000,true,125794740-125820835-125827928-125821839-125837436-125835089-125821779-125853451-125824111-125837423-125818642-125834443-125862403-125814826-125840901-125826881
hpp,CUDA,temporal,tiled_bit_planes,tiled_bit_planes,,16320,16352,126,1,1,0,0,32,4,42,64,6,16,4.515416,0.134288,0.000000,true,125058341-125119899-125068369-125078303-125105262-125109878-125107434-125082559-125115310-125068630-125112458-125110219-125104119-125099705-125114318-125102735
hpp,CUDA,temporal,bit_planes,bit_planes,,15360,17476,126,1,1,0,0,32,4,42,64,7,16,17.756978,0.525007,0.000000,true,125794740-125820835-125827928-125821839-125837436-125835089-125821779-125853451-125824111-125837423-125818642-125834443-125862403-125814826-125840901-125826881
hpp,CUDA,temporal,tiled_bit_planes,tiled_bit_planes,,16320,16352,126,1,1,0,0,32,4,42,64,7,16,4.279175,0.127262,0.000000,true,125058341-125119899-125068369-125078303-125105262-125109878-125107434-125082559-125115310-125068630-125112458-125110219-125104119-125099705-125114318-125102735
hpp,CUDA,temporal,tiled_bit_planes,tiled_bit_planes,,16320,16352,128,1,1,0,0,32,4,42,64,8,16,4.193064,0.122753,0.000000,true,125043078-125131860-125098234-125057030-125091893-125102086-125119819-125086385-125121963-125086045-125090320-125094419-125088902-125066103-125104371-125091376
hpp,CUDA,temporal,tiled_bit_planes,tiled_bit_planes,,16352,16416,126,1,1,0,0,32,4,42,64,9,16,4.975026,0.147091,0.000000,true,125827795-125816682-125811733-125811133-125848522-125852084-125814620-125848613-125861111-125826495-125817382-125820895-125836718-125847014-125854484-125815231
hpp,CUDA,temporal,tiled_bit_planes,tiled_bit_planes,,16352,16416,120,1,1,0,0,32,4,42,64,10,16,4.676822,0.145188,0.000000,true,125824159-125816341-125843075-125821169-125842452-125843296-125826057-125832803-125847621-125831231-125839018-125831777-125836370-125846391-125856434-125810469
hpp,CUDA,temporal,tiled_bit_planes,tiled_bit_planes,,16352,16416,120,1,1,0,0,32,4,42,64,12,16,4.588577,0.142449,0.000000,true,125824159-125816341-125843075-125821169-125842452-125843296-125826057-125832803-125847621-125831231-125839018-125831777-125836370-125846391-125856434-125810469
hpp,CUDA,temporal,tiled_bit_planes,tiled_bit_planes,,16352,16416,126,1,1,0,0,32,4,42,64,14,16,4.749293,0.140417,0.000000,true,125827795-125816682-125811733-125811133-125848522-125852084-125814620-125848613-125861111-125826495-125817382-125820895-125836718-125847014-125854484-125815231
hpp,CUDA,temporal,tiled_bit_planes,tiled_bit_planes,,16352,16416,128,1,1,0,0,32,4,42,64,16,16,4.775062,0.138973,0.000000,true,125824798-125820125-125838742-125800234-125839451-125860689-125795040-125833610-125846173-125834142-125834467-125830189-125811558-125834254-125846908-125821270
hpp,CUDA,temporal,tiled_bit_planes,tiled_bit_planes,,16224,16480,126,1,1,0,0,32,4,42,64,18,16,5.987210,0.177721,0.000000,true,125291876-125331646-125325660-125331877-125340827-125375713-125364977-125309049-125328231-125357348-125329808-125334700-125309327-125335690-125316523-125351985
hpp,CUDA,temporal,tiled_bit_planes,tiled_bit_planes,,16224,16480,120,1,1,0,0,32,4,42,64,20,16,5.670868,0.176747,0.000000,true,125307215-125327717-125311667-125322342-125325815-125378269-125352524-125300515-125331495-125356146-125327770-125329983-125321802-125345545-125317833-125361184
hpp,CUDA,temporal,tiled_bit_planes,tiled_bit_planes,,16224,16480,110,1,1,0,0,32,4,42,64,22,16,5.159388,0.175425,0.000000,true,125298794-125327367-125307315-125319961-125325733-125372693-125341181-125312703-125328235-125348422-125317745-125330001-125326823-125337302-125336611-125343502
hpp,CUDA,temporal,tiled_bit_planes,tiled_bit_planes,,16224,16480,120,1,1,0,0,32,4,42,64,24,16,5.617687,0.175090,0.000000,true,125307215-125327717-125311667-125322342-125325815-125378269-125352524-125300515-125331495-125356146-125327770-125329983-125321802-125345545-125317833-125361184
hpp,CUDA,,,,baseline,16384,16384,128,1,1,0,0,32,8,42,0,0,0,392.406507,11.420532,0.000000,true,125847729-125811488-125814036-125844785-125826792-125858812-125820686-125834841-125841914-125852115-125836386-125823329-125843961-125822790-125849639-125839152
hpp,CUDA,simple,standard,standard,,16384,16384,128,1,1,0,0,32,8,42,0,0,0,673.548602,19.602844,0.000000,true,125847729-125811488-125814036-125844785-125826792-125858812-125820686-125834841-125841914-125852115-125836386-125823329-125843961-125822790-125849639-125839152
hpp,CUDA,simple,bit_array,bit_array,,16384,16384,128,1,1,0,0,32,8,42,32,0,0,580.804473,16.903635,0.000000,true,125847729-125811488-125814036-125844785-125826792-125858812-125820686-125834841-125841914-125852115-125836386-125823329-125843961-125822790-125849639-125839152
hpp,CUDA,simple,bit_planes,bit_planes,,16384,16384,128,1,1,0,0,32,8,42,32,0,0,20.085960,0.584578,0.000000,true,125847729-125811488-125814036-125844785-125826792-125858812-125820686-125834841-125841914-125852115-125836386-125823329-125843961-125822790-125849639-125839152
hpp,CUDA,simple,tiled_bit_planes,tiled_bit_planes,,16384,16384,128,1,1,0,0,32,8,42,32,0,0,21.572196,0.627834,0.000000,true,125847729-125811488-125814036-125844785-125826792-125858812-125820686-125834841-125841914-125852115-125836386-125823329-125843961-125822790-125849639-125839152
hpp,CUDA,temporal,bit_planes,bit_planes,,16320,16436,128,1,1,0,0,32,8,42,32,2,32,11.441268,0.333233,0.000000,true,125688291-125778840-125743589-125700234-125736016-125744574-125760705-125725303-125760337-125726666-125732246-125740351-125735356-125714751-125744214-125740021
hpp,CUDA,temporal,tiled_bit_planes,tiled_bit_planes,,16320,16440,128,1,1,0,0,32,8,42,32,2,32,11.432224,0.332888,0.000000,true,125722040-125803876-125774584-125731343-125766868-125775248-125791135-125755234-125790876-125757691-125762466-125771911-125767428-125744525-125774713-125771665
hpp,CUDA,temporal,bit_planes,bit_planes,,16320,16432,126,1,1,0,0,32,8,42,32,3,32,7.667793,0.226929,0.000000,true,125671952-125731548-125682544-125694587-125716820-125723394-125717849-125690449-125727550-125677476-125721773-125724654-125716848-125712065-125725650-125710949
hpp,CUDA,temporal,tiled_bit_planes,tiled_bit_planes,,16320,16440,126,1,1,0,0,32,8,42,32,3,32,8.857367,0.262007,0.000000,true,125735579-125794187-125741499-125755671-125778171-125784593-125779794-125751074-125788519-125739362-125781780-125787425-125781145-125770169-125784320-125773016
hpp,CUDA,temporal,bit_planes,bit_planes,,16320,16440,128,1,1,0,0,32,8,42,32,4,32,6.326607,0.184221,0.000000,true,125722040-125803876-125774584-125731343-125766868-125775248-125791135-125755234-125790876-125757691-125762466-125771911-125767428-125744525-125774713-125771665
hpp,CUDA,temporal,tiled_bit_planes,tiled_bit_planes,,16320,16440,128,1,1,0,0,32,8,42,32,4,32,7.452725,0.217012,0.000000,true,125722040-125803876-125774584-125731343-125766868-125775248-125791135-125755234-125790876-125757691-125762466-125771911-125767428-125744525-125774713-125771665
hpp,CUDA,temporal,bit_planes,bit_planes,,16320,16434,125,1,1,0,0,32,8,42,32,5,32,5.657787,0.168761,0.000000,true,125704826-125743790-125725242-125733664-125726922-125746873-125757821-125735106-125747110-125709720-125721302-125747450-125683927-125678394-125666860-125677933
hpp,CUDA,temporal,tiled_bit_planes,tiled_bit_planes,,16320,16352,125,1,1,0,0,32,8,42,32,5,32,6.660427,0.199665,0.000000,true,125061343-125099166-125080103-125089437-125083443-125103618-125116677-125097872-125106717-125068325-125078184-125101767-125099605-125092528-125090019-125096764
hpp,CUDA,temporal,bit_planes,bit_planes,,16320,16440,126,1,1,0,0,32,8,42,32,6,32,5.693352,0.168413,0.000000,true,125735579-125794187-125741499-125755671-125778171-125784593-125779794-125751074-125788519-125739362-125781780-125787425-125781145-125770169-125784320-125773016
hpp,CUDA,temporal,tiled_bit_planes,tiled_bit_planes,,16320,16352,126,1,1,0,0,32,8,42,32,6,32,6.259636,0.186160,0.000000,true,125058341-125119899-125068369-125078303-125105262-125109878-125107434-125082559-125115310-125068630-125112458-125110219-125104119-125099705-125114318-125102735
hpp,CUDA,temporal,bit_planes,bit_planes,,16320,16434,126,1,1,0,0,32,8,42,32,7,32,6.022904,0.178226,0.000000,true,125703253-125767620-125712008-125723346-125747283-125754206-125749387-125720603-125757547-125708361-125751318-125755511-125689379-125680947-125694555-125681148
hpp,CUDA,temporal,tiled_bit_planes,tiled_bit_planes,,16320,16352,126,1,1,0,0,32,8,42,32,7,32,5.998678,0.178400,0.000000,true,125058341-125119899-125068369-125078303-125105262-125109878-125107434-125082559-125115310-125068630-125112458-125110219-125104119-125099705-125114318-125102735
hpp,CUDA,temporal,bit_planes,bit_planes,,16320,16448,128,1,1,0,0,32,8,42,32,8,32,6.628969,0.192931,0.000000,true,125780261-125870711-125835127-125790307-125828984-125835069-125852108-125816461-125851004-125819999-125823499-125834115-125827351-125802746-125836167-125830352
hpp,CUDA,temporal,tiled_bit_planes,tiled_bit_planes,,16320,16352,128,1,1,0,0,32,8,42,32,8,32,5.932106,0.173663,0.000000,true,125043078-125131860-125098234-125057030-125091893-125102086-125119819-125086385-125121963-125086045-125090320-125094419-125088902-125066103-125104371-125091376
hpp,CUDA,temporal,bit_planes,bit_planes,,16320,16436,126,1,1,0,0,32,8,42,32,9,32,7.204457,0.213164,0.000000,true,125704091-125761758-125711777-125725872-125747283-125754206-125749387-125720603-125757547-125708361-125751318-125755511-125749408-125741449-125757094-125743626
hpp,CUDA,temporal,tiled_bit_planes,tiled_bit_planes,,16352,16328,126,1,1,0,0,32,8,42,32,9,32,6.570970,0.195324,0.000000,true,125152771-125142974-125136637-125133334-125172193-125176914-125142116-125174689-125188005-125152286-125143309-125150541-125163678-125169209-125176863-125136654
hpp,CUDA,temporal,bit_planes,bit_planes,,16320,16440,120,1,1,0,0,32,8,42,32,10,32,7.828298,0.243144,0.000000,true,125732145-125782238-125773788-125746269-125751853-125776928-125789572-125755251-125799164-125756032-125755190-125776941-125751797-125769954-125758990-125776734
hpp,CUDA,temporal,tiled_bit_planes,tiled_bit_planes,,16352,16328,120,1,1,0,0,32,8,42,32,10,32,6.174346,0.192711,0.000000,true,125149298-125142759-125164562-125146476-125167046-125163842-125152991-125157149-125172793-125158817-125165895-125158557-125156800-125171012-125176659-125130854
hpp,CUDA,temporal,bit_planes,bit_planes,,16320,16448,120,1,1,0,0,32,8,42,32,12,32,11.261052,0.349594,0.000000,true,125794942-125837608-125840130-125806963-125813053-125837101-125850244-125817011-125860088-125817282-125815761-125839141-125812746-125833085-125820103-125840011
hpp,CUDA,temporal,tiled_bit_planes,tiled_bit_planes,,16352,16328,120,1,1,0,0,32,8,42,32,12,32,6.055284,0.188995,0.000000,true,125149298-125142759-125164562-125146476-125167046-125163842-125152991-125157149-125172793-125158817-125165895-125158557-125156800-125171012-125176659-125130854
hpp,CUDA,temporal,bit_planes,bit_planes,,16320,16448,126,1,1,0,0,32,8,42,32,14,32,23.299720,0.688885,0.000000,true,125797891-125858553-125805830-125816412-125840530-125844684-125840131-125812480-125848552-125801558-125842946-125848292-125843432-125832464-125845814-125835179
hpp,CUDA,temporal,tiled_bit_planes,tiled_bit_planes,,16352,16416,126,1,1,0,0,32,8,42,32,14,32,6.748351,0.199521,0.000000,true,125827795-125816682-125811733-125811133-125848522-125852084-125814620-125848613-125861111-125826495-125817382-125820895-125836718-125847014-125854484-125815231
hpp,CUDA,temporal,tiled_bit_planes,tiled_bit_planes,,16352,16416,128,1,1,0,0,32,8,42,32,16,32,6.774951,0.197178,0.000000,true,125824798-125820125-125838742-125800234-125839451-125860689-125795040-125833610-125846173-125834142-125834467-125830189-125811558-125834254-125846908-125821270
hpp,CUDA,temporal,tiled_bit_planes,tiled_bit_planes,,16224,16544,126,1,1,0,0,32,8,42,32,18,32,7.712611,0.228051,0.000000,true,125779756-125817984-125818882-125818256-125828773-125861549-125849680-125795234-125814382-125844719-125818198-125824288-125795083-125825946-125794866-125834746
hpp,CUDA,temporal,tiled_bit_planes,tiled_bit_planes,,16224,16544,120,1,1,0,0,32,8,42,32,20,32,7.292191,0.226401,0.000000,true,125790824-125814713-125800437-125805352-125812541-125864417-125836024-125787538-125819278-125842214-125814869-125816482-125805064-125838418-125807380-125849988
hpp,CUDA,temporal,tiled_bit_planes,tiled_bit_planes,,16224,16480,110,1,1,0,0,32,8,42,32,22,32,7.290388,0.247881,0.000000,true,125298794-125327367-125307315-125319961-125325733-125372693-125341181-125312703-125328235-125348422-125317745-125330001-125326823-125337302-125336611-125343502
hpp,CUDA,temporal,tiled_bit_planes,tiled_bit_planes,,16224,16480,120,1,1,0,0,32,8,42,32,24,32,7.910433,0.246549,0.000000,true,125307215-125327717-125311667-125322342-125325815-125378269-125352524-125300515-125331495-125356146-125327770-125329983-125321802-125345545-125317833-125361184
hpp,CUDA,simple,bit_array,bit_array,,16384,16384,128,1,1,0,0,32,8,42,64,0,0,641.748238,18.677332,0.000000,true,125847729-125811488-125814036-125844785-125826792-125858812-125820686-125834841-125841914-125852115-125836386-125823329-125843961-125822790-125849639-125839152
hpp,CUDA,simple,bit_planes,bit_planes,,16384,16384,128,1,1,0,0,32,8,42,64,0,0,19.635202,0.571460,0.000000,true,125847729-125811488-125814036-125844785-125826792-125858812-125820686-125834841-125841914-125852115-125836386-125823329-125843961-125822790-125849639-125839152
hpp,CUDA,simple,tiled_bit_planes,tiled_bit_planes,,16384,16384,128,1,1,0,0,32,8,42,64,0,0,19.801536,0.576301,0.000000,true,125847729-125811488-125814036-125844785-125826792-125858812-125820686-125834841-125841914-125852115-125836386-125823329-125843961-125822790-125849639-125839152
hpp,CUDA,temporal,bit_planes,bit_planes,,15360,17472,128,1,1,0,0,32,8,42,64,2,16,10.909386,0.317582,0.000000,true,125769140-125762484-125822185-125795938-125814939-125812923-125786558-125808753-125824639-125803662-125769695-125804631-125839956-125809301-125795210-125814170
hpp,CUDA,temporal,tiled_bit_planes,tiled_bit_planes,,16320,16352,128,1,1,0,0,32,8,42,64,2,16,10.794792,0.316019,0.000000,true,125043078-125131860-125098234-125057030-125091893-125102086-125119819-125086385-125121963-125086045-125090320-125094419-125088902-125066103-125104371-125091376
hpp,CUDA,temporal,bit_planes,bit_planes,,15360,17470,126,1,1,0,0,32,8,42,64,3,16,7.442700,0.220128,0.000000,true,125769082-125793107-125799000-125794131-125807922-125805986-125792949-125825082-125796351-125808234-125789497-125806229-125775937-125728260-125753760-125742363
hpp,CUDA,temporal,tiled_bit_planes,tiled_bit_planes,,16320,16352,126,1,1,0,0,32,8,42,64,3,16,7.109982,0.211450,0.000000,true,125058341-125119899-125068369-125078303-125105262-125109878-125107434-125082559-125115310-125068630-125112458-125110219-125104119-125099705-125114318-125102735
hpp,CUDA,temporal,bit_planes,bit_planes,,15360,17472,128,1,1,0,0,32,8,42,64,4,16,6.277473,0.182743,0.000000,true,125769140-125762484-125822185-125795938-125814939-125812923-125786558-125808753-125824639-125803662-125769695-125804631-125839956-125809301-125795210-125814170
hpp,CUDA,temporal,tiled_bit_planes,tiled_bit_planes,,16320,16352,128,1,1,0,0,32,8,42,64,4,16,5.652921,0.165490,0.000000,true,125043078-125131860-125098234-125057030-125091893-125102086-125119819-125086385-125121963-125086045-125090320-125094419-125088902-125066103-125104371-125091376
hpp,CUDA,temporal,bit_planes,bit_planes,,15360,17472,125,1,1,0,0,32,8,42,64,5,16,7.253141,0.216213,0.000000,true,125758205-125792045-125811217-125798161-125828447-125811493-125776879-125804103-125800255-125807114-125782811-125815711-125825655-125791744-125800252-125807034
hpp,CUDA,temporal,tiled_bit_planes,tiled_bit_planes,,16320,16352,125,1,1,0,0,32,8,42,64,5,16,4.625714,0.138668,0.000000,true,125061343-125099166-125080103-125089437-125083443-125103618-125116677-125097872-125106717-125068325-125078184-125101767-125099605-125092528-125090019-125096764
hpp,CUDA,temporal,bit_planes,bit_planes,,15360,17476,126,1,1,0,0,32,8,42,64,6,16,10.226695,0.302365,0.000000,true,125794740-125820835-125827928-125821839-125837436-125835089-125821779-125853451-125824111-125837423-125818642-125834443-125862403-125814826-125840901-125826881
hpp,CUDA,temporal,tiled_bit_planes,tiled_bit_planes,,16320,16352,126,1,1,0,0,32,8,42,64,6,16,4.150559,0.123437,0.000000,true,125058341-125119899-125068369-125078303-125105262-125109878-125107434-125082559-125115310-125068630-125112458-125110219-125104119-125099705-125114318-125102735
hpp,CUDA,temporal,bit_planes,bit_planes,,15360,17476,126,1,1,0,0,32,8,42,64,7,16,19.093666,0.564528,0.000000,true,125794740-125820835-125827928-125821839-125837436-125835089-125821779-125853451-125824111-125837423-125818642-125834443-125862403-125814826-125840901-125826881
hpp,CUDA,temporal,tiled_bit_planes,tiled_bit_planes,,16320,16352,126,1,1,0,0,32,8,42,64,7,16,3.960009,0.117770,0.000000,true,125058341-125119899-125068369-125078303-125105262-125109878-125107434-125082559-125115310-125068630-125112458-125110219-125104119-125099705-125114318-125102735
hpp,CUDA,temporal,tiled_bit_planes,tiled_bit_planes,,16320,16352,128,1,1,0,0,32,8,42,64,8,16,3.905325,0.114329,0.000000,true,125043078-125131860-125098234-125057030-125091893-125102086-125119819-125086385-125121963-125086045-125090320-125094419-125088902-125066103-125104371-125091376
hpp,CUDA,temporal,tiled_bit_planes,tiled_bit_planes,,16352,16416,126,1,1,0,0,32,8,42,64,9,16,4.777776,0.141259,0.000000,true,125827795-125816682-125811733-125811133-125848522-125852084-125814620-125848613-125861111-125826495-125817382-125820895-125836718-125847014-125854484-125815231
hpp,CUDA,temporal,tiled_bit_planes,tiled_bit_planes,,16352,16416,120,1,1,0,0,32,8,42,64,10,16,4.501434,0.139743,0.000000,true,125824159-125816341-125843075-125821169-125842452-125843296-125826057-125832803-125847621-125831231-125839018-125831777-125836370-125846391-125856434-125810469
hpp,CUDA,temporal,tiled_bit_planes,tiled_bit_planes,,16352,16416,120,1,1,0,0,32,8,42,64,12,16,4.393700,0.136399,0.000000,true,125824159-125816341-125843075-125821169-125842452-125843296-125826057-125832803-125847621-125831231-125839018-125831777-125836370-125846391-125856434-125810469
hpp,CUDA,temporal,tiled_bit_planes,tiled_bit_planes,,16352,16416,126,1,1,0,0,32,8,42,64,14,16,4.533654,0.134042,0.000000,true,125827795-125816682-125811733-125811133-125848522-125852084-125814620-125848613-125861111-125826495-125817382-125820895-125836718-125847014-125854484-125815231
hpp,CUDA,temporal,tiled_bit_planes,tiled_bit_planes,,16352,16416,128,1,1,0,0,32,8,42,64,16,16,4.585843,0.133466,0.000000,true,125824798-125820125-125838742-125800234-125839451-125860689-125795040-125833610-125846173-125834142-125834467-125830189-125811558-125834254-125846908-125821270
hpp,CUDA,temporal,tiled_bit_planes,tiled_bit_planes,,16224,16480,126,1,1,0,0,32,8,42,64,18,16,5.479186,0.162641,0.000000,true,125291876-125331646-125325660-125331877-125340827-125375713-125364977-125309049-125328231-125357348-125329808-125334700-125309327-125335690-125316523-125351985
hpp,CUDA,temporal,tiled_bit_planes,tiled_bit_planes,,16224,16480,120,1,1,0,0,32,8,42,64,20,16,5.174952,0.161291,0.000000,true,125307215-125327717-125311667-125322342-125325815-125378269-125352524-125300515-125331495-125356146-125327770-125329983-125321802-125345545-125317833-125361184
hpp,CUDA,temporal,tiled_bit_planes,tiled_bit_planes,,16224,16480,110,1,1,0,0,32,8,42,64,22,16,4.718896,0.160447,0.000000,true,125298794-125327367-125307315-125319961-125325733-125372693-125341181-125312703-125328235-125348422-125317745-125330001-125326823-125337302-125336611-125343502
hpp,CUDA,temporal,tiled_bit_planes,tiled_bit_planes,,16224,16480,120,1,1,0,0,32,8,42,64,24,16,5.114510,0.159407,0.000000,true,125307215-125327717-125311667-125322342-125325815-125378269-125352524-125300515-125331495-125356146-125327770-125329983-125321802-125345545-125317833-125361184
hpp,CUDA,,,,baseline,16384,16384,128,1,1,0,0,32,16,42,0,0,0,400.470474,11.655225,0.000000,true,125847729-125811488-125814036-125844785-125826792-125858812-125820686-125834841-125841914-125852115-125836386-125823329-125843961-125822790-125849639-125839152
hpp,CUDA,simple,standard,standard,,16384,16384,128,1,1,0,0,32,16,42,0,0,0,685.338701,19.945981,0.000000,true,125847729-125811488-125814036-125844785-125826792-125858812-125820686-125834841-125841914-125852115-125836386-125823329-125843961-125822790-125849639-125839152
hpp,CUDA,simple,bit_array,bit_array,,16384,16384,128,1,1,0,0,32,16,42,32,0,0,583.838339,16.991932,0.000000,true,125847729-125811488-125814036-125844785-125826792-125858812-125820686-125834841-125841914-125852115-125836386-125823329-125843961-125822790-125849639-125839152
hpp,CUDA,simple,bit_planes,bit_planes,,16384,16384,128,1,1,0,0,32,16,42,32,0,0,20.519511,0.597196,0.000000,true,125847729-125811488-125814036-125844785-125826792-125858812-125820686-125834841-125841914-125852115-125836386-125823329-125843961-125822790-125849639-125839152
hpp,CUDA,simple,tiled_bit_planes,tiled_bit_planes,,16384,16384,128,1,1,0,0,32,16,42,32,0,0,21.972616,0.639487,0.000000,true,125847729-125811488-125814036-125844785-125826792-125858812-125820686-125834841-125841914-125852115-125836386-125823329-125843961-125822790-125849639-125839152
hpp,CUDA,temporal,bit_planes,bit_planes,,16320,16436,128,1,1,0,0,32,16,42,32,2,32,11.278789,0.328501,0.000000,true,125688291-125778840-125743589-125700234-125736016-125744574-125760705-125725303-125760337-125726666-125732246-125740351-125735356-125714751-125744214-125740021
hpp,CUDA,temporal,tiled_bit_planes,tiled_bit_planes,,16320,16440,128,1,1,0,0,32,16,42,32,2,32,12.218932,0.355796,0.000000,true,125722040-125803876-125774584-125731343-125766868-125775248-125791135-125755234-125790876-125757691-125762466-125771911-125767428-125744525-125774713-125771665
hpp,CUDA,temporal,bit_planes,bit_planes,,16320,16432,126,1,1,0,0,32,16,42,32,3,32,7.534609,0.222987,0.000000,true,125671952-125731548-125682544-125694587-125716820-125723394-125717849-125690449-125727550-125677476-125721773-125724654-125716848-125712065-125725650-125710949
hpp,CUDA,temporal,tiled_bit_planes,tiled_bit_planes,,16320,16440,126,1,1,0,0,32,16,42,32,3,32,7.478463,0.221218,0.000000,true,125735579-125794187-125741499-125755671-125778171-125784593-125779794-125751074-125788519-125739362-125781780-125787425-125781145-125770169-125784320-125773016
hpp,CUDA,temporal,bit_planes,bit_planes,,16320,16440,128,1,1,0,0,32,16,42,32,4,32,6.092330,0.177399,0.000000,true,125722040-125803876-125774584-125731343-125766868-125775248-125791135-125755234-125790876-125757691-125762466-125771911-125767428-125744525-125774713-125771665
hpp,CUDA,temporal,tiled_bit_planes,tiled_bit_planes,,16320,16440,128,1,1,0,0,32,16,42,32,4,32,7.002939,0.203915,0.000000,true,125722040-125803876-125774584-125731343-125766868-125775248-125791135-125755234-125790876-125757691-125762466-125771911-125767428-125744525-125774713-125771665
hpp,CUDA,temporal,bit_planes,bit_planes,,16320,16434,125,1,1,0,0,32,16,42,32,5,32,6.723632,0.200554,0.000000,true,125704826-125743790-125725242-125733664-125726922-125746873-125757821-125735106-125747110-125709720-125721302-125747450-125683927-125678394-125666860-125677933
hpp,CUDA,temporal,tiled_bit_planes,tiled_bit_planes,,16320,16352,125,1,1,0,0,32,16,42,32,5,32,6.408602,0.192115,0.000000,true,125061343-125099166-125080103-125089437-125083443-125103618-125116677-125097872-125106717-125068325-125078184-125101767-125099605-125092528-125090019-125096764
hpp,CUDA,temporal,bit_planes,bit_planes,,16320,16440,126,1,1,0,0,32,16,42,32,6,32,6.803835,0.201262,0.000000,true,125735579-125794187-125741499-125755671-125778171-125784593-125779794-125751074-125788519-125739362-125781780-125787425-125781145-125770169-125784320-125773016
hpp,CUDA,temporal,tiled_bit_planes,tiled_bit_planes,,16320,16352,126,1,1,0,0,32,16,42,32,6,32,6.095565,0.181281,0.000000,true,125058341-125119899-125068369-125078303-125105262-125109878-125107434-125082559-125115310-125068630-125112458-125110219-125104119-125099705-125114318-125102735
hpp,CUDA,temporal,bit_planes,bit_planes,,16320,16434,126,1,1,0,0,32,16,42,32,7,32,7.112065,0.210456,0.000000,true,125703253-125767620-125712008-125723346-125747283-125754206-125749387-125720603-125757547-125708361-125751318-125755511-125689379-125680947-125694555-125681148
hpp,CUDA,temporal,tiled_bit_planes,tiled_bit_planes,,16320,16352,126,1,1,0,0,32,16,42,32,7,32,5.846315,0.173868,0.000000,true,125058341-125119899-125068369-125078303-125105262-125109878-125107434-125082559-125115310-125068630-125112458-125110219-125104119-125099705-125114318-125102735
hpp,CUDA,temporal,bit_planes,bit_planes,,16320,16448,128,1,1,0,0,32,16,42,32,8,32,7.788217,0.226670,0.000000,true,125780261-125870711-125835127-125790307-125828984-125835069-125852108-125816461-125851004-125819999-125823499-125834115-125827351-125802746-125836167-125830352
hpp,CUDA,temporal,tiled_bit_planes,tiled_bit_planes,,16320,16352,128,1,1,0,0,32,16,42,32,8,32,5.746503,0.168230,0.000000,true,125043078-125131860-125098234-125057030-125091893-125102086-125119819-125086385-125121963-125086045-125090320-125094419-125088902-125066103-125104371-125091376
hpp,CUDA,temporal,bit_planes,bit_planes,,16320,16436,126,1,1,0,0,32,16,42,32,9,32,8.445208,0.249875,0.000000,true,125704091-125761758-125711777-125725872-125747283-125754206-125749387-125720603-125757547-125708361-125751318-125755511-125749408-125741449-125757094-125743626
hpp,CUDA,temporal,tiled_bit_planes,tiled_bit_planes,,16352,16328,126,1,1,0,0,32,16,42,32,9,32,6.005949,0.178528,0.000000,true,125152771-125142974-125136637-125133334-125172193-125176914-125142116-125174689-125188005-125152286-125143309-125150541-125163678-125169209-125176863-125136654
hpp,CUDA,temporal,bit_planes,bit_planes,,16320,16440,120,1,1,0,0,32,16,42,32,10,32,9.114359,0.283089,0.000000,true,125732145-125782238-125773788-125746269-125751853-125776928-125789572-125755251-125799164-125756032-125755190-125776941-125751797-125769954-125758990-125776734
hpp,CUDA,temporal,tiled_bit_planes,tiled_bit_planes,,16352,16328,120,1,1,0,0,32,16,42,32,10,32,5.603285,0.174887,0.000000,true,125149298-125142759-125164562-125146476-125167046-125163842-125152991-125157149-125172793-125158817-125165895-125158557-125156800-125171012-125176659-125130854
hpp,CUDA,temporal,bit_planes,bit_planes,,16320,16448,120,1,1,0,0,32,16,42,32,12,32,13.063290,0.405544,0.000000,true,125794942-125837608-125840130-125806963-125813053-125837101-125850244-125817011-125860088-125817282-125815761-125839141-125812746-125833085-125820103-125840011
hpp,CUDA,temporal,tiled_bit_planes,tiled_bit_planes,,16352,16328,120,1,1,0,0,32,16,42,32,12,32,5.436631,0.169686,0.000000,true,125149298-125142759-125164562-125146476-125167046-125163842-125152991-125157149-125172793-125158817-125165895-125158557-125156800-125171012-125176659-125130854
hpp,CUDA,temporal,bit_planes,bit_planes,,16320,16448,126,1,1,0,0,32,16,42,32,14,32,26.528733,0.784355,0.000000,true,125797891-125858553-125805830-125816412-125840530-125844684-125840131-125812480-125848552-125801558-125842946-125848292-125843432-125832464-125845814-125835179
hpp,CUDA,temporal,tiled_bit_planes,tiled_bit_planes,,16352,16416,126,1,1,0,0,32,16,42,32,14,32,6.046370,0.178766,0.000000,true,125827795-125816682-125811733-125811133-125848522-125852084-125814620-125848613-125861111-125826495-125817382-125820895-125836718-125847014-125854484-125815231
hpp,CUDA,temporal,tiled_bit_planes,tiled_bit_planes,,16352,16416,128,1,1,0,0,32,16,42,32,16,32,6.050266,0.176087,0.000000,true,125824798-125820125-125838742-125800234-125839451-125860689-125795040-125833610-125846173-125834142-125834467-125830189-125811558-125834254-125846908-125821270
hpp,CUDA,temporal,tiled_bit_planes,tiled_bit_planes,,16224,16544,126,1,1,0,0,32,16,42,32,18,32,6.856536,0.202738,0.000000,true,125779756-125817984-125818882-125818256-125828773-125861549-125849680-125795234-125814382-125844719-125818198-125824288-125795083-125825946-125794866-125834746
hpp,CUDA,temporal,tiled_bit_planes,tiled_bit_planes,,16224,16544,120,1,1,0,0,32,16,42,32,20,32,6.473812,0.200993,0.000000,true,125790824-125814713-125800437-125805352-125812541-125864417-125836024-125787538-125819278-125842214-125814869-125816482-125805064-125838418-125807380-125849988
hpp,CUDA,temporal,tiled_bit_planes,tiled_bit_planes,,16224,16480,110,1,1,0,0,32,16,42,32,22,32,6.457046,0.219546,0.000000,true,125298794-125327367-125307315-125319961-125325733-125372693-125341181-125312703-125328235-125348422-125317745-125330001-125326823-125337302-125336611-125343502
hpp,CUDA,temporal,tiled_bit_planes,tiled_bit_planes,,16224,16480,120,1,1,0,0,32,16,42,32,24,32,6.989308,0.217840,0.000000,true,125307215-125327717-125311667-125322342-125325815-125378269-125352524-125300515-125331495-125356146-125327770-125329983-125321802-125345545-125317833-125361184
hpp,CUDA,simple,bit_array,bit_array,,16384,16384,128,1,1,0,0,32,16,42,64,0,0,824.416894,23.993690,0.000000,true,125847729-125811488-125814036-125844785-125826792-125858812-125820686-125834841-125841914-125852115-125836386-125823329-125843961-125822790-125849639-125839152
hpp,CUDA,simple,bit_planes,bit_planes,,16384,16384,128,1,1,0,0,32,16,42,64,0,0,19.625226,0.571169,0.000000,true,125847729-125811488-125814036-125844785-125826792-125858812-125820686-125834841-125841914-125852115-125836386-125823329-125843961-125822790-125849639-125839152
hpp,CUDA,simple,tiled_bit_planes,tiled_bit_planes,,16384,16384,128,1,1,0,0,32,16,42,64,0,0,20.068763,0.584078,0.000000,true,125847729-125811488-125814036-125844785-125826792-125858812-125820686-125834841-125841914-125852115-125836386-125823329-125843961-125822790-125849639-125839152
hpp,CUDA,temporal,bit_planes,bit_planes,,15360,17472,128,1,1,0,0,32,16,42,64,2,16,10.869455,0.316420,0.000000,true,125769140-125762484-125822185-125795938-125814939-125812923-125786558-125808753-125824639-125803662-125769695-125804631-125839956-125809301-125795210-125814170
hpp,CUDA,temporal,tiled_bit_planes,tiled_bit_planes,,16320,16352,128,1,1,0,0,32,16,42,64,2,16,10.651863,0.311835,0.000000,true,125043078-125131860-125098234-125057030-125091893-125102086-125119819-125086385-125121963-125086045-125090320-125094419-125088902-125066103-125104371-125091376
hpp,CUDA,temporal,bit_planes,bit_planes,,15360,17470,126,1,1,0,0,32,16,42,64,3,16,7.393955,0.218687,0.000000,true,125769082-125793107-125799000-125794131-125807922-125805986-125792949-125825082-125796351-125808234-125789497-125806229-125775937-125728260-125753760-125742363
hpp,CUDA,temporal,tiled_bit_planes,tiled_bit_planes,,16320,16352,126,1,1,0,0,32,16,42,64,3,16,7.109681,0.211441,0.000000,true,125058341-125119899-125068369-125078303-125105262-125109878-125107434-125082559-125115310-125068630-125112458-125110219-125104119-125099705-125114318-125102735
hpp,CUDA,temporal,bit_planes,bit_planes,,15360,17472,128,1,1,0,0,32,16,42,64,4,16,6.423726,0.187001,0.000000,true,125769140-125762484-125822185-125795938-125814939-125812923-125786558-125808753-125824639-125803662-125769695-125804631-125839956-125809301-125795210-125814170
hpp,CUDA,temporal,tiled_bit_planes,tiled_bit_planes,,16320,16352,128,1,1,0,0,32,16,42,64,4,16,5.576905,0.163265,0.000000,true,125043078-125131860-125098234-125057030-125091893-125102086-125119819-125086385-125121963-125086045-125090320-125094419-125088902-125066103-125104371-125091376
hpp,CUDA,temporal,bit_planes,bit_planes,,15360,17472,125,1,1,0,0,32,16,42,64,5,16,6.645293,0.198094,0.000000,true,125758205-125792045-125811217-125798161-125828447-125811493-125776879-125804103-125800255-125807114-125782811-125815711-125825655-125791744-125800252-125807034
hpp,CUDA,temporal,tiled_bit_planes,tiled_bit_planes,,16320,16352,125,1,1,0,0,32,16,42,64,5,16,4.486181,0.134486,0.000000,true,125061343-125099166-125080103-125089437-125083443-125103618-125116677-125097872-125106717-125068325-125078184-125101767-125099605-125092528-125090019-125096764
hpp,CUDA,temporal,bit_planes,bit_planes,,15360,17476,126,1,1,0,0,32,16,42,64,6,16,9.121679,0.269694,0.000000,true,125794740-125820835-125827928-125821839-125837436-125835089-125821779-125853451-125824111-125837423-125818642-125834443-125862403-125814826-125840901-125826881
hpp,CUDA,temporal,tiled_bit_planes,tiled_bit_planes,,16320,16352,126,1,1,0,0,32,16,42,64,6,16,4.050677,0.120466,0.000000,true,125058341-125119899-125068369-125078303-125105262-125109878-125107434-125082559-125115310-125068630-125112458-125110219-125104119-125099705-125114318-125102735
hpp,CUDA,temporal,bit_planes,bit_planes,,15360,17476,126,1,1,0,0,32,16,42,64,7,16,17.196203,0.508427,0.000000,true,125794740-125820835-125827928-125821839-125837436-125835089-125821779-125853451-125824111-125837423-125818642-125834443-125862403-125814826-125840901-125826881
hpp,CUDA,temporal,tiled_bit_planes,tiled_bit_planes,,16320,16352,126,1,1,0,0,32,16,42,64,7,16,3.776439,0.112311,0.000000,true,125058341-125119899-125068369-125078303-125105262-125109878-125107434-125082559-125115310-125068630-125112458-125110219-125104119-125099705-125114318-125102735
hpp,CUDA,temporal,tiled_bit_planes,tiled_bit_planes,,16320,16352,128,1,1,0,0,32,16,42,64,8,16,4.279927,0.125295,0.000000,true,125043078-125131860-125098234-125057030-125091893-125102086-125119819-125086385-125121963-125086045-125090320-125094419-125088902-125066103-125104371-125091376
hpp,CUDA,temporal,tiled_bit_planes,tiled_bit_planes,,16352,16416,126,1,1,0,0,32,16,42,64,9,16,4.976880,0.147146,0.000000,true,125827795-125816682-125811733-125811133-125848522-125852084-125814620-125848613-125861111-125826495-125817382-125820895-125836718-125847014-125854484-125815231
hpp,CUDA,temporal,tiled_bit_planes,tiled_bit_planes,,16352,16416,120,1,1,0,0,32,16,42,64,10,16,4.843786,0.150371,0.000000,true,125824159-125816341-125843075-125821169-125842452-125843296-125826057-125832803-125847621-125831231-125839018-125831777-125836370-125846391-125856434-125810469
hpp,CUDA,temporal,tiled_bit_planes,tiled_bit_planes,,16352,16416,120,1,1,0,0,32,16,42,64,12,16,4.535867,0.140812,0.000000,true,125824159-125816341-125843075-125821169-125842452-125843296-125826057-125832803-125847621-125831231-125839018-125831777-125836370-125846391-125856434-125810469
hpp,CUDA,temporal,tiled_bit_planes,tiled_bit_planes,,16352,16416,126,1,1,0,0,32,16,42,64,14,16,4.887473,0.144503,0.000000,true,125827795-125816682-125811733-125811133-125848522-125852084-125814620-125848613-125861111-125826495-125817382-125820895-125836718-125847014-125854484-125815231
hpp,CUDA,temporal,tiled_bit_planes,tiled_bit_planes,,16352,16416,128,1,1,0,0,32,16,42,64,16,16,4.618613,0.134420,0.000000,true,125824798-125820125-125838742-125800234-125839451-125860689-125795040-125833610-125846173-125834142-125834467-125830189-125811558-125834254-125846908-125821270
hpp,CUDA,temporal,tiled_bit_planes,tiled_bit_planes,,16224,16480,126,1,1,0,0,32,16,42,64,18,16,6.188487,0.183696,0.000000,true,125291876-125331646-125325660-125331877-125340827-125375713-125364977-125309049-125328231-125357348-125329808-125334700-125309327-125335690-125316523-125351985
hpp,CUDA,temporal,tiled_bit_planes,tiled_bit_planes,,16224,16480,120,1,1,0,0,32,16,42,64,20,16,5.417230,0.168842,0.000000,true,125307215-125327717-125311667-125322342-125325815-125378269-125352524-125300515-125331495-125356146-125327770-125329983-125321802-125345545-125317833-125361184
hpp,CUDA,temporal,tiled_bit_planes,tiled_bit_planes,,16224,16480,110,1,1,0,0,32,16,42,64,22,16,5.229064,0.177794,0.000000,true,125298794-125327367-125307315-125319961-125325733-125372693-125341181-125312703-125328235-125348422-125317745-125330001-125326823-125337302-125336611-125343502
hpp,CUDA,temporal,tiled_bit_planes,tiled_bit_planes,,16224,16480,120,1,1,0,0,32,16,42,64,24,16,5.275645,0.164429,0.000000,true,125307215-125327717-125311667-125322342-125325815-125378269-125352524-125300515-125331495-125356146-125327770-125329983-125321802-125345545-125317833-125361184
hpp,CUDA,,,,baseline,16384,16384,128,1,1,0,0,32,32,42,0,0,0,414.584310,12.065991,0.000000,true,125847729-125811488-125814036-125844785-125826792-125858812-125820686-125834841-125841914-125852115-125836386-125823329-125843961-125822790-125849639-125839152
hpp,CUDA,simple,standard,standard,,16384,16384,128,1,1,0,0,32,32,42,0,0,0,760.705992,22.139458,0.000000,true,125847729-125811488-125814036-125844785-125826792-125858812-125820686-125834841-125841914-125852115-125836386-125823329-125843961-125822790-125849639-125839152
hpp,CUDA,simple,bit_array,bit_array,,16384,16384,128,1,1,0,0,32,32,42,32,0,0,602.154987,17.525017,0.000000,true,125847729-125811488-125814036-125844785-125826792-125858812-125820686-125834841-125841914-125852115-125836386-125823329-125843961-125822790-125849639-125839152
hpp,CUDA,simple,bit_planes,bit_planes,,16384,16384,128,1,1,0,0,32,32,42,32,0,0,21.414996,0.623258,0.000000,true,125847729-125811488-125814036-125844785-125826792-125858812-125820686-125834841-125841914-125852115-125836386-125823329-125843961-125822790-125849639-125839152
hpp,CUDA,simple,tiled_bit_planes,tiled_bit_planes,,16384,16384,128,1,1,0,0,32,32,42,32,0,0,22.575915,0.657046,0.000000,true,125847729-125811488-125814036-125844785-125826792-125858812-125820686-125834841-125841914-125852115-125836386-125823329-125843961-125822790-125849639-125839152
hpp,CUDA,simple,bit_planes,bit_planes,,16384,16384,128,1,1,0,0,32,32,42,64,0,0,19.643403,0.571698,0.000000,true,125847729-125811488-125814036-125844785-125826792-125858812-125820686-125834841-125841914-125852115-125836386-125823329-125843961-125822790-125849639-125839152
hpp,CUDA,simple,tiled_bit_planes,tiled_bit_planes,,16384,16384,128,1,1,0,0,32,32,42,64,0,0,22.239321,0.647249,0.000000,true,125847729-125811488-125814036-125844785-125826792-125858812-125820686-125834841-125841914-125852115-125836386-125823329-125843961-125822790-125849639-125839152
critters,CUDA,,,,baseline,16384,16384,128,1,1,0,0,32,2,42,0,0,0,498.664875,14.513058,0.000000,true,8392881-8387389-8387874-8390474-8390098-8390030-8387068-8388061-8389932-8388613-8390116-8389035-8388916-8389121-8388234-8389342
critters,CUDA,simple,standard,standard,,16384,16384,128,1,1,0,0,32,2,42,0,0,0,731.065364,21.276802,0.000000,true,8392881-8387389-8387874-8390474-8390098-8390030-8387068-8388061-8389932-8388613-8390116-8389035-8388916-8389121-8388234-8389342
critters,CUDA,simple,bit_array,bit_array,,16384,16384,128,1,1,0,0,32,2,42,32,0,0,1206.478054,35.113133,0.000000,true,8392881-8387389-8387874-8390474-8390098-8390030-8387068-8388061-8389932-8388613-8390116-8389035-8388916-8389121-8388234-8389342
critters,CUDA,simple,bit_planes,bit_planes,,16384,16384,128,1,1,0,0,32,2,42,32,0,0,21.698646,0.631514,0.000000,true,8392881-8387389-8387874-8390474-8390098-8390030-8387068-8388061-8389932-8388613-8390116-8389035-8388916-8389121-8388234-8389342
critters,CUDA,simple,tiled_bit_planes,tiled_bit_planes,,16384,16384,128,1,1,0,0,32,2,42,32,0,0,27.523929,0.801052,0.000000,true,8392881-8387389-8387874-8390474-8390098-8390030-8387068-8388061-8389932-8388613-8390116-8389035-8388916-8389121-8388234-8389342
critters,CUDA,temporal,bit_planes,bit_planes,,16320,16368,128,1,1,0,0,32,2,42,32,2,128,21.100815,0.617125,0.000000,true,8346379-8354045-8346428-8346981-8346322-8350040-8349370-8346204-8348357-8346661-8349928-8348778-8348556-8346795-8346341-8350623
critters,CUDA,temporal,tiled_bit_planes,tiled_bit_planes,,16320,16128,128,1,1,0,0,32,2,42,32,2,128,20.850774,0.618887,0.000000,true,8224136-8231827-8224031-8224615-8224316-8227053-8227136-8223424-8225662-8223980-8227435-8227756-8225436-8224947-8224603-8226761
critters,CUDA,temporal,bit_planes,bit_planes,,16320,16348,126,1,1,0,0,32,2,42,32,3,128,17.349255,0.516090,0.000000,true,8335993-8344153-8336406-8336939-8336577-8338997-8339380-8335654-8338397-8336336-8339663-8339028-8338604-8336164-8336483-8339780
critters,CUDA,temporal,tiled_bit_planes,tiled_bit_planes,,16320,16128,126,1,1,0,0,32,2,42,32,3,128,18.010051,0.543055,0.000000,true,8224088-8231834-8224200-8224632-8224295-8226907-8227144-8223338-8225734-8223929-8227545-8227837-8225441-8224898-8224513-8226783
critters,CUDA,temporal,bit_planes,bit_planes,,16320,16440,128,1,1,0,0,32,2,42,32,4,128,19.273018,0.561200,0.000000,true,8383167-8390955-8383315-8384025-8382968-8386510-8386256-8382721-8385242-8383724-8386065-8385616-8385204-8383266-8383290-8387500
critters,CUDA,temporal,tiled_bit_planes,tiled_bit_planes,,16320,16128,128,1,1,0,0,32,2,42,32,4,128,17.095698,0.507430,0.000000,true,8224136-8231827-8224031-8224615-8224316-8227053-8227136-8223424-8225662-8223980-8227435-8227756-8225436-8224947-8224603-8226761
critters,CUDA,temporal,bit_planes,bit_planes,,16320,16402,125,1,1,0,0,32,2,42,32,5,128,17.906724,0.535167,0.000000,true,8367251-8359491-8367090-8366470-8367276-8364576-8364144-8367706-8364845-8367077-8363977-8364799-8360892-8363072-8363360-8359225
critters,CUDA,temporal,tiled_bit_planes,tiled_bit_planes,,16320,16368,125,1,1,0,0,32,2,42,32,5,128,16.061571,0.481019,0.000000,true,8349026-8341418-8348743-8348340-8348996-8345384-8346023-8349347-8346897-8348857-8345289-8346509-8346859-8348553-8349044-8344667
critters,CUDA,temporal,bit_planes,bit_planes,,16320,16356,126,1,1,0,0,32,2,42,32,6,128,17.594248,0.523122,0.000000,true,8339913-8348002-8340576-8341120-8340230-8343860-8343361-8339909-8342209-8340370-8343828-8342784-8342765-8340520-8340364-8344217
critters,CUDA,temporal,tiled_bit_planes,tiled_bit_planes,,16320,16368,126,1,1,0,0,32,2,42,32,6,128,15.884030,0.471927,0.000000,true,8346368-8354005-8346461-8347051-8346380-8349964-8349427-8346116-8348436-8346583-8349963-8348771-8348482-8346684-8346457-8350660
critters,CUDA,temporal,bit_planes,bit_planes,,16320,16416,126,1,1,0,0,32,2,42,32,7,128,17.197624,0.509460,0.000000,true,8370821-8378988-8371372-8371623-8370809-8373595-8374215-8370402-8373412-8371082-8374052-8373450-8373394-8370884-8370636-8374975
critters,CUDA,temporal,tiled_bit_planes,tiled_bit_planes,,16320,16368,126,1,1,0,0,32,2,42,32,7,128,15.645787,0.464848,0.000000,true,8346368-8354005-8346461-8347051-8346380-8349964-8349427-8346116-8348436-8346583-8349963-8348771-8348482-8346684-8346457-8350660
critters,CUDA,temporal,bit_planes,bit_planes,,16320,16352,128,1,1,0,0,32,2,42,32,8,128,17.300270,0.506468,0.000000,true,8338114-8345857-8338619-8338962-8338051-8342001-8341157-8337905-8340188-8338327-8341675-8340771-8340485-8338629-8338291-8342183
critters,CUDA,temporal,tiled_bit_planes,tiled_bit_planes,,16320,16368,128,1,1,0,0,32,2,42,32,8,128,15.712138,0.459525,0.000000,true,8346379-8354045-8346428-8346981-8346322-8350040-8349370-8346204-8348357-8346661-8349928-8348778-8348556-8346795-8346341-8350623
critters,CUDA,temporal,bit_planes,bit_planes,,16320,16390,126,1,1,0,0,32,2,42,32,9,128,18.171789,0.539173,0.000000,true,8358483-8366494-8358835-8359353-8358749-8361411-8361926-8358233-8360992-8358785-8362103-8361268-8357097-8354562-8354340-8358661
critters,CUDA,temporal,tiled_bit_planes,tiled_bit_planes,,16352,16104,126,1,1,0,0,32,2,42,32,9,128,17.290946,0.521127,0.000000,true,8229305-8230668-8229802-8230500-8229196-8230390-8229719-8227960-8233314-8229319-8227740-8230147-8227793-8227799-8232537-8228591
critters,CUDA,temporal,bit_planes,bit_planes,,16320,16416,120,1,1,0,0,32,2,42,32,10,128,17.151623,0.533503,0.000000,true,8370720-8378722-8370990-8371371-8370730-8374244-8374136-8370426-8373040-8371241-8374099-8373501-8373123-8371207-8370819-8375341
critters,CUDA,temporal,tiled_bit_planes,tiled_bit_planes,,16352,16104,120,1,1,0,0,32,2,42,32,10,128,16.346516,0.517296,0.000000,true,8229356-8230877-8229752-8230476-8229076-8230205-8229846-8227912-8233539-8229197-8227798-8230017-8227685-8227963-8232593-8228488
critters,CUDA,temporal,bit_planes,bit_planes,,16320,16432,120,1,1,0,0,32,2,42,32,12,128,16.961833,0.527085,0.000000,true,8379014-8386621-8379586-8379838-8378927-8382377-8382263-8378468-8381318-8379428-8382119-8381573-8381202-8379428-8378863-8383583
critters,CUDA,temporal,tiled_bit_planes,tiled_bit_planes,,16352,16104,120,1,1,0,0,32,2,42,32,12,128,16.163426,0.511502,0.000000,true,8229356-8230877-8229752-8230476-8229076-8230205-8229846-8227912-8233539-8229197-8227798-8230017-8227685-8227963-8232593-8228488
critters,CUDA,temporal,bit_planes,bit_planes,,16320,16400,126,1,1,0,0,32,2,42,32,14,128,19.040914,0.564616,0.000000,true,8362685-8370434-8362836-8363317-8362585-8366079-8365752-8362422-8364837-8363300-8366122-8365420-8364850-8362737-8362751-8366890
critters,CUDA,temporal,tiled_bit_planes,tiled_bit_planes,,16352,16320,126,1,1,0,0,32,2,42,32,14,128,16.958559,0.504345,0.000000,true,8339619-8340967-8340142-8340555-8339699-8340520-8339920-8338324-8342371-8340259-8338112-8340694-8339648-8338432-8343039-8338914
critters,CUDA,temporal,bit_planes,bit_planes,,16320,16416,128,1,1,0,0,32,2,42,32,16,128,19.258416,0.561595,0.000000,true,8370797-8378766-8371087-8371325-8370611-8374266-8373877-8370605-8373047-8371510-8374214-8373552-8373111-8371125-8370686-8375131
critters,CUDA,temporal,tiled_bit_planes,tiled_bit_planes,,16352,16320,128,1,1,0,0,32,2,42,32,16,128,17.092453,0.500384,0.000000,true,8339568-8340920-8340173-8340689-8339853-8340471-8339958-8338242-8342326-8340232-8338048-8340668-8339651-8338443-8343141-8338832
critters,CUDA,temporal,bit_planes,bit_planes,,16320,16376,126,1,1,0,0,32,2,42,32,18,128,20.076584,0.596199,0.000000,true,8350312-8358141-8350946-8351314-8350453-8354005-8353527-8350253-8352530-8350729-8353922-8352953-8352691-8350699-8350326-8354366
critters,CUDA,temporal,tiled_bit_planes,tiled_bit_planes,,16224,16520,126,1,1,0,0,32,2,42,32,18,128,18.212240,0.539293,0.000000,true,8375541-8376586-8376053-8378226-8376568-8377812-8375052-8373810-8375439-8378642-8375490-8375767-8379108-8373553-8374127-8377640
critters,CUDA,temporal,bit_planes,bit_planes,,16320,16368,120,1,1,0,0,32,2,42,32,20,128,19.165264,0.597885,0.000000,true,8346222-8353998-8346658-8346994-8346496-8350026-8349420-8346022-8348450-8346425-8349952-8348840-8348478-8346843-8346224-8350760
critters,CUDA,temporal,tiled_bit_planes,tiled_bit_planes,,16224,16520,120,1,1,0,0,32,2,42,32,20,128,17.275973,0.537147,0.000000,true,8375540-8376731-8375993-8378159-8376583-8377776-8375140-8373736-8375505-8378411-8375711-8375801-8378893-8373614-8374240-8377581
critters,CUDA,temporal,bit_planes,bit_planes,,16320,16380,110,1,1,0,0,32,2,42,32,22,128,18.603908,0.632670,0.000000,true,8352427-8360040-8353033-8353244-8352503-8356139-8355416-8352131-8354806-8352461-8356218-8355151-8354427-8352826-8352271-8356730
critters,CUDA,temporal,tiled_bit_planes,tiled_bit_planes,,16224,16240,110,1,1,0,0,32,2,42,32,22,128,15.793302,0.544924,0.000000,true,8233779-8234393-8233749-8236453-8234345-8236295-8232962-8231552-8233159-8236991-8234397-8233823-8237604-8231015-8231635-8234857
critters,CUDA,temporal,bit_planes,bit_planes,,16320,16400,120,1,1,0,0,32,2,42,32,24,128,21.554997,0.671124,0.000000,true,8362579-8370488-8362964-8363351-8362580-8366075-8365914-8362344-8365104-8363214-8366016-8365389-8364658-8362837-8362523-8366981
critters,CUDA,temporal,tiled_bit_planes,tiled_bit_planes,,16224,16240,120,1,1,0,0,32,2,42,32,24,128,17.131663,0.541844,0.000000,true,8233711-8234532-8233651-8236608-8234492-8236327-8233044-8231336-8233157-8236991-8234181-8234059-8237226-8231003-8231706-8234985
critters,CUDA,simple,bit_array,bit_array,,16384,16384,128,1,1,0,0,32,2,42,64,0,0,1393.548423,40.557597,0.000000,true,8392881-8387389-8387874-8390474-8390098-8390030-8387068-8388061-8389932-8388613-8390116-8389035-8388916-8389121-8388234-8389342
critters,CUDA,simple,bit_planes,bit_planes,,16384,16384,128,1,1,0,0,32,2,42,64,0,0,13.003227,0.378444,0.000000,true,8392881-8387389-8387874-8390474-8390098-8390030-8387068-8388061-8389932-8388613-8390116-8389035-8388916-8389121-8388234-8389342
critters,CUDA,simple,tiled_bit_planes,tiled_bit_planes,,16384,16384,128,1,1,0,0,32,2,42,64,0,0,17.347672,0.504884,0.000000,true,8392881-8387389-8387874-8390474-8390098-8390030-8387068-8388061-8389932-8388613-8390116-8389035-8388916-8389121-8388234-8389342
critters,CUDA,temporal,bit_planes,bit_planes,,15360,17460,128,1,1,0,0,32,2,42,64,2,64,13.086074,0.381210,0.000000,true,8379584-8380787-8383156-8383802-8380484-8380928-8381093-8381251-8381725-8382661-8379946-8381905-8384638-8377184-8380977-8382238
critters,CUDA,temporal,tiled_bit_planes,tiled_bit_planes,,16320,16368,128,1,1,0,0,32,2,42,64,2,64,14.859889,0.434600,0.000000,true,8346379-8354045-8346428-8346981-8346322-8350040-8349370-8346204-8348357-8346661-8349928-8348778-8348556-8346795-8346341-8350623
critters,CUDA,temporal,bit_planes,bit_planes,,15360,17458,126,1,1,0,0,32,2,42,64,3,64,10.967333,0.324597,0.000000,true,8379751-8380775-8383288-8384096-8380880-8380890-8380904-8380961-8381810-8382773-8380015-8381838-8380158-8373307-8376662-8378891
critters,CUDA,temporal,tiled_bit_planes,tiled_bit_planes,,16320,16368,126,1,1,0,0,32,2,42,64,3,64,13.513135,0.401485,0.000000,true,8346368-8354005-8346461-8347051-8346380-8349964-8349427-8346116-8348436-8346583-8349963-8348771-8348482-8346684-8346457-8350660
critters,CUDA,temporal,bit_planes,bit_planes,,15360,17472,128,1,1,0,0,32,2,42,64,4,64,12.011936,0.349679,0.000000,true,8385163-8386807-8388808-8389679-8386310-8386550-8387003-8386944-8387541-8388383-8385672-8387605-8390231-8382946-8386789-8387963
critters,CUDA,temporal,tiled_bit_planes,tiled_bit_planes,,16320,16368,128,1,1,0,0,32,2,42,64,4,64,13.301613,0.389026,0.000000,true,8346379-8354045-8346428-8346981-8346322-8350040-8349370-8346204-8348357-8346661-8349928-8348778-8348556-8346795-8346341-8350623
critters,CUDA,temporal,bit_planes,bit_planes,,15360,17442,125,1,1,0,0,32,2,42,64,5,64,12.152891,0.362896,0.000000,true,8374447-8373106-8370848-8369758-8372992-8373024-8373076-8373161-8372129-8371110-8373833-8371931-8366150-8372774-8369429-8367642
critters,CUDA,temporal,tiled_bit_planes,tiled_bit_planes,,16320,16368,125,1,1,0,0,32,2,42,64,5,64,12.668397,0.379399,0.000000,true,8349026-8341418-8348743-8348340-8348996-8345384-8346023-8349347-8346897-8348857-8345289-8346509-8346859-8348553-8349044-8344667
critters,CUDA,temporal,bit_planes,bit_planes,,15360,17472,126,1,1,0,0,32,2,42,64,6,64,12.013678,0.355281,0.000000,true,8385228-8386705-8388768-8389820-8386265-8386568-8386980-8386993-8387480-8388339-8385686-8387686-8390098-8382936-8386865-8387977
critters,CUDA,temporal,tiled_bit_planes,tiled_bit_planes,,16320,16368,126,1,1,0,0,32,2,42,64,6,64,12.651471,0.375885,0.000000,true,8346368-8354005-8346461-8347051-8346380-8349964-8349427-8346116-8348436-8346583-8349963-8348771-8348482-8346684-8346457-8350660
critters,CUDA,temporal,bit_planes,bit_planes,,15360,17450,126,1,1,0,0,32,2,42,64,7,64,12.745274,0.377391,0.000000,true,8375855-8376768-8379522-8380325-8376965-8377091-8376972-8376994-8377975-8379087-8376214-8378114-8376324-8369450-8372666-8374851
critters,CUDA,temporal,tiled_bit_planes,tiled_bit_planes,,16320,16368,126,1,1,0,0,32,2,42,64,7,64,12.548554,0.372827,0.000000,true,8346368-8354005-8346461-8347051-8346380-8349964-8349427-8346116-8348436-8346583-8349963-8348771-8348482-8346684-8346457-8350660
critters,CUDA,temporal,bit_planes,bit_planes,,15360,17472,128,1,1,0,0,32,2,42,64,8,64,12.812807,0.372993,0.000000,true,8385163-8386807-8388808-8389679-8386310-8386550-8387003-8386944-8387541-8388383-8385672-8387605-8390231-8382946-8386789-8387963
critters,CUDA,temporal,tiled_bit_planes,tiled_bit_planes,,16320,16368,128,1,1,0,0,32,2,42,64,8,64,12.671452,0.370596,0.000000,true,8346379-8354045-8346428-8346981-8346322-8350040-8349370-8346204-8348357-8346661-8349928-8348778-8348556-8346795-8346341-8350623
critters,CUDA,temporal,bit_planes,bit_planes,,15360,17434,126,1,1,0,0,32,2,42,64,9,64,13.343466,0.395467,0.000000,true,8367995-8369317-8371684-8372810-8369361-8369357-8369237-8369430-8370317-8371461-8368503-8370277-8368414-8361669-8365350-8367154
critters,CUDA,temporal,tiled_bit_planes,tiled_bit_planes,,16352,16320,126,1,1,0,0,32,2,42,64,9,64,13.639879,0.405648,0.000000,true,8339619-8340967-8340142-8340555-8339699-8340520-8339920-8338324-8342371-8340259-8338112-8340694-8339648-8338432-8343039-8338914
critters,CUDA,temporal,bit_planes,bit_planes,,15360,17468,120,1,1,0,0,32,2,42,64,10,64,12.678643,0.393783,0.000000,true,8383147-8384875-8386841-8387687-8384335-8384768-8384923-8385151-8385577-8386482-8383917-8385589-8388291-8380988-8384913-8386172
critters,CUDA,temporal,tiled_bit_planes,tiled_bit_planes,,16352,16320,120,1,1,0,0,32,2,42,64,10,64,13.024420,0.406711,0.000000,true,8339556-8341160-8340195-8340386-8339873-8340352-8340079-8338352-8342512-8340281-8338195-8340468-8339429-8338449-8342947-8338981
critters,CUDA,temporal,bit_planes,bit_planes,,15360,17440,120,1,1,0,0,32,2,42,64,12,64,14.170548,0.440827,0.000000,true,8369701-8371232-8373673-8374177-8370898-8371391-8371267-8371812-8372202-8373079-8370787-8372194-8374510-8367773-8371072-8372662
critters,CUDA,temporal,tiled_bit_planes,tiled_bit_planes,,16352,16320,120,1,1,0,0,32,2,42,64,12,64,12.954183,0.404518,0.000000,true,8339556-8341160-8340195-8340386-8339873-8340352-8340079-8338352-8342512-8340281-8338195-8340468-8339429-8338449-8342947-8338981
critters,CUDA,temporal,bit_planes,bit_planes,,15360,17460,126,1,1,0,0,32,2,42,64,14,64,16.493360,0.488094,0.000000,true,8379552-8380763-8383048-8383848-8380488-8380816-8381203-8381283-8381713-8382537-8379922-8382030-8384513-8377309-8381026-8382308
critters,CUDA,temporal,tiled_bit_planes,tiled_bit_planes,,16352,16320,126,1,1,0,0,32,2,42,64,14,64,13.560257,0.403280,0.000000,true,8339619-8340967-8340142-8340555-8339699-8340520-8339920-8338324-8342371-8340259-8338112-8340694-8339648-8338432-8343039-8338914
critters,CUDA,temporal,bit_planes,bit_planes,,15360,17472,128,1,1,0,0,32,2,42,64,16,64,18.365704,0.534643,0.000000,true,8385163-8386807-8388808-8389679-8386310-8386550-8387003-8386944-8387541-8388383-8385672-8387605-8390231-8382946-8386789-8387963
critters,CUDA,temporal,tiled_bit_planes,tiled_bit_planes,,16352,16320,128,1,1,0,0,32,2,42,64,16,64,13.714922,0.401506,0.000000,true,8339568-8340920-8340173-8340689-8339853-8340471-8339958-8338242-8342326-8340232-8338048-8340668-8339651-8338443-8343141-8338832
critters,CUDA,temporal,bit_planes,bit_planes,,15360,17472,126,1,1,0,0,32,2,42,64,18,64,19.908506,0.588755,0.000000,true,8385228-8386705-8388768-8389820-8386265-8386568-8386980-8386993-8387480-8388339-8385686-8387686-8390098-8382936-8386865-8387977
critters,CUDA,temporal,tiled_bit_planes,tiled_bit_planes,,16224,16240,126,1,1,0,0,32,2,42,64,18,64,14.662127,0.441654,0.000000,true,8233779-8234289-8233653-8236571-8234460-8236367-8233024-8231474-8233155-8237205-8233978-8234010-8237350-8231018-8231631-8235045
critters,CUDA,temporal,bit_planes,bit_planes,,15360,17472,120,1,1,0,0,32,2,42,64,20,64,22.042330,0.684451,0.000000,true,8385149-8386788-8388828-8389638-8386315-8386732-8386912-8387113-8387504-8388449-8385776-8387493-8389992-8382773-8386852-8388080
critters,CUDA,temporal,tiled_bit_planes,tiled_bit_planes,,16224,16240,120,1,1,0,0,32,2,42,64,20,64,13.930441,0.440595,0.000000,true,8233711-8234532-8233651-8236608-8234492-8236327-8233044-8231336-8233157-8236991-8234181-8234059-8237226-8231003-8231706-8234985
critters,CUDA,temporal,bit_planes,bit_planes,,15360,17460,110,1,1,0,0,32,2,42,64,22,64,23.934446,0.811326,0.000000,true,8379671-8380725-8383112-8383933-8380612-8381119-8380990-8381258-8381754-8382591-8380034-8381753-8384348-8377224-8380958-8382277
critters,CUDA,temporal,tiled_bit_planes,tiled_bit_planes,,16224,16240,110,1,1,0,0,32,2,42,64,22,64,12.757062,0.440163,0.000000,true,8233779-8234393-8233749-8236453-8234345-8236295-8232962-8231552-8233159-8236991-8234397-8233823-8237604-8231015-8231635-8234857
critters,CUDA,temporal,bit_planes,bit_planes,,15360,17472,120,1,1,0,0,32,2,42,64,24,64,32.642554,1.013606,0.000000,true,8385149-8386788-8388828-8389638-8386315-8386732-8386912-8387113-8387504-8388449-8385776-8387493-8389992-8382773-8386852-8388080
critters,CUDA,temporal,tiled_bit_planes,tiled_bit_planes,,16224,16240,120,1,1,0,0,32,2,42,64,24,64,13.905344,0.439801,0.000000,true,8233711-8234532-8233651-8236608-8234492-8236327-8233044-8231336-8233157-8236991-8234181-8234059-8237226-8231003-8231706-8234985
critters,CUDA,,,,baseline,16384,16384,128,1,1,0,0,32,4,42,0,0,0,498.799530,14.516977,0.000000,true,8392881-8387389-8387874-8390474-8390098-8390030-8387068-8388061-8389932-8388613-8390116-8389035-8388916-8389121-8388234-8389342
critters,CUDA,simple,standard,standard,,16384,16384,128,1,1,0,0,32,4,42,0,0,0,731.416620,21.287025,0.000000,true,8392881-8387389-8387874-8390474-8390098-8390030-8387068-8388061-8389932-8388613-8390116-8389035-8388916-8389121-8388234-8389342
critters,CUDA,simple,bit_array,bit_array,,16384,16384,128,1,1,0,0,32,4,42,32,0,0,1141.266608,33.215230,0.000000,true,8392881-8387389-8387874-8390474-8390098-8390030-8387068-8388061-8389932-8388613-8390116-8389035-8388916-8389121-8388234-8389342
critters,CUDA,simple,bit_planes,bit_planes,,16384,16384,128,1,1,0,0,32,4,42,32,0,0,21.705947,0.631726,0.000000,true,8392881-8387389-8387874-8390474-8390098-8390030-8387068-8388061-8389932-8388613-8390116-8389035-8388916-8389121-8388234-8389342
critters,CUDA,simple,tiled_bit_planes,tiled_bit_planes,,16384,16384,128,1,1,0,0,32,4,42,32,0,0,26.955213,0.784500,0.000000,true,8392881-8387389-8387874-8390474-8390098-8390030-8387068-8388061-8389932-8388613-8390116-8389035-8388916-8389121-8388234-8389342
critters,CUDA,temporal,bit_planes,bit_planes,,16320,16368,128,1,1,0,0,32,4,42,32,2,128,12.475413,0.364862,0.000000,true,8346379-8354045-8346428-8346981-8346322-8350040-8349370-8346204-8348357-8346661-8349928-8348778-8348556-8346795-8346341-8350623
critters,CUDA,temporal,tiled_bit_planes,tiled_bit_planes,,16320,16128,128,1,1,0,0,32,4,42,32,2,128,16.767347,0.497684,0.000000,true,8224136-8231827-8224031-8224615-8224316-8227053-8227136-8223424-8225662-8223980-8227435-8227756-8225436-8224947-8224603-8226761
critters,CUDA,temporal,bit_planes,bit_planes,,16320,16348,126,1,1,0,0,32,4,42,32,3,128,10.788951,0.320940,0.000000,true,8335993-8344153-8336406-8336939-8336577-8338997-8339380-8335654-8338397-8336336-8339663-8339028-8338604-8336164-8336483-8339780
critters,CUDA,temporal,tiled_bit_planes,tiled_bit_planes,,16320,16128,126,1,1,0,0,32,4,42,32,3,128,15.578494,0.469736,0.000000,true,8224088-8231834-8224200-8224632-8224295-8226907-8227144-8223338-8225734-8223929-8227545-8227837-8225441-8224898-8224513-8226783
critters,CUDA,temporal,bit_planes,bit_planes,,16320,16440,128,1,1,0,0,32,4,42,32,4,128,14.901752,0.433916,0.000000,true,8383167-8390955-8383315-8384025-8382968-8386510-8386256-8382721-8385242-8383724-8386065-8385616-8385204-8383266-8383290-8387500
critters,CUDA,temporal,tiled_bit_planes,tiled_bit_planes,,16320,16128,128,1,1,0,0,32,4,42,32,4,128,15.410298,0.457404,0.000000,true,8224136-8231827-8224031-8224615-8224316-8227053-8227136-8223424-8225662-8223980-8227435-8227756-8225436-8224947-8224603-8226761
critters,CUDA,temporal,bit_planes,bit_planes,,16320,16402,125,1,1,0,0,32,4,42,32,5,128,14.248516,0.425836,0.000000,true,8367251-8359491-8367090-8366470-8367276-8364576-8364144-8367706-8364845-8367077-8363977-8364799-8360892-8363072-8363360-8359225
critters,CUDA,temporal,tiled_bit_planes,tiled_bit_planes,,16320,16368,125,1,1,0,0,32,4,42,32,5,128,14.721567,0.440888,0.000000,true,8349026-8341418-8348743-8348340-8348996-8345384-8346023-8349347-8346897-8348857-8345289-8346509-8346859-8348553-8349044-8344667
critters,CUDA,temporal,bit_planes,bit_planes,,16320,16356,126,1,1,0,0,32,4,42,32,6,128,14.852598,0.441606,0.000000,true,8339913-8348002-8340576-8341120-8340230-8343860-8343361-8339909-8342209-8340370-8343828-8342784-8342765-8340520-8340364-8344217
critters,CUDA,temporal,tiled_bit_planes,tiled_bit_planes,,16320,16368,126,1,1,0,0,32,4,42,32,6,128,14.738874,0.437903,0.000000,true,8346368-8354005-8346461-8347051-8346380-8349964-8349427-8346116-8348436-8346583-8349963-8348771-8348482-8346684-8346457-8350660
critters,CUDA,temporal,bit_planes,bit_planes,,16320,16416,126,1,1,0,0,32,4,42,32,7,128,14.706645,0.435668,0.000000,true,8370821-8378988-8371372-8371623-8370809-8373595-8374215-8370402-8373412-8371082-8374052-8373450-8373394-8370884-8370636-8374975
critters,CUDA,temporal,tiled_bit_planes,tiled_bit_planes,,16320,16368,126,1,1,0,0,32,4,42,32,7,128,14.625662,0.434539,0.000000,true,8346368-8354005-8346461-8347051-8346380-8349964-8349427-8346116-8348436-8346583-8349963-8348771-8348482-8346684-8346457-8350660
critters,CUDA,temporal,bit_planes,bit_planes,,16320,16352,128,1,1,0,0,32,4,42,32,8,128,14.868753,0.435285,0.000000,true,8338114-8345857-8338619-8338962-8338051-8342001-8341157-8337905-8340188-8338327-8341675-8340771-8340485-8338629-8338291-8342183
critters,CUDA,temporal,tiled_bit_planes,tiled_bit_planes,,16320,16368,128,1,1,0,0,32,4,42,32,8,128,14.772275,0.432038,0.000000,true,8346379-8354045-8346428-8346981-8346322-8350040-8349370-8346204-8348357-8346661-8349928-8348778-8348556-8346795-8346341-8350623
critters,CUDA,temporal,bit_planes,bit_planes,,16320,16390,126,1,1,0,0,32,4,42,32,9,128,15.163401,0.449911,0.000000,true,8358483-8366494-8358835-8359353-8358749-8361411-8361926-8358233-8360992-8358785-8362103-8361268-8357097-8354562-8354340-8358661
critters,CUDA,temporal,tiled_bit_planes,tiled_bit_planes,,16352,16104,126,1,1,0,0,32,4,42,32,9,128,15.884491,0.478738,0.000000,true,8229305-8230668-8229802-8230500-8229196-8230390-8229719-8227960-8233314-8229319-8227740-8230147-8227793-8227799-8232537-8228591
critters,CUDA,temporal,bit_planes,bit_planes,,16320,16416,120,1,1,0,0,32,4,42,32,10,128,14.384583,0.447434,0.000000,true,8370720-8378722-8370990-8371371-8370730-8374244-8374136-8370426-8373040-8371241-8374099-8373501-8373123-8371207-8370819-8375341
critters,CUDA,temporal,tiled_bit_planes,tiled_bit_planes,,16352,16104,120,1,1,0,0,32,4,42,32,10,128,15.072542,0.476980,0.000000,true,8229356-8230877-8229752-8230476-8229076-8230205-8229846-8227912-8233539-8229197-8227798-8230017-8227685-8227963-8232593-8228488
critters,CUDA,temporal,bit_planes,bit_planes,,16320,16432,120,1,1,0,0,32,4,42,32,12,128,14.889884,0.462700,0.000000,true,8379014-8386621-8379586-8379838-8378927-8382377-8382263-8378468-8381318-8379428-8382119-8381573-8381202-8379428-8378863-8383583
critters,CUDA,temporal,tiled_bit_planes,tiled_bit_planes,,16352,16104,120,1,1,0,0,32,4,42,32,12,128,14.989656,0.474358,0.000000,true,8229356-8230877-8229752-8230476-8229076-8230205-8229846-8227912-8233539-8229197-8227798-8230017-8227685-8227963-8232593-8228488
critters,CUDA,temporal,bit_planes,bit_planes,,16320,16400,126,1,1,0,0,32,4,42,32,14,128,16.194223,0.480204,0.000000,true,8362685-8370434-8362836-8363317-8362585-8366079-8365752-8362422-8364837-8363300-8366122-8365420-8364850-8362737-8362751-8366890
critters,CUDA,temporal,tiled_bit_planes,tiled_bit_planes,,16352,16320,126,1,1,0,0,32,4,42,32,14,128,15.726760,0.467711,0.000000,true,8339619-8340967-8340142-8340555-8339699-8340520-8339920-8338324-8342371-8340259-8338112-8340694-8339648-8338432-8343039-8338914
critters,CUDA,temporal,bit_planes,bit_planes,,16320,16416,128,1,1,0,0,32,4,42,32,16,128,17.011479,0.496072,0.000000,true,8370797-8378766-8371087-8371325-8370611-8374266-8373877-8370605-8373047-8371510-8374214-8373552-8373111-8371125-8370686-8375131
critters,CUDA,temporal,tiled_bit_planes,tiled_bit_planes,,16352,16320,128,1,1,0,0,32,4,42,32,16,128,15.912613,0.465844,0.000000,true,8339568-8340920-8340173-8340689-8339853-8340471-8339958-8338242-8342326-8340232-8338048-8340668-8339651-8338443-8343141-8338832
critters,CUDA,temporal,bit_planes,bit_planes,,16320,16376,126,1,1,0,0,32,4,42,32,18,128,17.337205,0.514850,0.000000,true,8350312-8358141-8350946-8351314-8350453-8354005-8353527-8350253-8352530-8350729-8353922-8352953-8352691-8350699-8350326-8354366
critters,CUDA,temporal,tiled_bit_planes,tiled_bit_planes,,16224,16520,126,1,1,0,0,32,4,42,32,18,128,17.110279,0.506662,0.000000,true,8375541-8376586-8376053-8378226-8376568-8377812-8375052-8373810-8375439-8378642-8375490-8375767-8379108-8373553-8374127-8377640
critters,CUDA,temporal,bit_planes,bit_planes,,16320,16368,120,1,1,0,0,32,4,42,32,20,128,17.199927,0.536574,0.000000,true,8346222-8353998-8346658-8346994-8346496-8350026-8349420-8346022-8348450-8346425-8349952-8348840-8348478-8346843-8346224-8350760
critters,CUDA,temporal,tiled_bit_planes,tiled_bit_planes,,16224,16520,120,1,1,0,0,32,4,42,32,20,128,16.345153,0.508206,0.000000,true,8375540-8376731-8375993-8378159-8376583-8377776-8375140-8373736-8375505-8378411-8375711-8375801-8378893-8373614-8374240-8377581
critters,CUDA,temporal,bit_planes,bit_planes,,16320,16380,110,1,1,0,0,32,4,42,32,22,128,16.820758,0.572030,0.000000,true,8352427-8360040-8353033-8353244-8352503-8356139-8355416-8352131-8354806-8352461-8356218-8355151-8354427-8352826-8352271-8356730
critters,CUDA,temporal,tiled_bit_planes,tiled_bit_planes,,16224,16240,110,1,1,0,0,32,4,42,32,22,128,14.961373,0.516220,0.000000,true,8233779-8234393-8233749-8236453-8234345-8236295-8232962-8231552-8233159-8236991-8234397-8233823-8237604-8231015-8231635-8234857
critters,CUDA,temporal,bit_planes,bit_planes,,16320,16400,120,1,1,0,0,32,4,42,32,24,128,18.922263,0.589153,0.000000,true,8362579-8370488-8362964-8363351-8362580-8366075-8365914-8362344-8365104-8363214-8366016-8365389-8364658-8362837-8362523-8366981
critters,CUDA,temporal,tiled_bit_planes,tiled_bit_planes,,16224,16240,120,1,1,0,0,32,4,42,32,24,128,16.259152,0.514248,0.000000,true,8233711-8234532-8233651-8236608-8234492-8236327-8233044-8231336-8233157-8236991-8234181-8234059-8237226-8231003-8231706-8234985
critters,CUDA,simple,bit_array,bit_array,,16384,16384,128,1,1,0,0,32,4,42,64,0,0,1338.722495,38.961953,0.000000,true,8392881-8387389-8387874-8390474-8390098-8390030-8387068-8388061-8389932-8388613-8390116-8389035-8388916-8389121-8388234-8389342
critters,CUDA,simple,bit_planes,bit_planes,,16384,16384,128,1,1,0,0,32,4,42,64,0,0,13.104191,0.381382,0.000000,true,8392881-8387389-8387874-8390474-8390098-8390030-8387068-8388061-8389932-8388613-8390116-8389035-8388916-8389121-8388234-8389342
critters,CUDA,simple,tiled_bit_planes,tiled_bit_planes,,16384,16384,128,1,1,0,0,32,4,42,64,0,0,17.494756,0.509164,0.000000,true,8392881-8387389-8387874-8390474-8390098-8390030-8387068-8388061-8389932-8388613-8390116-8389035-8388916-8389121-8388234-8389342
critters,CUDA,temporal,bit_planes,bit_planes,,15360,17460,128,1,1,0,0,32,4,42,64,2,64,8.616809,0.251016,0.000000,true,8379584-8380787-8383156-8383802-8380484-8380928-8381093-8381251-8381725-8382661-8379946-8381905-8384638-8377184-8380977-8382238
critters,CUDA,temporal,tiled_bit_planes,tiled_bit_planes,,16320,16368,128,1,1,0,0,32,4,42,64,2,64,13.631465,0.398673,0.000000,true,8346379-8354045-8346428-8346981-8346322-8350040-8349370-8346204-8348357-8346661-8349928-8348778-8348556-8346795-8346341-8350623
critters,CUDA,temporal,bit_planes,bit_planes,,15360,17458,126,1,1,0,0,32,4,42,64,3,64,8.134263,0.240748,0.000000,true,8379751-8380775-8383288-8384096-8380880-8380890-8380904-8380961-8381810-8382773-8380015-8381838-8380158-8373307-8376662-8378891
critters,CUDA,temporal,tiled_bit_planes,tiled_bit_planes,,16320,16368,126,1,1,0,0,32,4,42,64,3,64,12.868532,0.382334,0.000000,true,8346368-8354005-8346461-8347051-8346380-8349964-8349427-8346116-8348436-8346583-8349963-8348771-8348482-8346684-8346457-8350660
critters,CUDA,temporal,bit_planes,bit_planes,,15360,17472,128,1,1,0,0,32,4,42,64,4,64,10.216127,0.297401,0.000000,true,8385163-8386807-8388808-8389679-8386310-8386550-8387003-8386944-8387541-8388383-8385672-8387605-8390231-8382946-8386789-8387963
critters,CUDA,temporal,tiled_bit_planes,tiled_bit_planes,,16320,16368,128,1,1,0,0,32,4,42,64,4,64,12.788169,0.374009,0.000000,true,8346379-8354045-8346428-8346981-8346322-8350040-8349370-8346204-8348357-8346661-8349928-8348778-8348556-8346795-8346341-8350623
critters,CUDA,temporal,bit_planes,bit_planes,,15360,17442,125,1,1,0,0,32,4,42,64,5,64,10.127613,0.302419,0.000000,true,8374447-8373106-8370848-8369758-8372992-8373024-8373076-8373161-8372129-8371110-8373833-8371931-8366150-8372774-8369429-8367642
critters,CUDA,temporal,tiled_bit_planes,tiled_bit_planes,,16320,16368,125,1,1,0,0,32,4,42,64,5,64,12.285503,0.367932,0.000000,true,8349026-8341418-8348743-8348340-8348996-8345384-8346023-8349347-8346897-8348857-8345289-8346509-8346859-8348553-8349044-8344667
critters,CUDA,temporal,bit_planes,bit_planes,,15360,17472,126,1,1,0,0,32,4,42,64,6,64,10.549606,0.311984,0.000000,true,8385228-8386705-8388768-8389820-8386265-8386568-8386980-8386993-8387480-8388339-8385686-8387686-8390098-8382936-8386865-8387977
critters,CUDA,temporal,tiled_bit_planes,tiled_bit_planes,,16320,16368,126,1,1,0,0,32,4,42,64,6,64,12.317611,0.365966,0.000000,true,8346368-8354005-8346461-8347051-8346380-8349964-8349427-8346116-8348436-8346583-8349963-8348771-8348482-8346684-8346457-8350660
critters,CUDA,temporal,bit_planes,bit_planes,,15360,17450,126,1,1,0,0,32,4,42,64,7,64,10.851136,0.321305,0.000000,true,8375855-8376768-8379522-8380325-8376965-8377091-8376972-8376994-8377975-8379087-8376214-8378114-8376324-8369450-8372666-8374851
critters,CUDA,temporal,tiled_bit_planes,tiled_bit_planes,,16320,16368,126,1,1,0,0,32,4,42,64,7,64,12.145088,0.360840,0.000000,true,8346368-8354005-8346461-8347051-8346380-8349964-8349427-8346116-8348436-8346583-8349963-8348771-8348482-8346684-8346457-8350660
critters,CUDA,temporal,bit_planes,bit_planes,,15360,17472,128,1,1,0,0,32,4,42,64,8,64,11.310366,0.329255,0.000000,true,8385163-8386807-8388808-8389679-8386310-8386550-8387003-8386944-8387541-8388383-8385672-8387605-8390231-8382946-8386789-8387963
critters,CUDA,temporal,tiled_bit_planes,tiled_bit_planes,,16320,16368,128,1,1,0,0,32,4,42,64,8,64,12.311353,0.360064,0.000000,true,8346379-8354045-8346428-8346981-8346322-8350040-8349370-8346204-8348357-8346661-8349928-8348778-8348556-8346795-8346341-8350623
critters,CUDA,temporal,bit_planes,bit_planes,,15360,17434,126,1,1,0,0,32,4,42,64,9,64,11.484532,0.340373,0.000000,true,8367995-8369317-8371684-8372810-8369361-8369357-8369237-8369430-8370317-8371461-8368503-8370277-8368414-8361669-8365350-8367154
critters,CUDA,temporal,tiled_bit_planes,tiled_bit_planes,,16352,16320,126,1,1,0,0,32,4,42,64,9,64,13.255491,0.394216,0.000000,true,8339619-8340967-8340142-8340555-8339699-8340520-8339920-8338324-8342371-8340259-8338112-8340694-8339648-8338432-8343039-8338914
critters,CUDA,temporal,bit_planes,bit_planes,,15360,17468,120,1,1,0,0,32,4,42,64,10,64,11.309074,0.351246,0.000000,true,8383147-8384875-8386841-8387687-8384335-8384768-8384923-8385151-8385577-8386482-8383917-8385589-8388291-8380988-8384913-8386172
critters,CUDA,temporal,tiled_bit_planes,tiled_bit_planes,,16352,16320,120,1,1,0,0,32,4,42,64,10,64,12.596527,0.393349,0.000000,true,8339556-8341160-8340195-8340386-8339873-8340352-8340079-8338352-8342512-8340281-8338195-8340468-8339429-8338449-8342947-8338981
critters,CUDA,temporal,bit_planes,bit_planes,,15360,17440,120,1,1,0,0,32,4,42,64,12,64,12.390202,0.385442,0.000000,true,8369701-8371232-8373673-8374177-8370898-8371391-8371267-8371812-8372202-8373079-8370787-8372194-8374510-8367773-8371072-8372662
critters,CUDA,temporal,tiled_bit_planes,tiled_bit_planes,,16352,16320,120,1,1,0,0,32,4,42,64,12,64,12.549826,0.391891,0.000000,true,8339556-8341160-8340195-8340386-8339873-8340352-8340079-8338352-8342512-8340281-8338195-8340468-8339429-8338449-8342947-8338981
critters,CUDA,temporal,bit_planes,bit_planes,,15360,17460,126,1,1,0,0,32,4,42,64,14,64,14.573471,0.431278,0.000000,true,8379552-8380763-8383048-8383848-8380488-8380816-8381203-8381283-8381713-8382537-8379922-8382030-8384513-8377309-8381026-8382308
critters,CUDA,temporal,tiled_bit_planes,tiled_bit_planes,,16352,16320,126,1,1,0,0,32,4,42,64,14,64,13.138473,0.390736,0.000000,true,8339619-8340967-8340142-8340555-8339699-8340520-8339920-8338324-8342371-8340259-8338112-8340694-8339648-8338432-8343039-8338914
critters,CUDA,temporal,bit_planes,bit_planes,,15360,17472,128,1,1,0,0,32,4,42,64,16,64,16.122393,0.469338,0.000000,true,8385163-8386807-8388808-8389679-8386310-8386550-8387003-8386944-8387541-8388383-8385672-8387605-8390231-8382946-8386789-8387963
critters,CUDA,temporal,tiled_bit_planes,tiled_bit_planes,,16352,16320,128,1,1,0,0,32,4,42,64,16,64,13.314562,0.389786,0.000000,true,8339568-8340920-8340173-8340689-8339853-8340471-8339958-8338242-8342326-8340232-8338048-8340668-8339651-8338443-8343141-8338832
critters,CUDA,temporal,bit_planes,bit_planes,,15360,17472,126,1,1,0,0,32,4,42,64,18,64,17.851440,0.527921,0.000000,true,8385228-8386705-8388768-8389820-8386265-8386568-8386980-8386993-8387480-8388339-8385686-8387686-8390098-8382936-8386865-8387977
critters,CUDA,temporal,tiled_bit_planes,tiled_bit_planes,,16224,16240,126,1,1,0,0,32,4,42,64,18,64,14.313104,0.431141,0.000000,true,8233779-8234289-8233653-8236571-8234460-8236367-8233024-8231474-8233155-8237205-8233978-8234010-8237350-8231018-8231631-8235045
critters,CUDA,temporal,bit_planes,bit_planes,,15360,17472,120,1,1,0,0,32,4,42,64,20,64,19.934035,0.618985,0.000000,true,8385149-8386788-8388828-8389638-8386315-8386732-8386912-8387113-8387504-8388449-8385776-8387493-8389992-8382773-8386852-8388080
critters,CUDA,temporal,tiled_bit_planes,tiled_bit_planes,,16224,16240,120,1,1,0,0,32,4,42,64,20,64,13.624474,0.430918,0.000000,true,8233711-8234532-8233651-8236608-8234492-8236327-8233044-8231336-8233157-8236991-8234181-8234059-8237226-8231003-8231706-8234985
critters,CUDA,temporal,bit_planes,bit_planes,,15360,17460,110,1,1,0,0,32,4,42,64,22,64,21.715351,0.736103,0.000000,true,8379671-8380725-8383112-8383933-8380612-8381119-8380990-8381258-8381754-8382591-8380034-8381753-8384348-8377224-8380958-8382277
critters,CUDA,temporal,tiled_bit_planes,tiled_bit_planes,,16224,16240,110,1,1,0,0,32,4,42,64,22,64,12.473589,0.430383,0.000000,true,8233779-8234393-8233749-8236453-8234345-8236295-8232962-8231552-8233159-8236991-8234397-8233823-8237604-8231015-8231635-8234857
critters,CUDA,temporal,bit_planes,bit_planes,,15360,17472,120,1,1,0,0,32,4,42,64,24,64,29.955917,0.930181,0.000000,true,8385149-8386788-8388828-8389638-8386315-8386732-8386912-8387113-8387504-8388449-8385776-8387493-8389992-8382773-8386852-8388080
critters,CUDA,temporal,tiled_bit_planes,tiled_bit_planes,,16224,16240,120,1,1,0,0,32,4,42,64,24,64,13.590773,0.429852,0.000000,true,8233711-8234532-8233651-8236608-8234492-8236327-8233044-8231336-8233157-8236991-8234181-8234059-8237226-8231003-8231706-8234985
critters,CUDA,,,,baseline,16384,16384,128,1,1,0,0,32,8,42,0,0,0,501.036433,14.582079,0.000000,true,8392881-8387389-8387874-8390474-8390098-8390030-8387068-8388061-8389932-8388613-8390116-8389035-8388916-8389121-8388234-8389342
critters,CUDA,simple,standard,standard,,16384,16384,128,1,1,0,0,32,8,42,0,0,0,733.819267,21.356952,0.000000,true,8392881-8387389-8387874-8390474-8390098-8390030-8387068-8388061-8389932-8388613-8390116-8389035-8388916-8389121-8388234-8389342
critters,CUDA,simple,bit_array,bit_array,,16384,16384,128,1,1,0,0,32,8,42,32,0,0,1092.319904,31.790693,0.000000,true,8392881-8387389-8387874-8390474-8390098-8390030-8387068-8388061-8389932-8388613-8390116-8389035-8388916-8389121-8388234-8389342
critters,CUDA,simple,bit_planes,bit_planes,,16384,16384,128,1,1,0,0,32,8,42,32,0,0,22.038323,0.641400,0.000000,true,8392881-8387389-8387874-8390474-8390098-8390030-8387068-8388061-8389932-8388613-8390116-8389035-8388916-8389121-8388234-8389342
critters,CUDA,simple,tiled_bit_planes,tiled_bit_planes,,16384,16384,128,1,1,0,0,32,8,42,32,0,0,27.720979,0.806787,0.000000,true,8392881-8387389-8387874-8390474-8390098-8390030-8387068-8388061-8389932-8388613-8390116-8389035-8388916-8389121-8388234-8389342
critters,CUDA,temporal,bit_planes,bit_planes,,16320,16368,128,1,1,0,0,32,8,42,32,2,128,10.263149,0.300161,0.000000,true,8346379-8354045-8346428-8346981-8346322-8350040-8349370-8346204-8348357-8346661-8349928-8348778-8348556-8346795-8346341-8350623
critters,CUDA,temporal,tiled_bit_planes,tiled_bit_planes,,16320,16128,128,1,1,0,0,32,8,42,32,2,128,16.191388,0.480589,0.000000,true,8224136-8231827-8224031-8224615-8224316-8227053-8227136-8223424-8225662-8223980-8227435-8227756-8225436-8224947-8224603-8226761
critters,CUDA,temporal,bit_planes,bit_planes,,16320,16348,126,1,1,0,0,32,8,42,32,3,128,9.392672,0.279405,0.000000,true,8335993-8344153-8336406-8336939-8336577-8338997-8339380-8335654-8338397-8336336-8339663-8339028-8338604-8336164-8336483-8339780
critters,CUDA,temporal,tiled_bit_planes,tiled_bit_planes,,16320,16128,126,1,1,0,0,32,8,42,32,3,128,15.214719,0.458768,0.000000,true,8224088-8231834-8224200-8224632-8224295-8226907-8227144-8223338-8225734-8223929-8227545-8227837-8225441-8224898-8224513-8226783
critters,CUDA,temporal,bit_planes,bit_planes,,16320,16440,128,1,1,0,0,32,8,42,32,4,128,13.744457,0.400217,0.000000,true,8383167-8390955-8383315-8384025-8382968-8386510-8386256-8382721-8385242-8383724-8386065-8385616-8385204-8383266-8383290-8387500
critters,CUDA,temporal,tiled_bit_planes,tiled_bit_planes,,16320,16128,128,1,1,0,0,32,8,42,32,4,128,15.091171,0.447932,0.000000,true,8224136-8231827-8224031-8224615-8224316-8227053-8227136-8223424-8225662-8223980-8227435-8227756-8225436-8224947-8224603-8226761
critters,CUDA,temporal,bit_planes,bit_planes,,16320,16402,125,1,1,0,0,32,8,42,32,5,128,13.205515,0.394665,0.000000,true,8367251-8359491-8367090-8366470-8367276-8364576-8364144-8367706-8364845-8367077-8363977-8364799-8360892-8363072-8363360-8359225
critters,CUDA,temporal,tiled_bit_planes,tiled_bit_planes,,16320,16368,125,1,1,0,0,32,8,42,32,5,128,14.468161,0.433299,0.000000,true,8349026-8341418-8348743-8348340-8348996-8345384-8346023-8349347-8346897-8348857-8345289-8346509-8346859-8348553-8349044-8344667
critters,CUDA,temporal,bit_planes,bit_planes,,16320,16356,126,1,1,0,0,32,8,42,32,6,128,13.792841,0.410096,0.000000,true,8339913-8348002-8340576-8341120-8340230-8343860-8343361-8339909-8342209-8340370-8343828-8342784-8342765-8340520-8340364-8344217
critters,CUDA,temporal,tiled_bit_planes,tiled_bit_planes,,16320,16368,126,1,1,0,0,32,8,42,32,6,128,14.503505,0.430910,0.000000,true,8346368-8354005-8346461-8347051-8346380-8349964-8349427-8346116-8348436-8346583-8349963-8348771-8348482-8346684-8346457-8350660
critters,CUDA,temporal,bit_planes,bit_planes,,16320,16416,126,1,1,0,0,32,8,42,32,7,128,13.689383,0.405533,0.000000,true,8370821-8378988-8371372-8371623-8370809-8373595-8374215-8370402-8373412-8371082-8374052-8373450-8373394-8370884-8370636-8374975
critters,CUDA,temporal,tiled_bit_planes,tiled_bit_planes,,16320,16368,126,1,1,0,0,32,8,42,32,7,128,14.399606,0.427823,0.000000,true,8346368-8354005-8346461-8347051-8346380-8349964-8349427-8346116-8348436-8346583-8349963-8348771-8348482-8346684-8346457-8350660
critters,CUDA,temporal,bit_planes,bit_planes,,16320,16352,128,1,1,0,0,32,8,42,32,8,128,13.823398,0.404682,0.000000,true,8338114-8345857-8338619-8338962-8338051-8342001-8341157-8337905-8340188-8338327-8341675-8340771-8340485-8338629-8338291-8342183
critters,CUDA,temporal,tiled_bit_planes,tiled_bit_planes,,16320,16368,128,1,1,0,0,32,8,42,32,8,128,14.551408,0.425578,0.000000,true,8346379-8354045-8346428-8346981-8346322-8350040-8349370-8346204-8348357-8346661-8349928-8348778-8348556-8346795-8346341-8350623
critters,CUDA,temporal,bit_planes,bit_planes,,16320,16390,126,1,1,0,0,32,8,42,32,9,128,14.141823,0.419600,0.000000,true,8358483-8366494-8358835-8359353-8358749-8361411-8361926-8358233-8360992-8358785-8362103-8361268-8357097-8354562-8354340-8358661
critters,CUDA,temporal,tiled_bit_planes,tiled_bit_planes,,16352,16104,126,1,1,0,0,32,8,42,32,9,128,15.472853,0.466332,0.000000,true,8229305-8230668-8229802-8230500-8229196-8230390-8229719-8227960-8233314-8229319-8227740-8230147-8227793-8227799-8232537-8228591
critters,CUDA,temporal,bit_planes,bit_planes,,16320,16416,120,1,1,0,0,32,8,42,32,10,128,13.500945,0.419948,0.000000,true,8370720-8378722-8370990-8371371-8370730-8374244-8374136-8370426-8373040-8371241-8374099-8373501-8373123-8371207-8370819-8375341
critters,CUDA,temporal,tiled_bit_planes,tiled_bit_planes,,16352,16104,120,1,1,0,0,32,8,42,32,10,128,14.693655,0.464990,0.000000,true,8229356-8230877-8229752-8230476-8229076-8230205-8229846-8227912-8233539-8229197-8227798-8230017-8227685-8227963-8232593-8228488
critters,CUDA,temporal,bit_planes,bit_planes,,16320,16432,120,1,1,0,0,32,8,42,32,12,128,13.894266,0.431761,0.000000,true,8379014-8386621-8379586-8379838-8378927-8382377-8382263-8378468-8381318-8379428-8382119-8381573-8381202-8379428-8378863-8383583
critters,CUDA,temporal,tiled_bit_planes,tiled_bit_planes,,16352,16104,120,1,1,0,0,32,8,42,32,12,128,14.623848,0.462781,0.000000,true,8229356-8230877-8229752-8230476-8229076-8230205-8229846-8227912-8233539-8229197-8227798-8230017-8227685-8227963-8232593-8228488
critters,CUDA,temporal,bit_planes,bit_planes,,16320,16400,126,1,1,0,0,32,8,42,32,14,128,15.123490,0.448454,0.000000,true,8362685-8370434-8362836-8363317-8362585-8366079-8365752-8362422-8364837-8363300-8366122-8365420-8364850-8362737-8362751-8366890
critters,CUDA,temporal,tiled_bit_planes,tiled_bit_planes,,16352,16320,126,1,1,0,0,32,8,42,32,14,128,15.324897,0.455760,0.000000,true,8339619-8340967-8340142-8340555-8339699-8340520-8339920-8338324-8342371-8340259-8338112-8340694-8339648-8338432-8343039-8338914
critters,CUDA,temporal,bit_planes,bit_planes,,16320,16416,128,1,1,0,0,32,8,42,32,16,128,15.896829,0.463568,0.000000,true,8370797-8378766-8371087-8371325-8370611-8374266-8373877-8370605-8373047-8371510-8374214-8373552-8373111-8371125-8370686-8375131
critters,CUDA,temporal,tiled_bit_planes,tiled_bit_planes,,16352,16320,128,1,1,0,0,32,8,42,32,16,128,15.529869,0.454639,0.000000,true,8339568-8340920-8340173-8340689-8339853-8340471-8339958-8338242-8342326-8340232-8338048-8340668-8339651-8338443-8343141-8338832
critters,CUDA,temporal,bit_planes,bit_planes,,16320,16376,126,1,1,0,0,32,8,42,32,18,128,16.200823,0.481104,0.000000,true,8350312-8358141-8350946-8351314-8350453-8354005-8353527-8350253-8352530-8350729-8353922-8352953-8352691-8350699-8350326-8354366
critters,CUDA,temporal,tiled_bit_planes,tiled_bit_planes,,16224,16520,126,1,1,0,0,32,8,42,32,18,128,16.689909,0.494214,0.000000,true,8375541-8376586-8376053-8378226-8376568-8377812-8375052-8373810-8375439-8378642-8375490-8375767-8379108-8373553-8374127-8377640
critters,CUDA,temporal,bit_planes,bit_planes,,16320,16368,120,1,1,0,0,32,8,42,32,20,128,15.996601,0.499035,0.000000,true,8346222-8353998-8346658-8346994-8346496-8350026-8349420-8346022-8348450-8346425-8349952-8348840-8348478-8346843-8346224-8350760
critters,CUDA,temporal,tiled_bit_planes,tiled_bit_planes,,16224,16520,120,1,1,0,0,32,8,42,32,20,128,15.863148,0.493219,0.000000,true,8375540-8376731-8375993-8378159-8376583-8377776-8375140-8373736-8375505-8378411-8375711-8375801-8378893-8373614-8374240-8377581
critters,CUDA,temporal,bit_planes,bit_planes,,16320,16380,110,1,1,0,0,32,8,42,32,22,128,15.651555,0.532268,0.000000,true,8352427-8360040-8353033-8353244-8352503-8356139-8355416-8352131-8354806-8352461-8356218-8355151-8354427-8352826-8352271-8356730
critters,CUDA,temporal,tiled_bit_planes,tiled_bit_planes,,16224,16240,110,1,1,0,0,32,8,42,32,22,128,14.527601,0.501253,0.000000,true,8233779-8234393-8233749-8236453-8234345-8236295-8232962-8231552-8233159-8236991-8234397-8233823-8237604-8231015-8231635-8234857
critters,CUDA,temporal,bit_planes,bit_planes,,16320,16400,120,1,1,0,0,32,8,42,32,24,128,17.601599,0.548033,0.000000,true,8362579-8370488-8362964-8363351-8362580-8366075-8365914-8362344-8365104-8363214-8366016-8365389-8364658-8362837-8362523-8366981
critters,CUDA,temporal,tiled_bit_planes,tiled_bit_planes,,16224,16240,120,1,1,0,0,32,8,42,32,24,128,15.826332,0.500559,0.000000,true,8233711-8234532-8233651-8236608-8234492-8236327-8233044-8231336-8233157-8236991-8234181-8234059-8237226-8231003-8231706-8234985
critters,CUDA,simple,bit_array,bit_array,,16384,16384,128,1,1,0,0,32,8,42,64,0,0,1247.598430,36.309893,0.000000,true,8392881-8387389-8387874-8390474-8390098-8390030-8387068-8388061-8389932-8388613-8390116-8389035-8388916-8389121-8388234-8389342
critters,CUDA,simple,bit_planes,bit_planes,,16384,16384,128,1,1,0,0,32,8,42,64,0,0,13.252357,0.385694,0.000000,true,8392881-8387389-8387874-8390474-8390098-8390030-8387068-8388061-8389932-8388613-8390116-8389035-8388916-8389121-8388234-8389342
critters,CUDA,simple,tiled_bit_planes,tiled_bit_planes,,16384,16384,128,1,1,0,0,32,8,42,64,0,0,17.858751,0.519758,0.000000,true,8392881-8387389-8387874-8390474-8390098-8390030-8387068-8388061-8389932-8388613-8390116-8389035-8388916-8389121-8388234-8389342
critters,CUDA,temporal,bit_planes,bit_planes,,15360,17460,128,1,1,0,0,32,8,42,64,2,64,7.877231,0.229471,0.000000,true,8379584-8380787-8383156-8383802-8380484-8380928-8381093-8381251-8381725-8382661-8379946-8381905-8384638-8377184-8380977-8382238
critters,CUDA,temporal,tiled_bit_planes,tiled_bit_planes,,16320,16368,128,1,1,0,0,32,8,42,64,2,64,13.274761,0.388241,0.000000,true,8346379-8354045-8346428-8346981-8346322-8350040-8349370-8346204-8348357-8346661-8349928-8348778-8348556-8346795-8346341-8350623
critters,CUDA,temporal,bit_planes,bit_planes,,15360,17458,126,1,1,0,0,32,8,42,64,3,64,7.493366,0.221779,0.000000,true,8379751-8380775-8383288-8384096-8380880-8380890-8380904-8380961-8381810-8382773-8380015-8381838-8380158-8373307-8376662-8378891
critters,CUDA,temporal,tiled_bit_planes,tiled_bit_planes,,16320,16368,126,1,1,0,0,32,8,42,64,3,64,12.540672,0.372593,0.000000,true,8346368-8354005-8346461-8347051-8346380-8349964-8349427-8346116-8348436-8346583-8349963-8348771-8348482-8346684-8346457-8350660
critters,CUDA,temporal,bit_planes,bit_planes,,15360,17472,128,1,1,0,0,32,8,42,64,4,64,9.895359,0.288063,0.000000,true,8385163-8386807-8388808-8389679-8386310-8386550-8387003-8386944-8387541-8388383-8385672-8387605-8390231-8382946-8386789-8387963
critters,CUDA,temporal,tiled_bit_planes,tiled_bit_planes,,16320,16368,128,1,1,0,0,32,8,42,64,4,64,12.525939,0.366340,0.000000,true,8346379-8354045-8346428-8346981-8346322-8350040-8349370-8346204-8348357-8346661-8349928-8348778-8348556-8346795-8346341-8350623
critters,CUDA,temporal,bit_planes,bit_planes,,15360,17442,125,1,1,0,0,32,8,42,64,5,64,9.858923,0.294396,0.000000,true,8374447-8373106-8370848-8369758-8372992-8373024-8373076-8373161-8372129-8371110-8373833-8371931-8366150-8372774-8369429-8367642
critters,CUDA,temporal,tiled_bit_planes,tiled_bit_planes,,16320,16368,125,1,1,0,0,32,8,42,64,5,64,12.104226,0.362503,0.000000,true,8349026-8341418-8348743-8348340-8348996-8345384-8346023-8349347-8346897-8348857-8345289-8346509-8346859-8348553-8349044-8344667
critters,CUDA,temporal,bit_planes,bit_planes,,15360,17472,126,1,1,0,0,32,8,42,64,6,64,10.325434,0.305354,0.000000,true,8385228-8386705-8388768-8389820-8386265-8386568-8386980-8386993-8387480-8388339-8385686-8387686-8390098-8382936-8386865-8387977
critters,CUDA,temporal,tiled_bit_planes,tiled_bit_planes,,16320,16368,126,1,1,0,0,32,8,42,64,6,64,12.170037,0.361581,0.000000,true,8346368-8354005-8346461-8347051-8346380-8349964-8349427-8346116-8348436-8346583-8349963-8348771-8348482-8346684-8346457-8350660
critters,CUDA,temporal,bit_planes,bit_planes,,15360,17450,126,1,1,0,0,32,8,42,64,7,64,10.667055,0.315855,0.000000,true,8375855-8376768-8379522-8380325-8376965-8377091-8376972-8376994-8377975-8379087-8376214-8378114-8376324-8369450-8372666-8374851
critters,CUDA,temporal,tiled_bit_planes,tiled_bit_planes,,16320,16368,126,1,1,0,0,32,8,42,64,7,64,12.094471,0.359336,0.000000,true,8346368-8354005-8346461-8347051-8346380-8349964-8349427-8346116-8348436-8346583-8349963-8348771-8348482-8346684-8346457-8350660
critters,CUDA,temporal,bit_planes,bit_planes,,15360,17472,128,1,1,0,0,32,8,42,64,8,64,10.913721,0.317709,0.000000,true,8385163-8386807-8388808-8389679-8386310-8386550-8387003-8386944-8387541-8388383-8385672-8387605-8390231-8382946-8386789-8387963
critters,CUDA,temporal,tiled_bit_planes,tiled_bit_planes,,16320,16368,128,1,1,0,0,32,8,42,64,8,64,12.130506,0.354775,0.000000,true,8346379-8354045-8346428-8346981-8346322-8350040-8349370-8346204-8348357-8346661-8349928-8348778-8348556-8346795-8346341-8350623
critters,CUDA,temporal,bit_planes,bit_planes,,15360,17434,126,1,1,0,0,32,8,42,64,9,64,11.182251,0.331414,0.000000,true,8367995-8369317-8371684-8372810-8369361-8369357-8369237-8369430-8370317-8371461-8368503-8370277-8368414-8361669-8365350-8367154
critters,CUDA,temporal,tiled_bit_planes,tiled_bit_planes,,16352,16320,126,1,1,0,0,32,8,42,64,9,64,13.207819,0.392798,0.000000,true,8339619-8340967-8340142-8340555-8339699-8340520-8339920-8338324-8342371-8340259-8338112-8340694-8339648-8338432-8343039-8338914
critters,CUDA,temporal,bit_planes,bit_planes,,15360,17468,120,1,1,0,0,32,8,42,64,10,64,11.008426,0.341908,0.000000,true,8383147-8384875-8386841-8387687-8384335-8384768-8384923-8385151-8385577-8386482-8383917-8385589-8388291-8380988-8384913-8386172
critters,CUDA,temporal,tiled_bit_planes,tiled_bit_planes,,16352,16320,120,1,1,0,0,32,8,42,64,10,64,12.547993,0.391834,0.000000,true,8339556-8341160-8340195-8340386-8339873-8340352-8340079-8338352-8342512-8340281-8338195-8340468-8339429-8338449-8342947-8338981
critters,CUDA,temporal,bit_planes,bit_planes,,15360,17440,120,1,1,0,0,32,8,42,64,12,64,12.015091,0.373773,0.000000,true,8369701-8371232-8373673-8374177-8370898-8371391-8371267-8371812-8372202-8373079-8370787-8372194-8374510-8367773-8371072-8372662
critters,CUDA,temporal,tiled_bit_planes,tiled_bit_planes,,16352,16320,120,1,1,0,0,32,8,42,64,12,64,12.412957,0.387617,0.000000,true,8339556-8341160-8340195-8340386-8339873-8340352-8340079-8338352-8342512-8340281-8338195-8340468-8339429-8338449-8342947-8338981
critters,CUDA,temporal,bit_planes,bit_planes,,15360,17460,126,1,1,0,0,32,8,42,64,14,64,14.169546,0.419324,0.000000,true,8379552-8380763-8383048-8383848-8380488-8380816-8381203-8381283-8381713-8382537-8379922-8382030-8384513-8377309-8381026-8382308
critters,CUDA,temporal,tiled_bit_planes,tiled_bit_planes,,16352,16320,126,1,1,0,0,32,8,42,64,14,64,12.996728,0.386520,0.000000,true,8339619-8340967-8340142-8340555-8339699-8340520-8339920-8338324-8342371-8340259-8338112-8340694-8339648-8338432-8343039-8338914
critters,CUDA,temporal,bit_planes,bit_planes,,15360,17472,128,1,1,0,0,32,8,42,64,16,64,15.976502,0.465091,0.000000,true,8385163-8386807-8388808-8389679-8386310-8386550-8387003-8386944-8387541-8388383-8385672-8387605-8390231-8382946-8386789-8387963
critters,CUDA,temporal,tiled_bit_planes,tiled_bit_planes,,16352,16320,128,1,1,0,0,32,8,42,64,16,64,13.172215,0.385618,0.000000,true,8339568-8340920-8340173-8340689-8339853-8340471-8339958-8338242-8342326-8340232-8338048-8340668-8339651-8338443-8343141-8338832
critters,CUDA,temporal,bit_planes,bit_planes,,15360,17472,126,1,1,0,0,32,8,42,64,18,64,17.672137,0.522618,0.000000,true,8385228-8386705-8388768-8389820-8386265-8386568-8386980-8386993-8387480-8388339-8385686-8387686-8390098-8382936-8386865-8387977
critters,CUDA,temporal,tiled_bit_planes,tiled_bit_planes,,16224,16240,126,1,1,0,0,32,8,42,64,18,64,14.074591,0.423956,0.000000,true,8233779-8234289-8233653-8236571-8234460-8236367-8233024-8231474-8233155-8237205-8233978-8234010-8237350-8231018-8231631-8235045
critters,CUDA,temporal,bit_planes,bit_planes,,15360,17472,120,1,1,0,0,32,8,42,64,20,64,20.020798,0.621679,0.000000,true,8385149-8386788-8388828-8389638-8386315-8386732-8386912-8387113-8387504-8388449-8385776-8387493-8389992-8382773-8386852-8388080
critters,CUDA,temporal,tiled_bit_planes,tiled_bit_planes,,16224,16240,120,1,1,0,0,32,8,42,64,20,64,13.573417,0.429303,0.000000,true,8233711-8234532-8233651-8236608-8234492-8236327-8233044-8231336-8233157-8236991-8234181-8234059-8237226-8231003-8231706-8234985
critters,CUDA,temporal,bit_planes,bit_planes,,15360,17460,110,1,1,0,0,32,8,42,64,22,64,21.637854,0.733476,0.000000,true,8379671-8380725-8383112-8383933-8380612-8381119-8380990-8381258-8381754-8382591-8380034-8381753-8384348-8377224-8380958-8382277
critters,CUDA,temporal,tiled_bit_planes,tiled_bit_planes,,16224,16240,110,1,1,0,0,32,8,42,64,22,64,12.285263,0.423885,0.000000,true,8233779-8234393-8233749-8236453-8234345-8236295-8232962-8231552-8233159-8236991-8234397-8233823-8237604-8231015-8231635-8234857
critters,CUDA,temporal,bit_planes,bit_planes,,15360,17472,120,1,1,0,0,32,8,42,64,24,64,29.240116,0.907954,0.000000,true,8385149-8386788-8388828-8389638-8386315-8386732-8386912-8387113-8387504-8388449-8385776-8387493-8389992-8382773-8386852-8388080
critters,CUDA,temporal,tiled_bit_planes,tiled_bit_planes,,16224,16240,120,1,1,0,0,32,8,42,64,24,64,13.385871,0.423371,0.000000,true,8233711-8234532-8233651-8236608-8234492-8236327-8233044-8231336-8233157-8236991-8234181-8234059-8237226-8231003-8231706-8234985
critters,CUDA,,,,baseline,16384,16384,128,1,1,0,0,32,16,42,0,0,0,507.817867,14.779445,0.000000,true,8392881-8387389-8387874-8390474-8390098-8390030-8387068-8388061-8389932-8388613-8390116-8389035-8388916-8389121-8388234-8389342
critters,CUDA,simple,standard,standard,,16384,16384,128,1,1,0,0,32,16,42,0,0,0,739.655355,21.526804,0.000000,true,8392881-8387389-8387874-8390474-8390098-8390030-8387068-8388061-8389932-8388613-8390116-8389035-8388916-8389121-8388234-8389342
critters,CUDA,simple,bit_array,bit_array,,16384,16384,128,1,1,0,0,32,16,42,32,0,0,965.021216,28.085814,0.000000,true,8392881-8387389-8387874-8390474-8390098-8390030-8387068-8388061-8389932-8388613-8390116-8389035-8388916-8389121-8388234-8389342
critters,CUDA,simple,bit_planes,bit_planes,,16384,16384,128,1,1,0,0,32,16,42,32,0,0,22.545037,0.656147,0.000000,true,8392881-8387389-8387874-8390474-8390098-8390030-8387068-8388061-8389932-8388613-8390116-8389035-8388916-8389121-8388234-8389342
critters,CUDA,simple,tiled_bit_planes,tiled_bit_planes,,16384,16384,128,1,1,0,0,32,16,42,32,0,0,30.778932,0.895785,0.000000,true,8392881-8387389-8387874-8390474-8390098-8390030-8387068-8388061-8389932-8388613-8390116-8389035-8388916-8389121-8388234-8389342
critters,CUDA,temporal,bit_planes,bit_planes,,16320,16368,128,1,1,0,0,32,16,42,32,2,128,9.665047,0.282669,0.000000,true,8346379-8354045-8346428-8346981-8346322-8350040-8349370-8346204-8348357-8346661-8349928-8348778-8348556-8346795-8346341-8350623
critters,CUDA,temporal,tiled_bit_planes,tiled_bit_planes,,16320,16128,128,1,1,0,0,32,16,42,32,2,128,16.919579,0.502203,0.000000,true,8224136-8231827-8224031-8224615-8224316-8227053-8227136-8223424-8225662-8223980-8227435-8227756-8225436-8224947-8224603-8226761
critters,CUDA,temporal,bit_planes,bit_planes,,16320,16348,126,1,1,0,0,32,16,42,32,3,128,9.091282,0.270439,0.000000,true,8335993-8344153-8336406-8336939-8336577-8338997-8339380-8335654-8338397-8336336-8339663-8339028-8338604-8336164-8336483-8339780
critters,CUDA,temporal,tiled_bit_planes,tiled_bit_planes,,16320,16128,126,1,1,0,0,32,16,42,32,3,128,15.413733,0.464768,0.000000,true,8224088-8231834-8224200-8224632-8224295-8226907-8227144-8223338-8225734-8223929-8227545-8227837-8225441-8224898-8224513-8226783
critters,CUDA,temporal,bit_planes,bit_planes,,16320,16440,128,1,1,0,0,32,16,42,32,4,128,13.597153,0.395928,0.000000,true,8383167-8390955-8383315-8384025-8382968-8386510-8386256-8382721-8385242-8383724-8386065-8385616-8385204-8383266-8383290-8387500
critters,CUDA,temporal,tiled_bit_planes,tiled_bit_planes,,16320,16128,128,1,1,0,0,32,16,42,32,4,128,15.055427,0.446871,0.000000,true,8224136-8231827-8224031-8224615-8224316-8227053-8227136-8223424-8225662-8223980-8227435-8227756-8225436-8224947-8224603-8226761
critters,CUDA,temporal,bit_planes,bit_planes,,16320,16402,125,1,1,0,0,32,16,42,32,5,128,13.063570,0.390423,0.000000,true,8367251-8359491-8367090-8366470-8367276-8364576-8364144-8367706-8364845-8367077-8363977-8364799-8360892-8363072-8363360-8359225
critters,CUDA,temporal,tiled_bit_planes,tiled_bit_planes,,16320,16368,125,1,1,0,0,32,16,42,32,5,128,14.384032,0.430779,0.000000,true,8349026-8341418-8348743-8348340-8348996-8345384-8346023-8349347-8346897-8348857-8345289-8346509-8346859-8348553-8349044-8344667
critters,CUDA,temporal,bit_planes,bit_planes,,16320,16356,126,1,1,0,0,32,16,42,32,6,128,13.653979,0.405968,0.000000,true,8339913-8348002-8340576-8341120-8340230-8343860-8343361-8339909-8342209-8340370-8343828-8342784-8342765-8340520-8340364-8344217
critters,CUDA,temporal,tiled_bit_planes,tiled_bit_planes,,16320,16368,126,1,1,0,0,32,16,42,32,6,128,14.385155,0.427394,0.000000,true,8346368-8354005-8346461-8347051-8346380-8349964-8349427-8346116-8348436-8346583-8349963-8348771-8348482-8346684-8346457-8350660
critters,CUDA,temporal,bit_planes,bit_planes,,16320,16416,126,1,1,0,0,32,16,42,32,7,128,13.561098,0.401732,0.000000,true,8370821-8378988-8371372-8371623-8370809-8373595-8374215-8370402-8373412-8371082-8374052-8373450-8373394-8370884-8370636-8374975
critters,CUDA,temporal,tiled_bit_planes,tiled_bit_planes,,16320,16368,126,1,1,0,0,32,16,42,32,7,128,14.292824,0.424651,0.000000,true,8346368-8354005-8346461-8347051-8346380-8349964-8349427-8346116-8348436-8346583-8349963-8348771-8348482-8346684-8346457-8350660
critters,CUDA,temporal,bit_planes,bit_planes,,16320,16352,128,1,1,0,0,32,16,42,32,8,128,13.682473,0.400556,0.000000,true,8338114-8345857-8338619-8338962-8338051-8342001-8341157-8337905-8340188-8338327-8341675-8340771-8340485-8338629-8338291-8342183
critters,CUDA,temporal,tiled_bit_planes,tiled_bit_planes,,16320,16368,128,1,1,0,0,32,16,42,32,8,128,14.437484,0.422246,0.000000,true,8346379-8354045-8346428-8346981-8346322-8350040-8349370-8346204-8348357-8346661-8349928-8348778-8348556-8346795-8346341-8350623
critters,CUDA,temporal,bit_planes,bit_planes,,16320,16390,126,1,1,0,0,32,16,42,32,9,128,14.006858,0.415596,0.000000,true,8358483-8366494-8358835-8359353-8358749-8361411-8361926-8358233-8360992-8358785-8362103-8361268-8357097-8354562-8354340-8358661
critters,CUDA,temporal,tiled_bit_planes,tiled_bit_planes,,16352,16104,126,1,1,0,0,32,16,42,32,9,128,15.406382,0.464329,0.000000,true,8229305-8230668-8229802-8230500-8229196-8230390-8229719-8227960-8233314-8229319-8227740-8230147-8227793-8227799-8232537-8228591
critters,CUDA,temporal,bit_planes,bit_planes,,16320,16416,120,1,1,0,0,32,16,42,32,10,128,13.318037,0.414259,0.000000,true,8370720-8378722-8370990-8371371-8370730-8374244-8374136-8370426-8373040-8371241-8374099-8373501-8373123-8371207-8370819-8375341
critters,CUDA,temporal,tiled_bit_planes,tiled_bit_planes,,16352,16104,120,1,1,0,0,32,16,42,32,10,128,14.630759,0.463000,0.000000,true,8229356-8230877-8229752-8230476-8229076-8230205-8229846-8227912-8233539-8229197-8227798-8230017-8227685-8227963-8232593-8228488
critters,CUDA,temporal,bit_planes,bit_planes,,16320,16432,120,1,1,0,0,32,16,42,32,12,128,13.808776,0.429105,0.000000,true,8379014-8386621-8379586-8379838-8378927-8382377-8382263-8378468-8381318-8379428-8382119-8381573-8381202-8379428-8378863-8383583
critters,CUDA,temporal,tiled_bit_planes,tiled_bit_planes,,16352,16104,120,1,1,0,0,32,16,42,32,12,128,14.561273,0.460801,0.000000,true,8229356-8230877-8229752-8230476-8229076-8230205-8229846-8227912-8233539-8229197-8227798-8230017-8227685-8227963-8232593-8228488
critters,CUDA,temporal,bit_planes,bit_planes,,16320,16400,126,1,1,0,0,32,16,42,32,14,128,15.011549,0.445134,0.000000,true,8362685-8370434-8362836-8363317-8362585-8366079-8365752-8362422-8364837-8363300-8366122-8365420-8364850-8362737-8362751-8366890
critters,CUDA,temporal,tiled_bit_planes,tiled_bit_planes,,16352,16320,126,1,1,0,0,32,16,42,32,14,128,15.251486,0.453577,0.000000,true,8339619-8340967-8340142-8340555-8339699-8340520-8339920-8338324-8342371-8340259-8338112-8340694-8339648-8338432-8343039-8338914
critters,CUDA,temporal,bit_planes,bit_planes,,16320,16416,128,1,1,0,0,32,16,42,32,16,128,15.801805,0.460797,0.000000,true,8370797-8378766-8371087-8371325-8370611-8374266-8373877-8370605-8373047-8371510-8374214-8373552-8373111-8371125-8370686-8375131
critters,CUDA,temporal,tiled_bit_planes,tiled_bit_planes,,16352,16320,128,1,1,0,0,32,16,42,32,16,128,15.449658,0.452291,0.000000,true,8339568-8340920-8340173-8340689-8339853-8340471-8339958-8338242-8342326-8340232-8338048-8340668-8339651-8338443-8343141-8338832
critters,CUDA,temporal,bit_planes,bit_planes,,16320,16376,126,1,1,0,0,32,16,42,32,18,128,16.107251,0.478325,0.000000,true,8350312-8358141-8350946-8351314-8350453-8354005-8353527-8350253-8352530-8350729-8353922-8352953-8352691-8350699-8350326-8354366
critters,CUDA,temporal,tiled_bit_planes,tiled_bit_planes,,16224,16520,126,1,1,0,0,32,16,42,32,18,128,16.625701,0.492313,0.000000,true,8375541-8376586-8376053-8378226-8376568-8377812-8375052-8373810-8375439-8378642-8375490-8375767-8379108-8373553-8374127-8377640
critters,CUDA,temporal,bit_planes,bit_planes,,16320,16368,120,1,1,0,0,32,16,42,32,20,128,15.919354,0.496625,0.000000,true,8346222-8353998-8346658-8346994-8346496-8350026-8349420-8346022-8348450-8346425-8349952-8348840-8348478-8346843-8346224-8350760
critters,CUDA,temporal,tiled_bit_planes,tiled_bit_planes,,16224,16520,120,1,1,0,0,32,16,42,32,20,128,15.813733,0.491683,0.000000,true,8375540-8376731-8375993-8378159-8376583-8377776-8375140-8373736-8375505-8378411-8375711-8375801-8378893-8373614-8374240-8377581
critters,CUDA,temporal,bit_planes,bit_planes,,16320,16380,110,1,1,0,0,32,16,42,32,22,128,15.566275,0.529368,0.000000,true,8352427-8360040-8353033-8353244-8352503-8356139-8355416-8352131-8354806-8352461-8356218-8355151-8354427-8352826-8352271-8356730
critters,CUDA,temporal,tiled_bit_planes,tiled_bit_planes,,16224,16240,110,1,1,0,0,32,16,42,32,22,128,14.482493,0.499697,0.000000,true,8233779-8234393-8233749-8236453-8234345-8236295-8232962-8231552-8233159-8236991-8234397-8233823-8237604-8231015-8231635-8234857
critters,CUDA,temporal,bit_planes,bit_planes,,16320,16400,120,1,1,0,0,32,16,42,32,24,128,17.521227,0.545531,0.000000,true,8362579-8370488-8362964-8363351-8362580-8366075-8365914-8362344-8365104-8363214-8366016-8365389-8364658-8362837-8362523-8366981
critters,CUDA,temporal,tiled_bit_planes,tiled_bit_planes,,16224,16240,120,1,1,0,0,32,16,42,32,24,128,15.773301,0.498881,0.000000,true,8233711-8234532-8233651-8236608-8234492-8236327-8233044-8231336-8233157-8236991-8234181-8234059-8237226-8231003-8231706-8234985
critters,CUDA,simple,bit_array,bit_array,,16384,16384,128,1,1,0,0,32,16,42,64,0,0,1208.101428,35.160379,0.000000,true,8392881-8387389-8387874-8390474-8390098-8390030-8387068-8388061-8389932-8388613-8390116-8389035-8388916-8389121-8388234-8389342
critters,CUDA,simple,bit_planes,bit_planes,,16384,16384,128,1,1,0,0,32,16,42,64,0,0,14.583357,0.424432,0.000000,true,8392881-8387389-8387874-8390474-8390098-8390030-8387068-8388061-8389932-8388613-8390116-8389035-8388916-8389121-8388234-8389342
critters,CUDA,simple,tiled_bit_planes,tiled_bit_planes,,16384,16384,128,1,1,0,0,32,16,42,64,0,0,19.090480,0.555606,0.000000,true,8392881-8387389-8387874-8390474-8390098-8390030-8387068-8388061-8389932-8388613-8390116-8389035-8388916-8389121-8388234-8389342
critters,CUDA,temporal,bit_planes,bit_planes,,15360,17460,128,1,1,0,0,32,16,42,64,2,64,7.791941,0.226987,0.000000,true,8379584-8380787-8383156-8383802-8380484-8380928-8381093-8381251-8381725-8382661-8379946-8381905-8384638-8377184-8380977-8382238
critters,CUDA,temporal,tiled_bit_planes,tiled_bit_planes,,16320,16368,128,1,1,0,0,32,16,42,64,2,64,15.013273,0.439086,0.000000,true,8346379-8354045-8346428-8346981-8346322-8350040-8349370-8346204-8348357-8346661-8349928-8348778-8348556-8346795-8346341-8350623
critters,CUDA,temporal,bit_planes,bit_planes,,15360,17458,126,1,1,0,0,32,16,42,64,3,64,7.506055,0.222155,0.000000,true,8379751-8380775-8383288-8384096-8380880-8380890-8380904-8380961-8381810-8382773-8380015-8381838-8380158-8373307-8376662-8378891
critters,CUDA,temporal,tiled_bit_planes,tiled_bit_planes,,16320,16368,126,1,1,0,0,32,16,42,64,3,64,13.506785,0.401297,0.000000,true,8346368-8354005-8346461-8347051-8346380-8349964-8349427-8346116-8348436-8346583-8349963-8348771-8348482-8346684-8346457-8350660
critters,CUDA,temporal,bit_planes,bit_planes,,15360,17472,128,1,1,0,0,32,16,42,64,4,64,9.741584,0.283587,0.000000,true,8385163-8386807-8388808-8389679-8386310-8386550-8387003-8386944-8387541-8388383-8385672-8387605-8390231-8382946-8386789-8387963
critters,CUDA,temporal,tiled_bit_planes,tiled_bit_planes,,16320,16368,128,1,1,0,0,32,16,42,64,4,64,13.037340,0.381297,0.000000,true,8346379-8354045-8346428-8346981-8346322-8350040-8349370-8346204-8348357-8346661-8349928-8348778-8348556-8346795-8346341-8350623
critters,CUDA,temporal,bit_planes,bit_planes,,15360,17442,125,1,1,0,0,32,16,42,64,5,64,9.683095,0.289146,0.000000,true,8374447-8373106-8370848-8369758-8372992-8373024-8373076-8373161-8372129-8371110-8373833-8371931-8366150-8372774-8369429-8367642
critters,CUDA,temporal,tiled_bit_planes,tiled_bit_planes,,16320,16368,125,1,1,0,0,32,16,42,64,5,64,12.293024,0.368157,0.000000,true,8349026-8341418-8348743-8348340-8348996-8345384-8346023-8349347-8346897-8348857-8345289-8346509-8346859-8348553-8349044-8344667
critters,CUDA,temporal,bit_planes,bit_planes,,15360,17472,126,1,1,0,0,32,16,42,64,6,64,10.063395,0.297605,0.000000,true,8385228-8386705-8388768-8389820-8386265-8386568-8386980-8386993-8387480-8388339-8385686-8387686-8390098-8382936-8386865-8387977
critters,CUDA,temporal,tiled_bit_planes,tiled_bit_planes,,16320,16368,126,1,1,0,0,32,16,42,64,6,64,12.206673,0.362669,0.000000,true,8346368-8354005-8346461-8347051-8346380-8349964-8349427-8346116-8348436-8346583-8349963-8348771-8348482-8346684-8346457-8350660
critters,CUDA,temporal,bit_planes,bit_planes,,15360,17450,126,1,1,0,0,32,16,42,64,7,64,10.389922,0.307649,0.000000,true,8375855-8376768-8379522-8380325-8376965-8377091-8376972-8376994-8377975-8379087-8376214-8378114-8376324-8369450-8372666-8374851
critters,CUDA,temporal,tiled_bit_planes,tiled_bit_planes,,16320,16368,126,1,1,0,0,32,16,42,64,7,64,12.066389,0.358502,0.000000,true,8346368-8354005-8346461-8347051-8346380-8349964-8349427-8346116-8348436-8346583-8349963-8348771-8348482-8346684-8346457-8350660
critters,CUDA,temporal,bit_planes,bit_planes,,15360,17472,128,1,1,0,0,32,16,42,64,8,64,10.897777,0.317245,0.000000,true,8385163-8386807-8388808-8389679-8386310-8386550-8387003-8386944-8387541-8388383-8385672-8387605-8390231-8382946-8386789-8387963
critters,CUDA,temporal,tiled_bit_planes,tiled_bit_planes,,16320,16368,128,1,1,0,0,32,16,42,64,8,64,12.178760,0.356186,0.000000,true,8346379-8354045-8346428-8346981-8346322-8350040-8349370-8346204-8348357-8346661-8349928-8348778-8348556-8346795-8346341-8350623
critters,CUDA,temporal,bit_planes,bit_planes,,15360,17434,126,1,1,0,0,32,16,42,64,9,64,11.097461,0.328901,0.000000,true,8367995-8369317-8371684-8372810-8369361-8369357-8369237-8369430-8370317-8371461-8368503-8370277-8368414-8361669-8365350-8367154
critters,CUDA,temporal,tiled_bit_planes,tiled_bit_planes,,16352,16320,126,1,1,0,0,32,16,42,64,9,64,13.166227,0.391561,0.000000,true,8339619-8340967-8340142-8340555-8339699-8340520-8339920-8338324-8342371-8340259-8338112-8340694-8339648-8338432-8343039-8338914
critters,CUDA,temporal,bit_planes,bit_planes,,15360,17468,120,1,1,0,0,32,16,42,64,10,64,10.927142,0.339384,0.000000,true,8383147-8384875-8386841-8387687-8384335-8384768-8384923-8385151-8385577-8386482-8383917-8385589-8388291-8380988-8384913-8386172
critters,CUDA,temporal,tiled_bit_planes,tiled_bit_planes,,16352,16320,120,1,1,0,0,32,16,42,64,10,64,12.499449,0.390318,0.000000,true,8339556-8341160-8340195-8340386-8339873-8340352-8340079-8338352-8342512-8340281-8338195-8340468-8339429-8338449-8342947-8338981
critters,CUDA,temporal,bit_planes,bit_planes,,15360,17440,120,1,1,0,0,32,16,42,64,12,64,12.003683,0.373418,0.000000,true,8369701-8371232-8373673-8374177-8370898-8371391-8371267-8371812-8372202-8373079-8370787-8372194-8374510-8367773-8371072-8372662
critters,CUDA,temporal,tiled_bit_planes,tiled_bit_planes,,16352,16320,120,1,1,0,0,32,16,42,64,12,64,12.452849,0.388863,0.000000,true,8339556-8341160-8340195-8340386-8339873-8340352-8340079-8338352-8342512-8340281-8338195-8340468-8339429-8338449-8342947-8338981
critters,CUDA,temporal,bit_planes,bit_planes,,15360,17460,126,1,1,0,0,32,16,42,64,14,64,14.133731,0.418264,0.000000,true,8379552-8380763-8383048-8383848-8380488-8380816-8381203-8381283-8381713-8382537-8379922-8382030-8384513-8377309-8381026-8382308
critters,CUDA,temporal,tiled_bit_planes,tiled_bit_planes,,16352,16320,126,1,1,0,0,32,16,42,64,14,64,13.039883,0.387804,0.000000,true,8339619-8340967-8340142-8340555-8339699-8340520-8339920-8338324-8342371-8340259-8338112-8340694-8339648-8338432-8343039-8338914
critters,CUDA,temporal,bit_planes,bit_planes,,15360,17472,128,1,1,0,0,32,16,42,64,16,64,15.934076,0.463856,0.000000,true,8385163-8386807-8388808-8389679-8386310-8386550-8387003-8386944-8387541-8388383-8385672-8387605-8390231-8382946-8386789-8387963
critters,CUDA,temporal,tiled_bit_planes,tiled_bit_planes,,16352,16320,128,1,1,0,0,32,16,42,64,16,64,13.212366,0.386794,0.000000,true,8339568-8340920-8340173-8340689-8339853-8340471-8339958-8338242-8342326-8340232-8338048-8340668-8339651-8338443-8343141-8338832
critters,CUDA,temporal,bit_planes,bit_planes,,15360,17472,126,1,1,0,0,32,16,42,64,18,64,17.666498,0.522452,0.000000,true,8385228-8386705-8388768-8389820-8386265-8386568-8386980-8386993-8387480-8388339-8385686-8387686-8390098-8382936-8386865-8387977
critters,CUDA,temporal,tiled_bit_planes,tiled_bit_planes,,16224,16240,126,1,1,0,0,32,16,42,64,18,64,14.241085,0.428972,0.000000,true,8233779-8234289-8233653-8236571-8234460-8236367-8233024-8231474-8233155-8237205-8233978-8234010-8237350-8231018-8231631-8235045
critters,CUDA,temporal,bit_planes,bit_planes,,15360,17472,120,1,1,0,0,32,16,42,64,20,64,19.951522,0.619528,0.000000,true,8385149-8386788-8388828-8389638-8386315-8386732-8386912-8387113-8387504-8388449-8385776-8387493-8389992-8382773-8386852-8388080
critters,CUDA,temporal,tiled_bit_planes,tiled_bit_planes,,16224,16240,120,1,1,0,0,32,16,42,64,20,64,13.424770,0.424602,0.000000,true,8233711-8234532-8233651-8236608-8234492-8236327-8233044-8231336-8233157-8236991-8234181-8234059-8237226-8231003-8231706-8234985
critters,CUDA,temporal,bit_planes,bit_planes,,15360,17460,110,1,1,0,0,32,16,42,64,22,64,21.587647,0.731774,0.000000,true,8379671-8380725-8383112-8383933-8380612-8381119-8380990-8381258-8381754-8382591-8380034-8381753-8384348-8377224-8380958-8382277
critters,CUDA,temporal,tiled_bit_planes,tiled_bit_planes,,16224,16240,110,1,1,0,0,32,16,42,64,22,64,12.297512,0.424307,0.000000,true,8233779-8234393-8233749-8236453-8234345-8236295-8232962-8231552-8233159-8236991-8234397-8233823-8237604-8231015-8231635-8234857
critters,CUDA,temporal,bit_planes,bit_planes,,15360,17472,120,1,1,0,0,32,16,42,64,24,64,29.176018,0.905964,0.000000,true,8385149-8386788-8388828-8389638-8386315-8386732-8386912-8387113-8387504-8388449-8385776-8387493-8389992-8382773-8386852-8388080
critters,CUDA,temporal,tiled_bit_planes,tiled_bit_planes,,16224,16240,120,1,1,0,0,32,16,42,64,24,64,13.400293,0.423827,0.000000,true,8233711-8234532-8233651-8236608-8234492-8236327-8233044-8231336-8233157-8236991-8234181-8234059-8237226-8231003-8231706-8234985
critters,CUDA,,,,baseline,16384,16384,128,1,1,0,0,32,32,42,0,0,0,522.624303,15.210369,0.000000,true,8392881-8387389-8387874-8390474-8390098-8390030-8387068-8388061-8389932-8388613-8390116-8389035-8388916-8389121-8388234-8389342
critters,CUDA,simple,standard,standard,,16384,16384,128,1,1,0,0,32,32,42,0,0,0,803.154390,23.374869,0.000000,true,8392881-8387389-8387874-8390474-8390098-8390030-8387068-8388061-8389932-8388613-8390116-8389035-8388916-8389121-8388234-8389342
critters,CUDA,simple,bit_array,bit_array,,16384,16384,128,1,1,0,0,32,32,42,32,0,0,1011.619470,29.442002,0.000000,true,8392881-8387389-8387874-8390474-8390098-8390030-8387068-8388061-8389932-8388613-8390116-8389035-8388916-8389121-8388234-8389342
critters,CUDA,simple,bit_planes,bit_planes,,16384,16384,128,1,1,0,0,32,32,42,32,0,0,27.278544,0.793910,0.000000,true,8392881-8387389-8387874-8390474-8390098-8390030-8387068-8388061-8389932-8388613-8390116-8389035-8388916-8389121-8388234-8389342
critters,CUDA,simple,tiled_bit_planes,tiled_bit_planes,,16384,16384,128,1,1,0,0,32,32,42,32,0,0,32.411622,0.943302,0.000000,true,8392881-8387389-8387874-8390474-8390098-8390030-8387068-8388061-8389932-8388613-8390116-8389035-8388916-8389121-8388234-8389342
critters,CUDA,simple,bit_array,bit_array,,16384,16384,128,1,1,0,0,32,32,42,64,0,0,1016.137379,29.573490,0.000000,true,8392881-8387389-8387874-8390474-8390098-8390030-8387068-8388061-8389932-8388613-8390116-8389035-8388916-8389121-8388234-8389342
critters,CUDA,simple,bit_planes,bit_planes,,16384,16384,128,1,1,0,0,32,32,42,64,0,0,15.651408,0.455516,0.000000,true,8392881-8387389-8387874-8390474-8390098-8390030-8387068-8388061-8389932-8388613-8390116-8389035-8388916-8389121-8388234-8389342
critters,CUDA,simple,tiled_bit_planes,tiled_bit_planes,,16384,16384,128,1,1,0,0,32,32,42,64,0,0,20.197758,0.587832,0.000000,true,8392881-8387389-8387874-8390474-8390098-8390030-8387068-8388061-8389932-8388613-8390116-8389035-8388916-8389121-8388234-8389342
wire,CUDA,,,,baseline,16384,16384,128,1,1,0,0,32,2,42,0,0,0,405.364857,11.797670,0.000000,true,216-0-51-90-15524944-21766980-21762269-15537172-15531770-21768539-21764055-15534177-51-75-51-51
wire,CUDA,simple,standard,standard,,16384,16384,128,1,1,0,0,32,2,42,0,0,0,416.203265,12.113109,0.000000,true,216-0-51-90-15524944-21766980-21762269-15537172-15531770-21768539-21764055-15534177-51-75-51-51
wire,CUDA,simple,bit_array,bit_array,,16384,16384,128,1,1,0,0,32,2,42,32,0,0,246.632950,7.177964,0.000000,true,216-0-51-90-15524944-21766980-21762269-15537172-15531770-21768539-21764055-15534177-51-75-51-51
wire,CUDA,simple,bit_planes,bit_planes,,16384,16384,128,1,1,0,0,32,2,42,32,0,0,19.365661,0.563615,0.000000,true,216-0-51-90-15524944-21766980-21762269-15537172-15531770-21768539-21764055-15534177-51-75-51-51
wire,CUDA,simple,tiled_bit_planes,tiled_bit_planes,,16384,16384,128,1,1,0,0,32,2,42,32,0,0,24.615517,0.716406,0.000000,true,216-0-51-90-15524944-21766980-21762269-15537172-15531770-21768539-21764055-15534177-51-75-51-51
wire,CUDA,temporal,bit_planes,bit_planes,,16320,16440,128,1,1,0,0,32,2,42,32,2,64,18.118690,0.527588,0.000000,true,216-0-51-90-15403499-21599095-21593089-15412136-15409770-21595144-21594681-15413936-35-75-51-51
wire,CUDA,temporal,tiled_bit_planes,tiled_bit_planes,,16320,16368,128,1,1,0,0,32,2,42,32,2,64,20.168095,0.589847,0.000000,true,216-0-51-90-15402508-21599330-21591675-15412142-15409265-21596567-21594681-15413888-35-75-51-51
wire,CUDA,temporal,bit_planes,bit_planes,,16320,16414,126,1,1,0,0,32,2,42,32,3,64,14.997710,0.444345,0.000000,true,216-0-51-90-15404818-21601808-21593918-15414554-15406391-21590017-21590410-15409424-34-75-51-51
wire,CUDA,temporal,tiled_bit_planes,tiled_bit_planes,,16320,16368,126,1,1,0,0,32,2,42,32,3,64,17.439675,0.518146,0.000000,true,216-0-51-90-15401729-21597952-21590348-15411284-15408477-21595243-21593417-15413014-34-75-51-51
wire,CUDA,temporal,bit_planes,bit_planes,,16320,16408,128,1,1,0,0,32,2,42,32,4,64,13.831012,0.403523,0.000000,true,216-0-51-90-15402302-21600213-21592248-15412399-15410217-21594317-21594681-15413276-35-75-51-51
wire,CUDA,temporal,tiled_bit_planes,tiled_bit_planes,,16320,16368,128,1,1,0,0,32,2,42,32,4,64,16.595237,0.485353,0.000000,true,216-0-51-90-15402508-21599330-21591675-15412142-15409265-21596567-21594681-15413888-35-75-51-51
wire,CUDA,temporal,bit_planes,bit_planes,,16320,16416,125,1,1,0,0,32,2,42,32,5,64,13.075799,0.390455,0.000000,true,216-0-51-90-15401281-21597988-21590309-15411129-15408981-21592342-21592802-15412003-35-75-51-51
wire,CUDA,temporal,tiled_bit_planes,tiled_bit_planes,,16320,16320,125,1,1,0,0,32,2,42,32,5,64,16.210510,0.486907,0.000000,true,216-0-51-90-15401965-21596935-21590022-15410880-15408232-21593276-21592802-15411733-35-75-51-51
wire,CUDA,temporal,bit_planes,bit_planes,,16320,16432,126,1,1,0,0,32,2,42,32,6,64,13.192027,0.390419,0.000000,true,216-0-51-90-15402699-21597902-21591732-15411278-15408146-21593289-21593417-15412954-34-75-51-51
wire,CUDA,temporal,tiled_bit_planes,tiled_bit_planes,,16320,16320,126,1,1,0,0,32,2,42,32,6,64,16.051668,0.478310,0.000000,true,216-0-51-90-15402457-21597743-21590624-15411283-15408676-21593975-21593417-15412179-34-75-51-51
wire,CUDA,temporal,bit_planes,bit_planes,,16320,16400,126,1,1,0,0,32,2,42,32,7,64,13.414516,0.397778,0.000000,true,216-0-51-90-15401541-21597740-21591514-15411532-15408472-21593301-21593417-15412982-34-75-51-51
wire,CUDA,temporal,tiled_bit_planes,tiled_bit_planes,,16320,16320,126,1,1,0,0,32,2,42,32,7,64,15.881729,0.473246,0.000000,true,216-0-51-90-15402457-21597743-21590624-15411283-15408676-21593975-21593417-15412179-34-75-51-51
wire,CUDA,temporal,bit_planes,bit_planes,,16320,16416,128,1,1,0,0,32,2,42,32,8,64,13.834797,0.403437,0.000000,true,216-0-51-90-15402558-21600189-21592248-15412399-15410227-21594317-21594681-15413313-35-75-51-51
wire,CUDA,temporal,tiled_bit_planes,tiled_bit_planes,,16320,16320,128,1,1,0,0,32,2,42,32,8,64,16.017115,0.469823,0.000000,true,216-0-51-90-15403260-21599108-21591949-15412144-15409464-21595263-21594681-15413032-35-75-51-51
wire,CUDA,temporal,bit_planes,bit_planes,,16320,16422,126,1,1,0,0,32,2,42,32,9,64,13.978266,0.413939,0.000000,true,216-0-51-90-15404818-21600921-21594359-15414554-15405218-21590417-21590410-15409929-34-75-51-51
wire,CUDA,temporal,tiled_bit_planes,tiled_bit_planes,,16352,16240,126,1,1,0,0,32,2,42,32,9,64,17.197625,0.513974,0.000000,true,157310-157799-157861-157224-15307353-21522149-21521087-15316624-15300403-21509981-21506233-15304411-168860-169907-169954-169022
wire,CUDA,temporal,bit_planes,bit_planes,,16320,16412,120,1,1,0,0,32,2,42,32,10,64,13.803679,0.429469,0.000000,true,216-0-51-90-15399076-21593286-21586829-15408887-15405890-21588906-21589505-15409886-34-75-51-51
wire,CUDA,temporal,tiled_bit_planes,tiled_bit_planes,,16352,16240,120,1,1,0,0,32,2,42,32,10,64,16.305555,0.511679,0.000000,true,157265-157773-157821-157194-15304463-21517714-21516602-15313801-15297360-21505866-21502126-15301835-168853-169868-169892-168991
wire,CUDA,temporal,bit_planes,bit_planes,,16320,16440,120,1,1,0,0,32,2,42,32,12,64,15.069921,0.468067,0.000000,true,216-0-51-90-15399948-21593083-21587610-15408645-15406233-21589695-21589505-15410519-34-75-51-51
wire,CUDA,temporal,tiled_bit_planes,tiled_bit_planes,,16352,16240,120,1,1,0,0,32,2,42,32,12,64,16.191461,0.508098,0.000000,true,157265-157773-157821-157194-15304463-21517714-21516602-15313801-15297360-21505866-21502126-15301835-168853-169868-169892-168991
wire,CUDA,temporal,bit_planes,bit_planes,,16320,16416,126,1,1,0,0,32,2,42,32,14,64,17.176344,0.508830,0.000000,true,216-0-51-90-15401781-21598793-21590911-15411532-15409428-21593032-21593417-15412446-34-75-51-51
wire,CUDA,temporal,tiled_bit_planes,tiled_bit_planes,,16352,16352,126,1,1,0,0,32,2,42,32,14,64,17.651347,0.523921,0.000000,true,216-0-51-90-15465018-21679271-21677777-15473758-15470798-21678252-21676136-15474048-51-75-51-51
wire,CUDA,temporal,bit_planes,bit_planes,,16320,16448,128,1,1,0,0,32,2,42,32,16,64,20.173714,0.587141,0.000000,true,216-0-51-90-15402782-21600237-21591860-15412138-15410460-21595702-21594681-15413269-35-75-51-51
wire,CUDA,temporal,tiled_bit_planes,tiled_bit_planes,,16352,16352,128,1,1,0,0,32,2,42,32,16,64,17.846575,0.521439,0.000000,true,216-0-51-90-15465830-21680650-21679235-15474727-15471756-21679469-21677686-15474900-51-75-51-51
wire,CUDA,temporal,bit_planes,bit_planes,,16320,16436,126,1,1,0,0,32,2,42,32,18,64,21.716606,0.642547,0.000000,true,216-0-51-90-15402699-21598823-21591732-15411277-15408983-21593289-21593417-15412954-34-75-51-51
wire,CUDA,temporal,tiled_bit_planes,tiled_bit_planes,,16224,16416,126,1,1,0,0,32,2,42,32,18,64,18.808992,0.560492,0.000000,true,216-0-51-90-15223784-21342040-21338880-15232996-15229419-21343491-21339426-15234676-51-75-35-51
wire,CUDA,temporal,bit_planes,bit_planes,,16320,16440,120,1,1,0,0,32,2,42,32,20,64,24.290552,0.754456,0.000000,true,216-0-51-90-15399948-21593083-21587610-15408645-15406233-21589695-21589505-15410519-34-75-51-51
wire,CUDA,temporal,tiled_bit_planes,tiled_bit_planes,,16224,16416,120,1,1,0,0,32,2,42,32,20,64,17.876951,0.559354,0.000000,true,216-0-51-90-15221081-21337602-21334638-15230290-15226673-21338824-21335302-15232029-51-75-35-51
wire,CUDA,temporal,bit_planes,bit_planes,,16320,16440,110,1,1,0,0,32,2,42,32,22,64,26.436724,0.895763,0.000000,true,216-0-51-90-15394768-21584588-21578921-15403668-15400526-21581823-21581432-15405048-35-75-51-51
wire,CUDA,temporal,tiled_bit_planes,tiled_bit_planes,,16224,16432,110,1,1,0,0,32,2,42,32,22,64,17.730638,0.604621,0.000000,true,216-0-51-90-15215557-21329072-21326271-15224719-15220128-21330444-21327138-15226366-51-75-33-51
wire,CUDA,temporal,bit_planes,bit_planes,,16320,16448,120,1,1,0,0,32,2,42,32,24,64,35.679960,1.107669,0.000000,true,216-0-51-90-15399284-21594131-21586465-15408644-15406861-21590200-21589505-15409888-34-75-51-51
wire,CUDA,temporal,tiled_bit_planes,tiled_bit_planes,,16224,16432,120,1,1,0,0,32,2,42,32,24,64,19.309697,0.603595,0.000000,true,216-0-51-90-15221087-21337470-21334823-15230290-15225351-21338813-21335302-15231327-51-75-35-51
wire,CUDA,simple,bit_array,bit_array,,16384,16384,128,1,1,0,0,32,2,42,64,0,0,368.959932,10.738147,0.000000,true,216-0-51-90-15524944-21766980-21762269-15537172-15531770-21768539-21764055-15534177-51-75-51-51
wire,CUDA,simple,bit_planes,bit_planes,,16384,16384,128,1,1,0,0,32,2,42,64,0,0,12.004175,0.349367,0.000000,true,216-0-51-90-15524944-21766980-21762269-15537172-15531770-21768539-21764055-15534177-51-75-51-51
wire,CUDA,simple,tiled_bit_planes,tiled_bit_planes,,16384,16384,128,1,1,0,0,32,2,42,64,0,0,17.508820,0.509574,0.000000,true,216-0-51-90-15524944-21766980-21762269-15537172-15531770-21768539-21764055-15534177-51-75-51-51
wire,CUDA,temporal,bit_planes,bit_planes,,15360,17472,128,1,1,0,0,32,2,42,64,2,32,12.765426,0.371614,0.000000,true,216-0-51-90-13643100-19128996-19125920-13654894-13647325-19128593-19123198-13654779-33-75-51-51
wire,CUDA,temporal,tiled_bit_planes,tiled_bit_planes,,16320,16320,128,1,1,0,0,32,2,42,64,2,32,15.932146,0.467330,0.000000,true,216-0-51-90-15403260-21599108-21591949-15412144-15409464-21595263-21594681-15413032-35-75-51-51
wire,CUDA,temporal,bit_planes,bit_planes,,15360,17472,126,1,1,0,0,32,2,42,64,3,32,11.586970,0.342662,0.000000,true,216-0-51-90-13642338-19127682-19124761-13654183-13646622-19127465-19121941-13654011-35-75-51-51
wire,CUDA,temporal,tiled_bit_planes,tiled_bit_planes,,16320,16320,126,1,1,0,0,32,2,42,64,3,32,14.225423,0.423891,0.000000,true,216-0-51-90-15402457-21597743-21590624-15411283-15408676-21593975-21593417-15412179-34-75-51-51
wire,CUDA,temporal,bit_planes,bit_planes,,15360,17472,128,1,1,0,0,32,2,42,64,4,32,11.643926,0.338966,0.000000,true,216-0-51-90-13643100-19128996-19125920-13654894-13647325-19128593-19123198-13654779-33-75-51-51
wire,CUDA,temporal,tiled_bit_planes,tiled_bit_planes,,16320,16320,128,1,1,0,0,32,2,42,64,4,32,13.954850,0.409331,0.000000,true,216-0-51-90-15403260-21599108-21591949-15412144-15409464-21595263-21594681-15413032-35-75-51-51
wire,CUDA,temporal,bit_planes,bit_planes,,15360,17468,125,1,1,0,0,32,2,42,64,5,32,11.472335,0.342064,0.000000,true,216-0-51-90-13641957-19127104-19124069-13653762-13646272-19126823-19121330-13653651-33-75-51-51
wire,CUDA,temporal,tiled_bit_planes,tiled_bit_planes,,16320,16320,125,1,1,0,0,32,2,42,64,5,32,13.380474,0.401903,0.000000,true,216-0-51-90-15401965-21596935-21590022-15410880-15408232-21593276-21592802-15411733-35-75-51-51
wire,CUDA,temporal,bit_planes,bit_planes,,15360,17460,126,1,1,0,0,32,2,42,64,6,32,12.607045,0.373085,0.000000,true,216-0-51-90-13642338-19127684-19124937-13654183-13646620-19127809-19121941-13654083-35-75-51-51
wire,CUDA,temporal,tiled_bit_planes,tiled_bit_planes,,16320,16320,126,1,1,0,0,32,2,42,64,6,32,13.331069,0.397241,0.000000,true,216-0-51-90-15402457-21597743-21590624-15411283-15408676-21593975-21593417-15412179-34-75-51-51
wire,CUDA,temporal,bit_planes,bit_planes,,15360,17460,126,1,1,0,0,32,2,42,64,7,32,14.253656,0.421813,0.000000,true,216-0-51-90-13642338-19127684-19124937-13654183-13646620-19127809-19121941-13654083-35-75-51-51
wire,CUDA,temporal,tiled_bit_planes,tiled_bit_planes,,16320,16320,126,1,1,0,0,32,2,42,64,7,32,13.216925,0.393840,0.000000,true,216-0-51-90-15402457-21597743-21590624-15411283-15408676-21593975-21593417-15412179-34-75-51-51
wire,CUDA,temporal,bit_planes,bit_planes,,15360,17472,128,1,1,0,0,32,2,42,64,8,32,15.477483,0.450564,0.000000,true,216-0-51-90-13643100-19128996-19125920-13654894-13647325-19128593-19123198-13654779-33-75-51-51
wire,CUDA,temporal,tiled_bit_planes,tiled_bit_planes,,16320,16320,128,1,1,0,0,32,2,42,64,8,32,13.341234,0.391332,0.000000,true,216-0-51-90-15403260-21599108-21591949-15412144-15409464-21595263-21594681-15413032-35-75-51-51
wire,CUDA,temporal,bit_planes,bit_planes,,15360,17472,126,1,1,0,0,32,2,42,64,9,32,17.626900,0.521281,0.000000,true,216-0-51-90-13642338-19127682-19124761-13654183-13646622-19127465-19121941-13654011-35-75-51-51
wire,CUDA,temporal,tiled_bit_planes,tiled_bit_planes,,16352,16352,126,1,1,0,0,32,2,42,64,9,32,14.863346,0.441168,0.000000,true,216-0-51-90-15465018-21679271-21677777-15473758-15470798-21678252-21676136-15474048-51-75-51-51
wire,CUDA,temporal,bit_planes,bit_planes,,15360,17472,120,1,1,0,0,32,2,42,64,10,32,19.085374,0.592633,0.000000,true,216-0-51-90-13639965-19123989-19120904-13651544-13644321-19123722-19118209-13651717-35-75-51-51
wire,CUDA,temporal,tiled_bit_planes,tiled_bit_planes,,16352,16352,120,1,1,0,0,32,2,42,64,10,32,14.102505,0.439515,0.000000,true,216-0-51-90-15462047-21674851-21673300-15470905-15467669-21674160-21671967-15471401-51-75-51-51
wire,CUDA,temporal,bit_planes,bit_planes,,15360,17472,120,1,1,0,0,32,2,42,64,12,32,28.799007,0.894257,0.000000,true,216-0-51-90-13639965-19123989-19120904-13651544-13644321-19123722-19118209-13651717-35-75-51-51
wire,CUDA,temporal,tiled_bit_planes,tiled_bit_planes,,16352,16352,120,1,1,0,0,32,2,42,64,12,32,14.042574,0.437647,0.000000,true,216-0-51-90-15462047-21674851-21673300-15470905-15467669-21674160-21671967-15471401-51-75-51-51
wire,CUDA,temporal,bit_planes,bit_planes,,15360,17476,126,1,1,0,0,32,2,42,64,14,32,58.930055,1.742341,0.000000,true,216-0-51-90-13642338-19127679-19125241-13654183-13646699-19128045-19121941-13654023-35-75-51-51
wire,CUDA,temporal,tiled_bit_planes,tiled_bit_planes,,16352,16352,126,1,1,0,0,32,2,42,64,14,32,14.663180,0.435227,0.000000,true,216-0-51-90-15465018-21679271-21677777-15473758-15470798-21678252-21676136-15474048-51-75-51-51
wire,CUDA,temporal,tiled_bit_planes,tiled_bit_planes,,16352,16352,128,1,1,0,0,32,2,42,64,16,32,14.854412,0.434014,0.000000,true,216-0-51-90-15465830-21680650-21679235-15474727-15471756-21679469-21677686-15474900-51-75-51-51
wire,CUDA,temporal,tiled_bit_planes,tiled_bit_planes,,16224,16432,126,1,1,0,0,32,2,42,64,18,32,17.071193,0.508212,0.000000,true,216-0-51-90-15223790-21341920-21339077-15232996-15228020-21343477-21339426-15233936-51-75-35-51
wire,CUDA,temporal,tiled_bit_planes,tiled_bit_planes,,16224,16432,120,1,1,0,0,32,2,42,64,20,32,16.228738,0.507289,0.000000,true,216-0-51-90-15221087-21337470-21334823-15230290-15225351-21338813-21335302-15231327-51-75-35-51
wire,CUDA,temporal,tiled_bit_planes,tiled_bit_planes,,16224,16432,110,1,1,0,0,32,2,42,64,22,32,14.858168,0.506669,0.000000,true,216-0-51-90-15215557-21329072-21326271-15224719-15220128-21330444-21327138-15226366-51-75-33-51
wire,CUDA,temporal,tiled_bit_planes,tiled_bit_planes,,16224,16432,120,1,1,0,0,32,2,42,64,24,32,16.186373,0.505964,0.000000,true,216-0-51-90-15221087-21337470-21334823-15230290-15225351-21338813-21335302-15231327-51-75-35-51
wire,CUDA,,,,baseline,16384,16384,128,1,1,0,0,32,4,42,0,0,0,291.376862,8.480183,0.000000,true,216-0-51-90-15524944-21766980-21762269-15537172-15531770-21768539-21764055-15534177-51-75-51-51
wire,CUDA,simple,standard,standard,,16384,16384,128,1,1,0,0,32,4,42,0,0,0,300.615961,8.749076,0.000000,true,216-0-51-90-15524944-21766980-21762269-15537172-15531770-21768539-21764055-15534177-51-75-51-51
wire,CUDA,simple,bit_array,bit_array,,16384,16384,128,1,1,0,0,32,4,42,32,0,0,191.286971,5.567184,0.000000,true,216-0-51-90-15524944-21766980-21762269-15537172-15531770-21768539-21764055-15534177-51-75-51-51
wire,CUDA,simple,bit_planes,bit_planes,,16384,16384,128,1,1,0,0,32,4,42,32,0,0,19.572467,0.569634,0.000000,true,216-0-51-90-15524944-21766980-21762269-15537172-15531770-21768539-21764055-15534177-51-75-51-51
wire,CUDA,simple,tiled_bit_planes,tiled_bit_planes,,16384,16384,128,1,1,0,0,32,4,42,32,0,0,24.510647,0.713354,0.000000,true,216-0-51-90-15524944-21766980-21762269-15537172-15531770-21768539-21764055-15534177-51-75-51-51
wire,CUDA,temporal,bit_planes,bit_planes,,16320,16440,128,1,1,0,0,32,4,42,32,2,64,13.812103,0.402187,0.000000,true,216-0-51-90-15403499-21599095-21593089-15412136-15409770-21595144-21594681-15413936-35-75-51-51
wire,CUDA,temporal,tiled_bit_planes,tiled_bit_planes,,16320,16368,128,1,1,0,0,32,4,42,32,2,64,18.364705,0.537104,0.000000,true,216-0-51-90-15402508-21599330-21591675-15412142-15409265-21596567-21594681-15413888-35-75-51-51
wire,CUDA,temporal,bit_planes,bit_planes,,16320,16414,126,1,1,0,0,32,4,42,32,3,64,12.753188,0.377845,0.000000,true,216-0-51-90-15404818-21601808-21593918-15414554-15406391-21590017-21590410-15409424-34-75-51-51
wire,CUDA,temporal,tiled_bit_planes,tiled_bit_planes,,16320,16368,126,1,1,0,0,32,4,42,32,3,64,16.980034,0.504490,0.000000,true,216-0-51-90-15401729-21597952-21590348-15411284-15408477-21595243-21593417-15413014-34-75-51-51
wire,CUDA,temporal,bit_planes,bit_planes,,16320,16408,128,1,1,0,0,32,4,42,32,4,64,12.612784,0.367981,0.000000,true,216-0-51-90-15402302-21600213-21592248-15412399-15410217-21594317-21594681-15413276-35-75-51-51
wire,CUDA,temporal,tiled_bit_planes,tiled_bit_planes,,16320,16368,128,1,1,0,0,32,4,42,32,4,64,16.720879,0.489028,0.000000,true,216-0-51-90-15402508-21599330-21591675-15412142-15409265-21596567-21594681-15413888-35-75-51-51
wire,CUDA,temporal,bit_planes,bit_planes,,16320,16416,125,1,1,0,0,32,4,42,32,5,64,12.424917,0.371019,0.000000,true,216-0-51-90-15401281-21597988-21590309-15411129-15408981-21592342-21592802-15412003-35-75-51-51
wire,CUDA,temporal,tiled_bit_planes,tiled_bit_planes,,16320,16320,125,1,1,0,0,32,4,42,32,5,64,16.382092,0.492061,0.000000,true,216-0-51-90-15401965-21596935-21590022-15410880-15408232-21593276-21592802-15411733-35-75-51-51
wire,CUDA,temporal,bit_planes,bit_planes,,16320,16432,126,1,1,0,0,32,4,42,32,6,64,12.844508,0.380134,0.000000,true,216-0-51-90-15402699-21597902-21591732-15411278-15408146-21593289-21593417-15412954-34-75-51-51
wire,CUDA,temporal,tiled_bit_planes,tiled_bit_planes,,16320,16320,126,1,1,0,0,32,4,42,32,6,64,16.327539,0.486530,0.000000,true,216-0-51-90-15402457-21597743-21590624-15411283-15408676-21593975-21593417-15412179-34-75-51-51
wire,CUDA,temporal,bit_planes,bit_planes,,16320,16400,126,1,1,0,0,32,4,42,32,7,64,13.233671,0.392415,0.000000,true,216-0-51-90-15401541-21597740-21591514-15411532-15408472-21593301-21593417-15412982-34-75-51-51
wire,CUDA,temporal,tiled_bit_planes,tiled_bit_planes,,16320,16320,126,1,1,0,0,32,4,42,32,7,64,16.196909,0.482638,0.000000,true,216-0-51-90-15402457-21597743-21590624-15411283-15408676-21593975-21593417-15412179-34-75-51-51
wire,CUDA,temporal,bit_planes,bit_planes,,16320,16416,128,1,1,0,0,32,4,42,32,8,64,13.355506,0.389460,0.000000,true,216-0-51-90-15402558-21600189-21592248-15412399-15410227-21594317-21594681-15413313-35-75-51-51
wire,CUDA,temporal,tiled_bit_planes,tiled_bit_planes,,16320,16320,128,1,1,0,0,32,4,42,32,8,64,16.358856,0.479847,0.000000,true,216-0-51-90-15403260-21599108-21591949-15412144-15409464-21595263-21594681-15413032-35-75-51-51
wire,CUDA,temporal,bit_planes,bit_planes,,16320,16422,126,1,1,0,0,32,4,42,32,9,64,13.908860,0.411884,0.000000,true,216-0-51-90-15404818-21600921-21594359-15414554-15405218-21590417-21590410-15409929-34-75-51-51
wire,CUDA,temporal,tiled_bit_planes,tiled_bit_planes,,16352,16240,126,1,1,0,0,32,4,42,32,9,64,17.722476,0.529660,0.000000,true,157310-157799-157861-157224-15307353-21522149-21521087-15316624-15300403-21509981-21506233-15304411-168860-169907-169954-169022
wire,CUDA,temporal,bit_planes,bit_planes,,16320,16412,120,1,1,0,0,32,4,42,32,10,64,13.600810,0.423157,0.000000,true,216-0-51-90-15399076-21593286-21586829-15408887-15405890-21588906-21589505-15409886-34-75-51-51
wire,CUDA,temporal,tiled_bit_planes,tiled_bit_planes,,16352,16240,120,1,1,0,0,32,4,42,32,10,64,16.818267,0.527768,0.000000,true,157265-157773-157821-157194-15304463-21517714-21516602-15313801-15297360-21505866-21502126-15301835-168853-169868-169892-168991
wire,CUDA,temporal,bit_planes,bit_planes,,16320,16440,120,1,1,0,0,32,4,42,32,12,64,14.959533,0.464638,0.000000,true,216-0-51-90-15399948-21593083-21587610-15408645-15406233-21589695-21589505-15410519-34-75-51-51
wire,CUDA,temporal,tiled_bit_planes,tiled_bit_planes,,16352,16240,120,1,1,0,0,32,4,42,32,12,64,16.595437,0.520775,0.000000,true,157265-157773-157821-157194-15304463-21517714-21516602-15313801-15297360-21505866-21502126-15301835-168853-169868-169892-168991
wire,CUDA,temporal,bit_planes,bit_planes,,16320,16416,126,1,1,0,0,32,4,42,32,14,64,17.320573,0.513103,0.000000,true,216-0-51-90-15401781-21598793-21590911-15411532-15409428-21593032-21593417-15412446-34-75-51-51
wire,CUDA,temporal,tiled_bit_planes,tiled_bit_planes,,16352,16352,126,1,1,0,0,32,4,42,32,14,64,18.093812,0.537054,0.000000,true,216-0-51-90-15465018-21679271-21677777-15473758-15470798-21678252-21676136-15474048-51-75-51-51
wire,CUDA,temporal,bit_planes,bit_planes,,16320,16448,128,1,1,0,0,32,4,42,32,16,64,19.628322,0.571268,0.000000,true,216-0-51-90-15402782-21600237-21591860-15412138-15410460-21595702-21594681-15413269-35-75-51-51
wire,CUDA,temporal,tiled_bit_planes,tiled_bit_planes,,16352,16352,128,1,1,0,0,32,4,42,32,16,64,18.312366,0.535048,0.000000,true,216-0-51-90-15465830-21680650-21679235-15474727-15471756-21679469-21677686-15474900-51-75-51-51
wire,CUDA,temporal,bit_planes,bit_planes,,16320,16436,126,1,1,0,0,32,4,42,32,18,64,21.962973,0.649837,0.000000,true,216-0-51-90-15402699-21598823-21591732-15411277-15408983-21593289-21593417-15412954-34-75-51-51
wire,CUDA,temporal,tiled_bit_planes,tiled_bit_planes,,16224,16416,126,1,1,0,0,32,4,42,32,18,64,19.801887,0.590080,0.000000,true,216-0-51-90-15223784-21342040-21338880-15232996-15229419-21343491-21339426-15234676-51-75-35-51
wire,CUDA,temporal,bit_planes,bit_planes,,16320,16440,120,1,1,0,0,32,4,42,32,20,64,24.384215,0.757366,0.000000,true,216-0-51-90-15399948-21593083-21587610-15408645-15406233-21589695-21589505-15410519-34-75-51-51
wire,CUDA,temporal,tiled_bit_planes,tiled_bit_planes,,16224,16416,120,1,1,0,0,32,4,42,32,20,64,18.831517,0.589222,0.000000,true,216-0-51-90-15221081-21337602-21334638-15230290-15226673-21338824-21335302-15232029-51-75-35-51
wire,CUDA,temporal,bit_planes,bit_planes,,16320,16440,110,1,1,0,0,32,4,42,32,22,64,26.607174,0.901538,0.000000,true,216-0-51-90-15394768-21584588-21578921-15403668-15400526-21581823-21581432-15405048-35-75-51-51
wire,CUDA,temporal,tiled_bit_planes,tiled_bit_planes,,16224,16432,110,1,1,0,0,32,4,42,32,22,64,18.319206,0.624692,0.000000,true,216-0-51-90-15215557-21329072-21326271-15224719-15220128-21330444-21327138-15226366-51-75-33-51
wire,CUDA,temporal,bit_planes,bit_planes,,16320,16448,120,1,1,0,0,32,4,42,32,24,64,36.384755,1.129549,0.000000,true,216-0-51-90-15399284-21594131-21586465-15408644-15406861-21590200-21589505-15409888-34-75-51-51
wire,CUDA,temporal,tiled_bit_planes,tiled_bit_planes,,16224,16432,120,1,1,0,0,32,4,42,32,24,64,19.959607,0.623911,0.000000,true,216-0-51-90-15221087-21337470-21334823-15230290-15225351-21338813-21335302-15231327-51-75-35-51
wire,CUDA,simple,bit_array,bit_array,,16384,16384,128,1,1,0,0,32,4,42,64,0,0,268.954973,7.827620,0.000000,true,216-0-51-90-15524944-21766980-21762269-15537172-15531770-21768539-21764055-15534177-51-75-51-51
wire,CUDA,simple,bit_planes,bit_planes,,16384,16384,128,1,1,0,0,32,4,42,64,0,0,11.953659,0.347897,0.000000,true,216-0-51-90-15524944-21766980-21762269-15537172-15531770-21768539-21764055-15534177-51-75-51-51
wire,CUDA,simple,tiled_bit_planes,tiled_bit_planes,,16384,16384,128,1,1,0,0,32,4,42,64,0,0,17.317418,0.504003,0.000000,true,216-0-51-90-15524944-21766980-21762269-15537172-15531770-21768539-21764055-15534177-51-75-51-51
wire,CUDA,temporal,bit_planes,bit_planes,,15360,17472,128,1,1,0,0,32,4,42,64,2,32,10.653076,0.310121,0.000000,true,216-0-51-90-13643100-19128996-19125920-13654894-13647325-19128593-19123198-13654779-33-75-51-51
wire,CUDA,temporal,tiled_bit_planes,tiled_bit_planes,,16320,16320,128,1,1,0,0,32,4,42,64,2,32,14.220065,0.417111,0.000000,true,216-0-51-90-15403260-21599108-21591949-15412144-15409464-21595263-21594681-15413032-35-75-51-51
wire,CUDA,temporal,bit_planes,bit_planes,,15360,17472,126,1,1,0,0,32,4,42,64,3,32,10.245033,0.302977,0.000000,true,216-0-51-90-13642338-19127682-19124761-13654183-13646622-19127465-19121941-13654011-35-75-51-51
wire,CUDA,temporal,tiled_bit_planes,tiled_bit_planes,,16320,16320,126,1,1,0,0,32,4,42,64,3,32,13.305931,0.396492,0.000000,true,216-0-51-90-15402457-21597743-21590624-15411283-15408676-21593975-21593417-15412179-34-75-51-51
wire,CUDA,temporal,bit_planes,bit_planes,,15360,17472,128,1,1,0,0,32,4,42,64,4,32,10.650872,0.310057,0.000000,true,216-0-51-90-13643100-19128996-19125920-13654894-13647325-19128593-19123198-13654779-33-75-51-51
wire,CUDA,temporal,tiled_bit_planes,tiled_bit_planes,,16320,16320,128,1,1,0,0,32,4,42,64,4,32,13.232739,0.388150,0.000000,true,216-0-51-90-15403260-21599108-21591949-15412144-15409464-21595263-21594681-15413032-35-75-51-51
wire,CUDA,temporal,bit_planes,bit_planes,,15360,17468,125,1,1,0,0,32,4,42,64,5,32,11.165447,0.332914,0.000000,true,216-0-51-90-13641957-19127104-19124069-13653762-13646272-19126823-19121330-13653651-33-75-51-51
wire,CUDA,temporal,tiled_bit_planes,tiled_bit_planes,,16320,16320,125,1,1,0,0,32,4,42,64,5,32,12.718576,0.382022,0.000000,true,216-0-51-90-15401965-21596935-21590022-15410880-15408232-21593276-21592802-15411733-35-75-51-51
wire,CUDA,temporal,bit_planes,bit_planes,,15360,17460,126,1,1,0,0,32,4,42,64,6,32,12.071157,0.357226,0.000000,true,216-0-51-90-13642338-19127684-19124937-13654183-13646620-19127809-19121941-13654083-35-75-51-51
wire,CUDA,temporal,tiled_bit_planes,tiled_bit_planes,,16320,16320,126,1,1,0,0,32,4,42,64,6,32,12.805167,0.381570,0.000000,true,216-0-51-90-15402457-21597743-21590624-15411283-15408676-21593975-21593417-15412179-34-75-51-51
wire,CUDA,temporal,bit_planes,bit_planes,,15360,17460,126,1,1,0,0,32,4,42,64,7,32,13.259970,0.392407,0.000000,true,216-0-51-90-13642338-19127684-19124937-13654183-13646620-19127809-19121941-13654083-35-75-51-51
wire,CUDA,temporal,tiled_bit_planes,tiled_bit_planes,,16320,16320,126,1,1,0,0,32,4,42,64,7,32,12.727989,0.379270,0.000000,true,216-0-51-90-15402457-21597743-21590624-15411283-15408676-21593975-21593417-15412179-34-75-51-51
wire,CUDA,temporal,bit_planes,bit_planes,,15360,17472,128,1,1,0,0,32,4,42,64,8,32,15.301604,0.445444,0.000000,true,216-0-51-90-13643100-19128996-19125920-13654894-13647325-19128593-19123198-13654779-33-75-51-51
wire,CUDA,temporal,tiled_bit_planes,tiled_bit_planes,,16320,16320,128,1,1,0,0,32,4,42,64,8,32,12.861914,0.377273,0.000000,true,216-0-51-90-15403260-21599108-21591949-15412144-15409464-21595263-21594681-15413032-35-75-51-51
wire,CUDA,temporal,bit_planes,bit_planes,,15360,17472,126,1,1,0,0,32,4,42,64,9,32,17.087448,0.505327,0.000000,true,216-0-51-90-13642338-19127682-19124761-13654183-13646622-19127465-19121941-13654011-35-75-51-51
wire,CUDA,temporal,tiled_bit_planes,tiled_bit_planes,,16352,16352,126,1,1,0,0,32,4,42,64,9,32,14.409804,0.427706,0.000000,true,216-0-51-90-15465018-21679271-21677777-15473758-15470798-21678252-21676136-15474048-51-75-51-51
wire,CUDA,temporal,bit_planes,bit_planes,,15360,17472,120,1,1,0,0,32,4,42,64,10,32,18.941314,0.588159,0.000000,true,216-0-51-90-13639965-19123989-19120904-13651544-13644321-19123722-19118209-13651717-35-75-51-51
wire,CUDA,temporal,tiled_bit_planes,tiled_bit_planes,,16352,16352,120,1,1,0,0,32,4,42,64,10,32,13.686731,0.426557,0.000000,true,216-0-51-90-15462047-21674851-21673300-15470905-15467669-21674160-21671967-15471401-51-75-51-51
wire,CUDA,temporal,bit_planes,bit_planes,,15360,17472,120,1,1,0,0,32,4,42,64,12,32,27.182772,0.844070,0.000000,true,216-0-51-90-13639965-19123989-19120904-13651544-13644321-19123722-19118209-13651717-35-75-51-51
wire,CUDA,temporal,tiled_bit_planes,tiled_bit_planes,,16352,16352,120,1,1,0,0,32,4,42,64,12,32,13.628673,0.424747,0.000000,true,216-0-51-90-15462047-21674851-21673300-15470905-15467669-21674160-21671967-15471401-51-75-51-51
wire,CUDA,temporal,bit_planes,bit_planes,,15360,17476,126,1,1,0,0,32,4,42,64,14,32,58.805065,1.738645,0.000000,true,216-0-51-90-13642338-19127679-19125241-13654183-13646699-19128045-19121941-13654023-35-75-51-51
wire,CUDA,temporal,tiled_bit_planes,tiled_bit_planes,,16352,16352,126,1,1,0,0,32,4,42,64,14,32,14.270272,0.423565,0.000000,true,216-0-51-90-15465018-21679271-21677777-15473758-15470798-21678252-21676136-15474048-51-75-51-51
wire,CUDA,temporal,tiled_bit_planes,tiled_bit_planes,,16352,16352,128,1,1,0,0,32,4,42,64,16,32,14.465789,0.422659,0.000000,true,216-0-51-90-15465830-21680650-21679235-15474727-15471756-21679469-21677686-15474900-51-75-51-51
wire,CUDA,temporal,tiled_bit_planes,tiled_bit_planes,,16224,16432,126,1,1,0,0,32,4,42,64,18,32,16.593574,0.493993,0.000000,true,216-0-51-90-15223790-21341920-21339077-15232996-15228020-21343477-21339426-15233936-51-75-35-51
wire,CUDA,temporal,tiled_bit_planes,tiled_bit_planes,,16224,16432,120,1,1,0,0,32,4,42,64,20,32,15.786323,0.493459,0.000000,true,216-0-51-90-15221087-21337470-21334823-15230290-15225351-21338813-21335302-15231327-51-75-35-51
wire,CUDA,temporal,tiled_bit_planes,tiled_bit_planes,,16224,16432,110,1,1,0,0,32,4,42,64,22,32,14.465940,0.493294,0.000000,true,216-0-51-90-15215557-21329072-21326271-15224719-15220128-21330444-21327138-15226366-51-75-33-51
wire,CUDA,temporal,tiled_bit_planes,tiled_bit_planes,,16224,16432,120,1,1,0,0,32,4,42,64,24,32,15.758411,0.492587,0.000000,true,216-0-51-90-15221087-21337470-21334823-15230290-15225351-21338813-21335302-15231327-51-75-35-51
wire,CUDA,,,,baseline,16384,16384,128,1,1,0,0,32,8,42,0,0,0,300.974000,8.759496,0.000000,true,216-0-51-90-15524944-21766980-21762269-15537172-15531770-21768539-21764055-15534177-51-75-51-51
wire,CUDA,simple,standard,standard,,16384,16384,128,1,1,0,0,32,8,42,0,0,0,312.174080,9.085461,0.000000,true,216-0-51-90-15524944-21766980-21762269-15537172-15531770-21768539-21764055-15534177-51-75-51-51
wire,CUDA,simple,bit_array,bit_array,,16384,16384,128,1,1,0,0,32,8,42,32,0,0,183.628905,5.344305,0.000000,true,216-0-51-90-15524944-21766980-21762269-15537172-15531770-21768539-21764055-15534177-51-75-51-51
wire,CUDA,simple,bit_planes,bit_planes,,16384,16384,128,1,1,0,0,32,8,42,32,0,0,19.844992,0.577565,0.000000,true,216-0-51-90-15524944-21766980-21762269-15537172-15531770-21768539-21764055-15534177-51-75-51-51
wire,CUDA,simple,tiled_bit_planes,tiled_bit_planes,,16384,16384,128,1,1,0,0,32,8,42,32,0,0,24.911439,0.725018,0.000000,true,216-0-51-90-15524944-21766980-21762269-15537172-15531770-21768539-21764055-15534177-51-75-51-51
wire,CUDA,temporal,bit_planes,bit_planes,,16320,16440,128,1,1,0,0,32,8,42,32,2,64,13.264858,0.386252,0.000000,true,216-0-51-90-15403499-21599095-21593089-15412136-15409770-21595144-21594681-15413936-35-75-51-51
wire,CUDA,temporal,tiled_bit_planes,tiled_bit_planes,,16320,16368,128,1,1,0,0,32,8,42,32,2,64,17.576834,0.514061,0.000000,true,216-0-51-90-15402508-21599330-21591675-15412142-15409265-21596567-21594681-15413888-35-75-51-51
wire,CUDA,temporal,bit_planes,bit_planes,,16320,16414,126,1,1,0,0,32,8,42,32,3,64,12.436976,0.368476,0.000000,true,216-0-51-90-15404818-21601808-21593918-15414554-15406391-21590017-21590410-15409424-34-75-51-51
wire,CUDA,temporal,tiled_bit_planes,tiled_bit_planes,,16320,16368,126,1,1,0,0,32,8,42,32,3,64,16.335421,0.485338,0.000000,true,216-0-51-90-15401729-21597952-21590348-15411284-15408477-21595243-21593417-15413014-34-75-51-51
wire,CUDA,temporal,bit_planes,bit_planes,,16320,16408,128,1,1,0,0,32,8,42,32,4,64,12.303382,0.358954,0.000000,true,216-0-51-90-15402302-21600213-21592248-15412399-15410217-21594317-21594681-15413276-35-75-51-51
wire,CUDA,temporal,tiled_bit_planes,tiled_bit_planes,,16320,16368,128,1,1,0,0,32,8,42,32,4,64,16.149487,0.472316,0.000000,true,216-0-51-90-15402508-21599330-21591675-15412142-15409265-21596567-21594681-15413888-35-75-51-51
wire,CUDA,temporal,bit_planes,bit_planes,,16320,16416,125,1,1,0,0,32,8,42,32,5,64,12.256160,0.365980,0.000000,true,216-0-51-90-15401281-21597988-21590309-15411129-15408981-21592342-21592802-15412003-35-75-51-51
wire,CUDA,temporal,tiled_bit_planes,tiled_bit_planes,,16320,16320,125,1,1,0,0,32,8,42,32,5,64,15.888539,0.477236,0.000000,true,216-0-51-90-15401965-21596935-21590022-15410880-15408232-21593276-21592802-15411733-35-75-51-51
wire,CUDA,temporal,bit_planes,bit_planes,,16320,16432,126,1,1,0,0,32,8,42,32,6,64,12.794842,0.378664,0.000000,true,216-0-51-90-15402699-21597902-21591732-15411278-15408146-21593289-21593417-15412954-34-75-51-51
wire,CUDA,temporal,tiled_bit_planes,tiled_bit_planes,,16320,16320,126,1,1,0,0,32,8,42,32,6,64,15.837200,0.471919,0.000000,true,216-0-51-90-15402457-21597743-21590624-15411283-15408676-21593975-21593417-15412179-34-75-51-51
wire,CUDA,temporal,bit_planes,bit_planes,,16320,16400,126,1,1,0,0,32,8,42,32,7,64,12.831328,0.380485,0.000000,true,216-0-51-90-15401541-21597740-21591514-15411532-15408472-21593301-21593417-15412982-34-75-51-51
wire,CUDA,temporal,tiled_bit_planes,tiled_bit_planes,,16320,16320,126,1,1,0,0,32,8,42,32,7,64,15.706211,0.468016,0.000000,true,216-0-51-90-15402457-21597743-21590624-15411283-15408676-21593975-21593417-15412179-34-75-51-51
wire,CUDA,temporal,bit_planes,bit_planes,,16320,16416,128,1,1,0,0,32,8,42,32,8,64,13.663336,0.398437,0.000000,true,216-0-51-90-15402558-21600189-21592248-15412399-15410227-21594317-21594681-15413313-35-75-51-51
wire,CUDA,temporal,tiled_bit_planes,tiled_bit_planes,,16320,16320,128,1,1,0,0,32,8,42,32,8,64,15.875440,0.465667,0.000000,true,216-0-51-90-15403260-21599108-21591949-15412144-15409464-21595263-21594681-15413032-35-75-51-51
wire,CUDA,temporal,bit_planes,bit_planes,,16320,16422,126,1,1,0,0,32,8,42,32,9,64,14.135486,0.418595,0.000000,true,216-0-51-90-15404818-21600921-21594359-15414554-15405218-21590417-21590410-15409929-34-75-51-51
wire,CUDA,temporal,tiled_bit_planes,tiled_bit_planes,,16352,16240,126,1,1,0,0,32,8,42,32,9,64,17.262605,0.515916,0.000000,true,157310-157799-157861-157224-15307353-21522149-21521087-15316624-15300403-21509981-21506233-15304411-168860-169907-169954-169022
wire,CUDA,temporal,bit_planes,bit_planes,,16320,16412,120,1,1,0,0,32,8,42,32,10,64,13.873847,0.431652,0.000000,true,216-0-51-90-15399076-21593286-21586829-15408887-15405890-21588906-21589505-15409886-34-75-51-51
wire,CUDA,temporal,tiled_bit_planes,tiled_bit_planes,,16352,16240,120,1,1,0,0,32,8,42,32,10,64,16.377255,0.513929,0.000000,true,157265-157773-157821-157194-15304463-21517714-21516602-15313801-15297360-21505866-21502126-15301835-168853-169868-169892-168991
wire,CUDA,temporal,bit_planes,bit_planes,,16320,16440,120,1,1,0,0,32,8,42,32,12,64,15.210204,0.472424,0.000000,true,216-0-51-90-15399948-21593083-21587610-15408645-15406233-21589695-21589505-15410519-34-75-51-51
wire,CUDA,temporal,tiled_bit_planes,tiled_bit_planes,,16352,16240,120,1,1,0,0,32,8,42,32,12,64,16.291714,0.511244,0.000000,true,157265-157773-157821-157194-15304463-21517714-21516602-15313801-15297360-21505866-21502126-15301835-168853-169868-169892-168991
wire,CUDA,temporal,bit_planes,bit_planes,,16320,16416,126,1,1,0,0,32,8,42,32,14,64,17.411572,0.515798,0.000000,true,216-0-51-90-15401781-21598793-21590911-15411532-15409428-21593032-21593417-15412446-34-75-51-51
wire,CUDA,temporal,tiled_bit_planes,tiled_bit_planes,,16352,16352,126,1,1,0,0,32,8,42,32,14,64,17.759012,0.527116,0.000000,true,216-0-51-90-15465018-21679271-21677777-15473758-15470798-21678252-21676136-15474048-51-75-51-51
wire,CUDA,temporal,bit_planes,bit_planes,,16320,16448,128,1,1,0,0,32,8,42,32,16,64,19.910182,0.579471,0.000000,true,216-0-51-90-15402782-21600237-21591860-15412138-15410460-21595702-21594681-15413269-35-75-51-51
wire,CUDA,temporal,tiled_bit_planes,tiled_bit_planes,,16352,16352,128,1,1,0,0,32,8,42,32,16,64,17.976583,0.525237,0.000000,true,216-0-51-90-15465830-21680650-21679235-15474727-15471756-21679469-21677686-15474900-51-75-51-51
wire,CUDA,temporal,bit_planes,bit_planes,,16320,16436,126,1,1,0,0,32,8,42,32,18,64,22.312045,0.660165,0.000000,true,216-0-51-90-15402699-21598823-21591732-15411277-15408983-21593289-21593417-15412954-34-75-51-51
wire,CUDA,temporal,tiled_bit_planes,tiled_bit_planes,,16224,16416,126,1,1,0,0,32,8,42,32,18,64,19.625317,0.584818,0.000000,true,216-0-51-90-15223784-21342040-21338880-15232996-15229419-21343491-21339426-15234676-51-75-35-51
wire,CUDA,temporal,bit_planes,bit_planes,,16320,16440,120,1,1,0,0,32,8,42,32,20,64,24.795873,0.770152,0.000000,true,216-0-51-90-15399948-21593083-21587610-15408645-15406233-21589695-21589505-15410519-34-75-51-51
wire,CUDA,temporal,tiled_bit_planes,tiled_bit_planes,,16224,16416,120,1,1,0,0,32,8,42,32,20,64,18.647216,0.583455,0.000000,true,216-0-51-90-15221081-21337602-21334638-15230290-15226673-21338824-21335302-15232029-51-75-35-51
wire,CUDA,temporal,bit_planes,bit_planes,,16320,16440,110,1,1,0,0,32,8,42,32,22,64,26.837015,0.909326,0.000000,true,216-0-51-90-15394768-21584588-21578921-15403668-15400526-21581823-21581432-15405048-35-75-51-51
wire,CUDA,temporal,tiled_bit_planes,tiled_bit_planes,,16224,16432,110,1,1,0,0,32,8,42,32,22,64,17.756548,0.605505,0.000000,true,216-0-51-90-15215557-21329072-21326271-15224719-15220128-21330444-21327138-15226366-51-75-33-51
wire,CUDA,temporal,bit_planes,bit_planes,,16320,16448,120,1,1,0,0,32,8,42,32,24,64,36.568485,1.135253,0.000000,true,216-0-51-90-15399284-21594131-21586465-15408644-15406861-21590200-21589505-15409888-34-75-51-51
wire,CUDA,temporal,tiled_bit_planes,tiled_bit_planes,,16224,16432,120,1,1,0,0,32,8,42,32,24,64,19.342756,0.604629,0.000000,true,216-0-51-90-15221087-21337470-21334823-15230290-15225351-21338813-21335302-15231327-51-75-35-51
wire,CUDA,simple,bit_array,bit_array,,16384,16384,128,1,1,0,0,32,8,42,64,0,0,225.396218,6.559893,0.000000,true,216-0-51-90-15524944-21766980-21762269-15537172-15531770-21768539-21764055-15534177-51-75-51-51
wire,CUDA,simple,bit_planes,bit_planes,,16384,16384,128,1,1,0,0,32,8,42,64,0,0,12.111810,0.352500,0.000000,true,216-0-51-90-15524944-21766980-21762269-15537172-15531770-21768539-21764055-15534177-51-75-51-51
wire,CUDA,simple,tiled_bit_planes,tiled_bit_planes,,16384,16384,128,1,1,0,0,32,8,42,64,0,0,17.587390,0.511860,0.000000,true,216-0-51-90-15524944-21766980-21762269-15537172-15531770-21768539-21764055-15534177-51-75-51-51
wire,CUDA,temporal,bit_planes,bit_planes,,15360,17472,128,1,1,0,0,32,8,42,64,2,32,10.206585,0.297123,0.000000,true,216-0-51-90-13643100-19128996-19125920-13654894-13647325-19128593-19123198-13654779-33-75-51-51
wire,CUDA,temporal,tiled_bit_planes,tiled_bit_planes,,16320,16320,128,1,1,0,0,32,8,42,64,2,32,14.032910,0.411621,0.000000,true,216-0-51-90-15403260-21599108-21591949-15412144-15409464-21595263-21594681-15413032-35-75-51-51
wire,CUDA,temporal,bit_planes,bit_planes,,15360,17472,126,1,1,0,0,32,8,42,64,3,32,9.906657,0.292970,0.000000,true,216-0-51-90-13642338-19127682-19124761-13654183-13646622-19127465-19121941-13654011-35-75-51-51
wire,CUDA,temporal,tiled_bit_planes,tiled_bit_planes,,16320,16320,126,1,1,0,0,32,8,42,64,3,32,13.163563,0.392250,0.000000,true,216-0-51-90-15402457-21597743-21590624-15411283-15408676-21593975-21593417-15412179-34-75-51-51
wire,CUDA,temporal,bit_planes,bit_planes,,15360,17472,128,1,1,0,0,32,8,42,64,4,32,10.524841,0.306388,0.000000,true,216-0-51-90-13643100-19128996-19125920-13654894-13647325-19128593-19123198-13654779-33-75-51-51
wire,CUDA,temporal,tiled_bit_planes,tiled_bit_planes,,16320,16320,128,1,1,0,0,32,8,42,64,4,32,13.070361,0.383387,0.000000,true,216-0-51-90-15403260-21599108-21591949-15412144-15409464-21595263-21594681-15413032-35-75-51-51
wire,CUDA,temporal,bit_planes,bit_planes,,15360,17468,125,1,1,0,0,32,8,42,64,5,32,10.828453,0.322866,0.000000,true,216-0-51-90-13641957-19127104-19124069-13653762-13646272-19126823-19121330-13653651-33-75-51-51
wire,CUDA,temporal,tiled_bit_planes,tiled_bit_planes,,16320,16320,125,1,1,0,0,32,8,42,64,5,32,12.595457,0.378324,0.000000,true,216-0-51-90-15401965-21596935-21590022-15410880-15408232-21593276-21592802-15411733-35-75-51-51
wire,CUDA,temporal,bit_planes,bit_planes,,15360,17460,126,1,1,0,0,32,8,42,64,6,32,11.891574,0.351911,0.000000,true,216-0-51-90-13642338-19127684-19124937-13654183-13646620-19127809-19121941-13654083-35-75-51-51
wire,CUDA,temporal,tiled_bit_planes,tiled_bit_planes,,16320,16320,126,1,1,0,0,32,8,42,64,6,32,12.586113,0.375043,0.000000,true,216-0-51-90-15402457-21597743-21590624-15411283-15408676-21593975-21593417-15412179-34-75-51-51
wire,CUDA,temporal,bit_planes,bit_planes,,15360,17460,126,1,1,0,0,32,8,42,64,7,32,13.062359,0.386559,0.000000,true,216-0-51-90-13642338-19127684-19124937-13654183-13646620-19127809-19121941-13654083-35-75-51-51
wire,CUDA,temporal,tiled_bit_planes,tiled_bit_planes,,16320,16320,126,1,1,0,0,32,8,42,64,7,32,12.498680,0.372437,0.000000,true,216-0-51-90-15402457-21597743-21590624-15411283-15408676-21593975-21593417-15412179-34-75-51-51
wire,CUDA,temporal,bit_planes,bit_planes,,15360,17472,128,1,1,0,0,32,8,42,64,8,32,14.687447,0.427565,0.000000,true,216-0-51-90-13643100-19128996-19125920-13654894-13647325-19128593-19123198-13654779-33-75-51-51
wire,CUDA,temporal,tiled_bit_planes,tiled_bit_planes,,16320,16320,128,1,1,0,0,32,8,42,64,8,32,12.626365,0.370363,0.000000,true,216-0-51-90-15403260-21599108-21591949-15412144-15409464-21595263-21594681-15413032-35-75-51-51
wire,CUDA,temporal,bit_planes,bit_planes,,15360,17472,126,1,1,0,0,32,8,42,64,9,32,16.410355,0.485304,0.000000,true,216-0-51-90-13642338-19127682-19124761-13654183-13646622-19127465-19121941-13654011-35-75-51-51
wire,CUDA,temporal,tiled_bit_planes,tiled_bit_planes,,16352,16352,126,1,1,0,0,32,8,42,64,9,32,14.155237,0.420150,0.000000,true,216-0-51-90-15465018-21679271-21677777-15473758-15470798-21678252-21676136-15474048-51-75-51-51
wire,CUDA,temporal,bit_planes,bit_planes,,15360,17472,120,1,1,0,0,32,8,42,64,10,32,18.198832,0.565104,0.000000,true,216-0-51-90-13639965-19123989-19120904-13651544-13644321-19123722-19118209-13651717-35-75-51-51
wire,CUDA,temporal,tiled_bit_planes,tiled_bit_planes,,16352,16352,120,1,1,0,0,32,8,42,64,10,32,13.445304,0.419032,0.000000,true,216-0-51-90-15462047-21674851-21673300-15470905-15467669-21674160-21671967-15471401-51-75-51-51
wire,CUDA,temporal,bit_planes,bit_planes,,15360,17472,120,1,1,0,0,32,8,42,64,12,32,26.987776,0.838015,0.000000,true,216-0-51-90-13639965-19123989-19120904-13651544-13644321-19123722-19118209-13651717-35-75-51-51
wire,CUDA,temporal,tiled_bit_planes,tiled_bit_planes,,16352,16352,120,1,1,0,0,32,8,42,64,12,32,13.394306,0.417443,0.000000,true,216-0-51-90-15462047-21674851-21673300-15470905-15467669-21674160-21671967-15471401-51-75-51-51
wire,CUDA,temporal,bit_planes,bit_planes,,15360,17476,126,1,1,0,0,32,8,42,64,14,32,55.891904,1.652514,0.000000,true,216-0-51-90-13642338-19127679-19125241-13654183-13646699-19128045-19121941-13654023-35-75-51-51
wire,CUDA,temporal,tiled_bit_planes,tiled_bit_planes,,16352,16352,126,1,1,0,0,32,8,42,64,14,32,14.018427,0.416090,0.000000,true,216-0-51-90-15465018-21679271-21677777-15473758-15470798-21678252-21676136-15474048-51-75-51-51
wire,CUDA,temporal,tiled_bit_planes,tiled_bit_planes,,16352,16352,128,1,1,0,0,32,8,42,64,16,32,14.206465,0.415082,0.000000,true,216-0-51-90-15465830-21680650-21679235-15474727-15471756-21679469-21677686-15474900-51-75-51-51
wire,CUDA,temporal,tiled_bit_planes,tiled_bit_planes,,16224,16432,126,1,1,0,0,32,8,42,64,18,32,16.469736,0.490307,0.000000,true,216-0-51-90-15223790-21341920-21339077-15232996-15228020-21343477-21339426-15233936-51-75-35-51
wire,CUDA,temporal,tiled_bit_planes,tiled_bit_planes,,16224,16432,120,1,1,0,0,32,8,42,64,20,32,15.658589,0.489467,0.000000,true,216-0-51-90-15221087-21337470-21334823-15230290-15225351-21338813-21335302-15231327-51-75-35-51
wire,CUDA,temporal,tiled_bit_planes,tiled_bit_planes,,16224,16432,110,1,1,0,0,32,8,42,64,22,32,14.346869,0.489233,0.000000,true,216-0-51-90-15215557-21329072-21326271-15224719-15220128-21330444-21327138-15226366-51-75-33-51
wire,CUDA,temporal,tiled_bit_planes,tiled_bit_planes,,16224,16432,120,1,1,0,0,32,8,42,64,24,32,15.629134,0.488546,0.000000,true,216-0-51-90-15221087-21337470-21334823-15230290-15225351-21338813-21335302-15231327-51-75-35-51
wire,CUDA,,,,baseline,16384,16384,128,1,1,0,0,32,16,42,0,0,0,317.926252,9.252872,0.000000,true,216-0-51-90-15524944-21766980-21762269-15537172-15531770-21768539-21764055-15534177-51-75-51-51
wire,CUDA,simple,standard,standard,,16384,16384,128,1,1,0,0,32,16,42,0,0,0,333.156678,9.696135,0.000000,true,216-0-51-90-15524944-21766980-21762269-15537172-15531770-21768539-21764055-15534177-51-75-51-51
wire,CUDA,simple,bit_array,bit_array,,16384,16384,128,1,1,0,0,32,16,42,32,0,0,174.852277,5.088871,0.000000,true,216-0-51-90-15524944-21766980-21762269-15537172-15531770-21768539-21764055-15534177-51-75-51-51
wire,CUDA,simple,bit_planes,bit_planes,,16384,16384,128,1,1,0,0,32,16,42,32,0,0,20.455855,0.595344,0.000000,true,216-0-51-90-15524944-21766980-21762269-15537172-15531770-21768539-21764055-15534177-51-75-51-51
wire,CUDA,simple,tiled_bit_planes,tiled_bit_planes,,16384,16384,128,1,1,0,0,32,16,42,32,0,0,25.585738,0.744643,0.000000,true,216-0-51-90-15524944-21766980-21762269-15537172-15531770-21768539-21764055-15534177-51-75-51-51
wire,CUDA,temporal,bit_planes,bit_planes,,16320,16440,128,1,1,0,0,32,16,42,32,2,64,14.870797,0.433014,0.000000,true,216-0-51-90-15403499-21599095-21593089-15412136-15409770-21595144-21594681-15413936-35-75-51-51
wire,CUDA,temporal,tiled_bit_planes,tiled_bit_planes,,16320,16368,128,1,1,0,0,32,16,42,32,2,64,18.559553,0.542802,0.000000,true,216-0-51-90-15402508-21599330-21591675-15412142-15409265-21596567-21594681-15413888-35-75-51-51
wire,CUDA,temporal,bit_planes,bit_planes,,16320,16414,126,1,1,0,0,32,16,42,32,3,64,13.729818,0.406780,0.000000,true,216-0-51-90-15404818-21601808-21593918-15414554-15406391-21590017-21590410-15409424-34-75-51-51
wire,CUDA,temporal,tiled_bit_planes,tiled_bit_planes,,16320,16368,126,1,1,0,0,32,16,42,32,3,64,16.822424,0.499807,0.000000,true,216-0-51-90-15401729-21597952-21590348-15411284-15408477-21595243-21593417-15413014-34-75-51-51
wire,CUDA,temporal,bit_planes,bit_planes,,16320,16408,128,1,1,0,0,32,16,42,32,4,64,12.742121,0.371754,0.000000,true,216-0-51-90-15402302-21600213-21592248-15412399-15410217-21594317-21594681-15413276-35-75-51-51
wire,CUDA,temporal,tiled_bit_planes,tiled_bit_planes,,16320,16368,128,1,1,0,0,32,16,42,32,4,64,16.464488,0.481529,0.000000,true,216-0-51-90-15402508-21599330-21591675-15412142-15409265-21596567-21594681-15413888-35-75-51-51
wire,CUDA,temporal,bit_planes,bit_planes,,16320,16416,125,1,1,0,0,32,16,42,32,5,64,12.403295,0.370373,0.000000,true,216-0-51-90-15401281-21597988-21590309-15411129-15408981-21592342-21592802-15412003-35-75-51-51
wire,CUDA,temporal,tiled_bit_planes,tiled_bit_planes,,16320,16320,125,1,1,0,0,32,16,42,32,5,64,16.136558,0.484686,0.000000,true,216-0-51-90-15401965-21596935-21590022-15410880-15408232-21593276-21592802-15411733-35-75-51-51
wire,CUDA,temporal,bit_planes,bit_planes,,16320,16432,126,1,1,0,0,32,16,42,32,6,64,12.626184,0.373672,0.000000,true,216-0-51-90-15402699-21597902-21591732-15411278-15408146-21593289-21593417-15412954-34-75-51-51
wire,CUDA,temporal,tiled_bit_planes,tiled_bit_planes,,16320,16320,126,1,1,0,0,32,16,42,32,6,64,16.038589,0.477920,0.000000,true,216-0-51-90-15402457-21597743-21590624-15411283-15408676-21593975-21593417-15412179-34-75-51-51
wire,CUDA,temporal,bit_planes,bit_planes,,16320,16400,126,1,1,0,0,32,16,42,32,7,64,12.702761,0.376672,0.000000,true,216-0-51-90-15401541-21597740-21591514-15411532-15408472-21593301-21593417-15412982-34-75-51-51
wire,CUDA,temporal,tiled_bit_planes,tiled_bit_planes,,16320,16320,126,1,1,0,0,32,16,42,32,7,64,15.928991,0.474654,0.000000,true,216-0-51-90-15402457-21597743-21590624-15411283-15408676-21593975-21593417-15412179-34-75-51-51
wire,CUDA,temporal,bit_planes,bit_planes,,16320,16416,128,1,1,0,0,32,16,42,32,8,64,13.295145,0.387700,0.000000,true,216-0-51-90-15402558-21600189-21592248-15412399-15410227-21594317-21594681-15413313-35-75-51-51
wire,CUDA,temporal,tiled_bit_planes,tiled_bit_planes,,16320,16320,128,1,1,0,0,32,16,42,32,8,64,16.072731,0.471454,0.000000,true,216-0-51-90-15403260-21599108-21591949-15412144-15409464-21595263-21594681-15413032-35-75-51-51
wire,CUDA,temporal,bit_planes,bit_planes,,16320,16422,126,1,1,0,0,32,16,42,32,9,64,13.735947,0.406763,0.000000,true,216-0-51-90-15404818-21600921-21594359-15414554-15405218-21590417-21590410-15409929-34-75-51-51
wire,CUDA,temporal,tiled_bit_planes,tiled_bit_planes,,16352,16240,126,1,1,0,0,32,16,42,32,9,64,17.237337,0.515161,0.000000,true,157310-157799-157861-157224-15307353-21522149-21521087-15316624-15300403-21509981-21506233-15304411-168860-169907-169954-169022
wire,CUDA,temporal,bit_planes,bit_planes,,16320,16412,120,1,1,0,0,32,16,42,32,10,64,13.487488,0.419632,0.000000,true,216-0-51-90-15399076-21593286-21586829-15408887-15405890-21588906-21589505-15409886-34-75-51-51
wire,CUDA,temporal,tiled_bit_planes,tiled_bit_planes,,16352,16240,120,1,1,0,0,32,16,42,32,10,64,16.342672,0.512844,0.000000,true,157265-157773-157821-157194-15304463-21517714-21516602-15313801-15297360-21505866-21502126-15301835-168853-169868-169892-168991
wire,CUDA,temporal,bit_planes,bit_planes,,16320,16440,120,1,1,0,0,32,16,42,32,12,64,14.795783,0.459552,0.000000,true,216-0-51-90-15399948-21593083-21587610-15408645-15406233-21589695-21589505-15410519-34-75-51-51
wire,CUDA,temporal,tiled_bit_planes,tiled_bit_planes,,16352,16240,120,1,1,0,0,32,16,42,32,12,64,16.253356,0.510041,0.000000,true,157265-157773-157821-157194-15304463-21517714-21516602-15313801-15297360-21505866-21502126-15301835-168853-169868-169892-168991
wire,CUDA,temporal,bit_planes,bit_planes,,16320,16416,126,1,1,0,0,32,16,42,32,14,64,16.927875,0.501469,0.000000,true,216-0-51-90-15401781-21598793-21590911-15411532-15409428-21593032-21593417-15412446-34-75-51-51
wire,CUDA,temporal,tiled_bit_planes,tiled_bit_planes,,16352,16352,126,1,1,0,0,32,16,42,32,14,64,17.670187,0.524480,0.000000,true,216-0-51-90-15465018-21679271-21677777-15473758-15470798-21678252-21676136-15474048-51-75-51-51
wire,CUDA,temporal,bit_planes,bit_planes,,16320,16448,128,1,1,0,0,32,16,42,32,16,64,19.356197,0.563348,0.000000,true,216-0-51-90-15402782-21600237-21591860-15412138-15410460-21595702-21594681-15413269-35-75-51-51
wire,CUDA,temporal,tiled_bit_planes,tiled_bit_planes,,16352,16352,128,1,1,0,0,32,16,42,32,16,64,17.916583,0.523484,0.000000,true,216-0-51-90-15465830-21680650-21679235-15474727-15471756-21679469-21677686-15474900-51-75-51-51
wire,CUDA,temporal,bit_planes,bit_planes,,16320,16436,126,1,1,0,0,32,16,42,32,18,64,21.691409,0.641802,0.000000,true,216-0-51-90-15402699-21598823-21591732-15411277-15408983-21593289-21593417-15412954-34-75-51-51
wire,CUDA,temporal,tiled_bit_planes,tiled_bit_planes,,16224,16416,126,1,1,0,0,32,16,42,32,18,64,19.459315,0.579871,0.000000,true,216-0-51-90-15223784-21342040-21338880-15232996-15229419-21343491-21339426-15234676-51-75-35-51
wire,CUDA,temporal,bit_planes,bit_planes,,16320,16440,120,1,1,0,0,32,16,42,32,20,64,24.099091,0.748510,0.000000,true,216-0-51-90-15399948-21593083-21587610-15408645-15406233-21589695-21589505-15410519-34-75-51-51
wire,CUDA,temporal,tiled_bit_planes,tiled_bit_planes,,16224,16416,120,1,1,0,0,32,16,42,32,20,64,18.649921,0.583540,0.000000,true,216-0-51-90-15221081-21337602-21334638-15230290-15226673-21338824-21335302-15232029-51-75-35-51
wire,CUDA,temporal,bit_planes,bit_planes,,16320,16440,110,1,1,0,0,32,16,42,32,22,64,26.520093,0.898588,0.000000,true,216-0-51-90-15394768-21584588-21578921-15403668-15400526-21581823-21581432-15405048-35-75-51-51
wire,CUDA,temporal,tiled_bit_planes,tiled_bit_planes,,16224,16432,110,1,1,0,0,32,16,42,32,22,64,18.054263,0.615657,0.000000,true,216-0-51-90-15215557-21329072-21326271-15224719-15220128-21330444-21327138-15226366-51-75-33-51
wire,CUDA,temporal,bit_planes,bit_planes,,16320,16448,120,1,1,0,0,32,16,42,32,24,64,36.145261,1.122114,0.000000,true,216-0-51-90-15399284-21594131-21586465-15408644-15406861-21590200-21589505-15409888-34-75-51-51
wire,CUDA,temporal,tiled_bit_planes,tiled_bit_planes,,16224,16432,120,1,1,0,0,32,16,42,32,24,64,19.662815,0.614633,0.000000,true,216-0-51-90-15221087-21337470-21334823-15230290-15225351-21338813-21335302-15231327-51-75-35-51
wire,CUDA,simple,bit_array,bit_array,,16384,16384,128,1,1,0,0,32,16,42,64,0,0,206.794698,6.018518,0.000000,true,216-0-51-90-15524944-21766980-21762269-15537172-15531770-21768539-21764055-15534177-51-75-51-51
wire,CUDA,simple,bit_planes,bit_planes,,16384,16384,128,1,1,0,0,32,16,42,64,0,0,12.645043,0.368019,0.000000,true,216-0-51-90-15524944-21766980-21762269-15537172-15531770-21768539-21764055-15534177-51-75-51-51
wire,CUDA,simple,tiled_bit_planes,tiled_bit_planes,,16384,16384,128,1,1,0,0,32,16,42,64,0,0,19.348516,0.563116,0.000000,true,216-0-51-90-15524944-21766980-21762269-15537172-15531770-21768539-21764055-15534177-51-75-51-51
wire,CUDA,temporal,bit_planes,bit_planes,,15360,17472,128,1,1,0,0,32,16,42,64,2,32,12.129788,0.353110,0.000000,true,216-0-51-90-13643100-19128996-19125920-13654894-13647325-19128593-19123198-13654779-33-75-51-51
wire,CUDA,temporal,tiled_bit_planes,tiled_bit_planes,,16320,16320,128,1,1,0,0,32,16,42,64,2,32,15.981231,0.468770,0.000000,true,216-0-51-90-15403260-21599108-21591949-15412144-15409464-21595263-21594681-15413032-35-75-51-51
wire,CUDA,temporal,bit_planes,bit_planes,,15360,17472,126,1,1,0,0,32,16,42,64,3,32,11.181692,0.330676,0.000000,true,216-0-51-90-13642338-19127682-19124761-13654183-13646622-19127465-19121941-13654011-35-75-51-51
wire,CUDA,temporal,tiled_bit_planes,tiled_bit_planes,,16320,16320,126,1,1,0,0,32,16,42,64,3,32,14.081104,0.419591,0.000000,true,216-0-51-90-15402457-21597743-21590624-15411283-15408676-21593975-21593417-15412179-34-75-51-51
wire,CUDA,temporal,bit_planes,bit_planes,,15360,17472,128,1,1,0,0,32,16,42,64,4,32,11.491715,0.334535,0.000000,true,216-0-51-90-13643100-19128996-19125920-13654894-13647325-19128593-19123198-13654779-33-75-51-51
wire,CUDA,temporal,tiled_bit_planes,tiled_bit_planes,,16320,16320,128,1,1,0,0,32,16,42,64,4,32,13.537504,0.397089,0.000000,true,216-0-51-90-15403260-21599108-21591949-15412144-15409464-21595263-21594681-15413032-35-75-51-51
wire,CUDA,temporal,bit_planes,bit_planes,,15360,17468,125,1,1,0,0,32,16,42,64,5,32,11.721876,0.349504,0.000000,true,216-0-51-90-13641957-19127104-19124069-13653762-13646272-19126823-19121330-13653651-33-75-51-51
wire,CUDA,temporal,tiled_bit_planes,tiled_bit_planes,,16320,16320,125,1,1,0,0,32,16,42,64,5,32,12.875695,0.386741,0.000000,true,216-0-51-90-15401965-21596935-21590022-15410880-15408232-21593276-21592802-15411733-35-75-51-51
wire,CUDA,temporal,bit_planes,bit_planes,,15360,17460,126,1,1,0,0,32,16,42,64,6,32,12.829064,0.379655,0.000000,true,216-0-51-90-13642338-19127684-19124937-13654183-13646620-19127809-19121941-13654083-35-75-51-51
wire,CUDA,temporal,tiled_bit_planes,tiled_bit_planes,,16320,16320,126,1,1,0,0,32,16,42,64,6,32,12.840872,0.382634,0.000000,true,216-0-51-90-15402457-21597743-21590624-15411283-15408676-21593975-21593417-15412179-34-75-51-51
wire,CUDA,temporal,bit_planes,bit_planes,,15360,17460,126,1,1,0,0,32,16,42,64,7,32,14.107754,0.417496,0.000000,true,216-0-51-90-13642338-19127684-19124937-13654183-13646620-19127809-19121941-13654083-35-75-51-51
wire,CUDA,temporal,tiled_bit_planes,tiled_bit_planes,,16320,16320,126,1,1,0,0,32,16,42,64,7,32,12.737625,0.379558,0.000000,true,216-0-51-90-15402457-21597743-21590624-15411283-15408676-21593975-21593417-15412179-34-75-51-51
wire,CUDA,temporal,bit_planes,bit_planes,,15360,17472,128,1,1,0,0,32,16,42,64,8,32,15.866817,0.461898,0.000000,true,216-0-51-90-13643100-19128996-19125920-13654894-13647325-19128593-19123198-13654779-33-75-51-51
wire,CUDA,temporal,tiled_bit_planes,tiled_bit_planes,,16320,16320,128,1,1,0,0,32,16,42,64,8,32,12.865709,0.377384,0.000000,true,216-0-51-90-15403260-21599108-21591949-15412144-15409464-21595263-21594681-15413032-35-75-51-51
wire,CUDA,temporal,bit_planes,bit_planes,,15360,17472,126,1,1,0,0,32,16,42,64,9,32,17.736668,0.524527,0.000000,true,216-0-51-90-13642338-19127682-19124761-13654183-13646622-19127465-19121941-13654011-35-75-51-51
wire,CUDA,temporal,tiled_bit_planes,tiled_bit_planes,,16352,16352,126,1,1,0,0,32,16,42,64,9,32,14.511621,0.430729,0.000000,true,216-0-51-90-15465018-21679271-21677777-15473758-15470798-21678252-21676136-15474048-51-75-51-51
wire,CUDA,temporal,bit_planes,bit_planes,,15360,17472,120,1,1,0,0,32,16,42,64,10,32,19.668865,0.610751,0.000000,true,216-0-51-90-13639965-19123989-19120904-13651544-13644321-19123722-19118209-13651717-35-75-51-51
wire,CUDA,temporal,tiled_bit_planes,tiled_bit_planes,,16352,16352,120,1,1,0,0,32,16,42,64,10,32,13.785483,0.429634,0.000000,true,216-0-51-90-15462047-21674851-21673300-15470905-15467669-21674160-21671967-15471401-51-75-51-51
wire,CUDA,temporal,bit_planes,bit_planes,,15360,17472,120,1,1,0,0,32,16,42,64,12,32,29.170715,0.905799,0.000000,true,216-0-51-90-13639965-19123989-19120904-13651544-13644321-19123722-19118209-13651717-35-75-51-51
wire,CUDA,temporal,tiled_bit_planes,tiled_bit_planes,,16352,16352,120,1,1,0,0,32,16,42,64,12,32,13.725962,0.427779,0.000000,true,216-0-51-90-15462047-21674851-21673300-15470905-15467669-21674160-21671967-15471401-51-75-51-51
wire,CUDA,temporal,bit_planes,bit_planes,,15360,17476,126,1,1,0,0,32,16,42,64,14,32,60.681879,1.794135,0.000000,true,216-0-51-90-13642338-19127679-19125241-13654183-13646699-19128045-19121941-13654023-35-75-51-51
wire,CUDA,temporal,tiled_bit_planes,tiled_bit_planes,,16352,16352,126,1,1,0,0,32,16,42,64,14,32,14.361410,0.426270,0.000000,true,216-0-51-90-15465018-21679271-21677777-15473758-15470798-21678252-21676136-15474048-51-75-51-51
wire,CUDA,temporal,tiled_bit_planes,tiled_bit_planes,,16352,16352,128,1,1,0,0,32,16,42,64,16,32,14.549487,0.425105,0.000000,true,216-0-51-90-15465830-21680650-21679235-15474727-15471756-21679469-21677686-15474900-51-75-51-51
wire,CUDA,temporal,tiled_bit_planes,tiled_bit_planes,,16224,16432,126,1,1,0,0,32,16,42,64,18,32,16.729112,0.498028,0.000000,true,216-0-51-90-15223790-21341920-21339077-15232996-15228020-21343477-21339426-15233936-51-75-35-51
wire,CUDA,temporal,tiled_bit_planes,tiled_bit_planes,,16224,16432,120,1,1,0,0,32,16,42,64,20,32,15.897353,0.496930,0.000000,true,216-0-51-90-15221087-21337470-21334823-15230290-15225351-21338813-21335302-15231327-51-75-35-51
wire,CUDA,temporal,tiled_bit_planes,tiled_bit_planes,,16224,16432,110,1,1,0,0,32,16,42,64,22,32,14.562918,0.496601,0.000000,true,216-0-51-90-15215557-21329072-21326271-15224719-15220128-21330444-21327138-15226366-51-75-33-51
wire,CUDA,temporal,tiled_bit_planes,tiled_bit_planes,,16224,16432,120,1,1,0,0,32,16,42,64,24,32,15.740064,0.492013,0.000000,true,216-0-51-90-15221087-21337470-21334823-15230290-15225351-21338813-21335302-15231327-51-75-35-51
wire,CUDA,,,,baseline,16384,16384,128,1,1,0,0,32,32,42,0,0,0,352.020114,10.245134,0.000000,true,216-0-51-90-15524944-21766980-21762269-15537172-15531770-21768539-21764055-15534177-51-75-51-51
wire,CUDA,simple,standard,standard,,16384,16384,128,1,1,0,0,32,32,42,0,0,0,374.577424,10.901638,0.000000,true,216-0-51-90-15524944-21766980-21762269-15537172-15531770-21768539-21764055-15534177-51-75-51-51
wire,CUDA,simple,bit_array,bit_array,,16384,16384,128,1,1,0,0,32,32,42,32,0,0,229.262772,6.672425,0.000000,true,216-0-51-90-15524944-21766980-21762269-15537172-15531770-21768539-21764055-15534177-51-75-51-51
wire,CUDA,simple,bit_planes,bit_planes,,16384,16384,128,1,1,0,0,32,32,42,32,0,0,24.689170,0.718549,0.000000,true,216-0-51-90-15524944-21766980-21762269-15537172-15531770-21768539-21764055-15534177-51-75-51-51
wire,CUDA,simple,tiled_bit_planes,tiled_bit_planes,,16384,16384,128,1,1,0,0,32,32,42,32,0,0,30.410836,0.885072,0.000000,true,216-0-51-90-15524944-21766980-21762269-15537172-15531770-21768539-21764055-15534177-51-75-51-51
wire,CUDA,simple,bit_array,bit_array,,16384,16384,128,1,1,0,0,32,32,42,64,0,0,230.947154,6.721447,0.000000,true,216-0-51-90-15524944-21766980-21762269-15537172-15531770-21768539-21764055-15534177-51-75-51-51
wire,CUDA,simple,bit_planes,bit_planes,,16384,16384,128,1,1,0,0,32,32,42,64,0,0,14.862004,0.432541,0.000000,true,216-0-51-90-15524944-21766980-21762269-15537172-15531770-21768539-21764055-15534177-51-75-51-51
wire,CUDA,simple,tiled_bit_planes,tiled_bit_planes,,16384,16384,128,1,1,0,0,32,32,42,64,0,0,20.672514,0.601649,0.000000,true,216-0-51-90-15524944-21766980-21762269-15537172-15531770-21768539-21764055-15534177-51-75-51-51
greenberg-hastings,CUDA,,,,baseline,16384,16384,128,1,1,0,0,32,2,42,0,0,0,445.355867,12.961562,0.000000,true,58801526-58774560-58766366-58813213-58787850-58809703-58813133-58797073-58789226-58830266-58828995-58806627-58791173-58785257-58767606-58822187
greenberg-hastings,CUDA,simple,standard,standard,,16384,16384,128,1,1,0,0,32,2,42,0,0,0,465.748525,13.555066,0.000000,true,58801526-58774560-58766366-58813213-58787850-58809703-58813133-58797073-58789226-58830266-58828995-58806627-58791173-58785257-58767606-58822187
greenberg-hastings,CUDA,simple,bit_array,bit_array,,16320,16448,128,1,1,0,0,32,2,42,32,0,0,676.375973,19.685432,0.000000,true,58792984-58771947-58777117-58836245-58789590-58811841-58812132-58808280-58806393-58808125-58793668-58788134-58787133-58796571-58795205-58777238
greenberg-hastings,CUDA,simple,bit_planes,bit_planes,,16384,16384,128,1,1,0,0,32,2,42,32,0,0,21.605057,0.628790,0.000000,true,58801526-58774560-58766366-58813213-58787850-58809703-58813133-58797073-58789226-58830266-58828995-58806627-58791173-58785257-58767606-58822187
greenberg-hastings,CUDA,simple,tiled_bit_planes,tiled_bit_planes,,16384,16384,128,1,1,0,0,32,2,42,32,0,0,28.064807,0.816793,0.000000,true,58801526-58774560-58766366-58813213-58787850-58809703-58813133-58797073-58789226-58830266-58828995-58806627-58791173-58785257-58767606-58822187
greenberg-hastings,CUDA,temporal,bit_planes,bit_planes,,16320,16440,128,1,1,0,0,32,2,42,32,2,64,29.508750,0.859249,0.000000,true,58761193-58740666-58748082-58807384-58765007-58785425-58779013-58779808-58779124-58776232-58768229-58757691-58754448-58770906-58763184-58745711
greenberg-hastings,CUDA,temporal,tiled_bit_planes,tiled_bit_planes,,16320,16368,128,1,1,0,0,32,2,42,32,2,64,32.947704,0.963606,0.000000,true,58506574-58481050-58490810-58548321-58504323-58526375-58526369-58520526-58524189-58520779-58503911-58504795-58495310-58512160-58512007-58496299
greenberg-hastings,CUDA,temporal,bit_planes,bit_planes,,16320,16414,126,1,1,0,0,32,2,42,32,3,64,23.814606,0.705567,0.000000,true,58509324-58516891-58487428-58529532-58519740-58512966-58538082-58534373-58527281-58533651-58536652-58532524-58478667-58491171-58477641-58492977
greenberg-hastings,CUDA,temporal,tiled_bit_planes,tiled_bit_planes,,16320,16368,126,1,1,0,0,32,2,42,32,3,64,27.450251,0.815568,0.000000,true,58337214-58347638-58311076-58360503-58348569-58341569-58364785-58364738-58359029-58362246-58369107-58362225-58334098-58349800-58332925-58350701
greenberg-hastings,CUDA,temporal,bit_planes,bit_planes,,16320,16408,128,1,1,0,0,32,2,42,32,4,64,21.519216,0.627828,0.000000,true,58649984-58626909-58629453-58692160-58649672-58671107-58668123-58664792-58663422-58663891-58651248-58645508-58641990-58654087-58651968-58636619
greenberg-hastings,CUDA,temporal,tiled_bit_planes,tiled_bit_planes,,16320,16368,128,1,1,0,0,32,2,42,32,4,64,25.942441,0.758726,0.000000,true,58506574-58481050-58490810-58548321-58504323-58526375-58526369-58520526-58524189-58520779-58503911-58504795-58495310-58512160-58512007-58496299
greenberg-hastings,CUDA,temporal,bit_planes,bit_planes,,16320,16416,125,1,1,0,0,32,2,42,32,5,64,20.363623,0.608076,0.000000,true,58474497-58484577-58446090-58463889-58498404-58478180-58500610-58499212-58491247-58489554-58502884-58505294-58498136-58506143-58500058-58487548
greenberg-hastings,CUDA,temporal,tiled_bit_planes,tiled_bit_planes,,16320,16320,125,1,1,0,0,32,2,42,32,5,64,25.393234,0.762724,0.000000,true,58136746-58145684-58099009-58123431-58150685-58136537-58159051-58158714-58154028-58143616-58163427-58164647-58152991-58166660-58156238-58142182
greenberg-hastings,CUDA,temporal,bit_planes,bit_planes,,16320,16432,126,1,1,0,0,32,2,42,32,6,64,20.393960,0.603560,0.000000,true,58565418-58573907-58541544-58586995-58578342-58569542-58594953-58591555-58585553-58592850-58593616-58592098-58561432-58576426-58564465-58576021
greenberg-hastings,CUDA,temporal,tiled_bit_planes,tiled_bit_planes,,16320,16320,126,1,1,0,0,32,2,42,32,6,64,24.887312,0.741596,0.000000,true,58171290-58176223-58141140-58190626-58174717-58171417-58195419-58191771-58189742-58188737-58197491-58192741-58161096-58180620-58161303-58176920
greenberg-hastings,CUDA,temporal,bit_planes,bit_planes,,16320,16400,126,1,1,0,0,32,2,42,32,7,64,20.514984,0.608326,0.000000,true,58451601-58458894-58427540-58470742-58462013-58456180-58479803-58477497-58471940-58477288-58481490-58478397-58448783-58462416-58448958-58462779
greenberg-hastings,CUDA,temporal,tiled_bit_planes,tiled_bit_planes,,16320,16320,126,1,1,0,0,32,2,42,32,7,64,24.389212,0.726753,0.000000,true,58171290-58176223-58141140-58190626-58174717-58171417-58195419-58191771-58189742-58188737-58197491-58192741-58161096-58180620-58161303-58176920
greenberg-hastings,CUDA,temporal,bit_planes,bit_planes,,16320,16416,128,1,1,0,0,32,2,42,32,8,64,21.087768,0.614941,0.000000,true,58679765-58654062-58660043-58721606-58672826-58697388-58697994-58692969-58694225-58692808-58678032-58675502-58671533-58683471-58682677-58665308
greenberg-hastings,CUDA,temporal,tiled_bit_planes,tiled_bit_planes,,16320,16320,128,1,1,0,0,32,2,42,32,8,64,24.410786,0.716030,0.000000,true,58333994-58309226-58320266-58376436-58334535-58354312-58355499-58349663-58348982-58349318-58329815-58333799-58327628-58340660-58342905-58325886
greenberg-hastings,CUDA,temporal,bit_planes,bit_planes,,16320,16422,126,1,1,0,0,32,2,42,32,9,64,21.122040,0.625488,0.000000,true,58539345-58546700-58512430-58558696-58550202-58541588-58565530-58566759-58555180-58562221-58567002-58558718-58502059-58519624-58505903-58519928
greenberg-hastings,CUDA,temporal,tiled_bit_planes,tiled_bit_planes,,16352,16240,126,1,1,0,0,32,2,42,32,9,64,25.928881,0.774919,0.000000,true,58007918-58015968-57992302-58010836-58009262-58000242-58001043-58016149-57992918-58030025-58023537-57980053-58012358-57967011-58036794-57992185
greenberg-hastings,CUDA,temporal,bit_planes,bit_planes,,16320,16412,120,1,1,0,0,32,2,42,32,10,64,20.524609,0.638575,0.000000,true,58650199-58596880-58614914-58699777-58643339-58670882-58682686-58658290-58672082-58656824-58653109-58651814-58642875-58665868-58661223-58645999
greenberg-hastings,CUDA,temporal,tiled_bit_planes,tiled_bit_planes,,16352,16240,120,1,1,0,0,32,2,42,32,10,64,24.452559,0.767337,0.000000,true,58150614-58159711-58141692-58153671-58148483-58163801-58171852-58145290-58128520-58157781-58131819-58089196-58188642-58143344-58164130-58123113
greenberg-hastings,CUDA,temporal,bit_planes,bit_planes,,16320,16440,120,1,1,0,0,32,2,42,32,12,64,22.112070,0.686794,0.000000,true,58746389-58696202-58718800-58798304-58748579-58773068-58778157-58760053-58770257-58757395-58757583-58749798-58743356-58765154-58754657-58739873
greenberg-hastings,CUDA,temporal,tiled_bit_planes,tiled_bit_planes,,16352,16240,120,1,1,0,0,32,2,42,32,12,64,24.082915,0.755737,0.000000,true,58150614-58159711-58141692-58153671-58148483-58163801-58171852-58145290-58128520-58157781-58131819-58089196-58188642-58143344-58164130-58123113
greenberg-hastings,CUDA,temporal,bit_planes,bit_planes,,16320,16416,126,1,1,0,0,32,2,42,32,14,64,25.177655,0.745860,0.000000,true,58509001-58517170-58484733-58529988-58519740-58512966-58538082-58534373-58527281-58533651-58536652-58532524-58506593-58521287-58507059-58520678
greenberg-hastings,CUDA,temporal,tiled_bit_planes,tiled_bit_planes,,16352,16352,126,1,1,0,0,32,2,42,32,14,64,26.307738,0.780856,0.000000,true,58407047-58417385-58396520-58412296-58408404-58402565-58399952-58415094-58396840-58430291-58424860-58382270-58409629-58356203-58438248-58391064
greenberg-hastings,CUDA,temporal,bit_planes,bit_planes,,16320,16448,128,1,1,0,0,32,2,42,32,16,64,31.072915,0.904355,0.000000,true,58792984-58771947-58777117-58836245-58789590-58811841-58812132-58808280-58806393-58808125-58793668-58788134-58787133-58796571-58795205-58777238
greenberg-hastings,CUDA,temporal,tiled_bit_planes,tiled_bit_planes,,16352,16352,128,1,1,0,0,32,2,42,32,16,64,26.299956,0.768428,0.000000,true,58569391-58573293-58550828-58566338-58561058-58575331-58586964-58568394-58546798-58567623-58550538-58529426-58587629-58563967-58561296-58543260
greenberg-hastings,CUDA,temporal,bit_planes,bit_planes,,16320,16436,126,1,1,0,0,32,2,42,32,18,64,32.209008,0.952995,0.000000,true,58581613-58589283-58556417-58600887-58592512-58584994-58606959-58607586-58597128-58605634-58610435-58602941-58576444-58591185-58575685-58590507
greenberg-hastings,CUDA,temporal,tiled_bit_planes,tiled_bit_planes,,16224,16416,126,1,1,0,0,32,2,42,32,18,64,27.849941,0.829905,0.000000,true,58182340-58180316-58169586-58186553-58161991-58180072-58183669-58180040-58195403-58173597-58168425-58162233-58184663-58174341-58155370-58173405
greenberg-hastings,CUDA,temporal,bit_planes,bit_planes,,16320,16440,120,1,1,0,0,32,2,42,32,20,64,35.598888,1.105690,0.000000,true,58746389-58696202-58718800-58798304-58748579-58773068-58778157-58760053-58770257-58757395-58757583-58749798-58743356-58765154-58754657-58739873
greenberg-hastings,CUDA,temporal,tiled_bit_planes,tiled_bit_planes,,16224,16416,120,1,1,0,0,32,2,42,32,20,64,26.387961,0.825656,0.000000,true,58323741-58308882-58308532-58353350-58292230-58270279-58333858-58299284-58333231-58308210-58296262-58322874-58328628-58282519-58319911-58339093
greenberg-hastings,CUDA,temporal,bit_planes,bit_planes,,16320,16440,110,1,1,0,0,32,2,42,32,22,64,38.619545,1.308557,0.000000,true,58525022-58454663-58467232-58533916-58538707-58540889-58592731-58517543-58562242-58509159-58574639-58570788-58515699-58541896-58539939-58569692
greenberg-hastings,CUDA,temporal,tiled_bit_planes,tiled_bit_planes,,16224,16432,110,1,1,0,0,32,2,42,32,22,64,25.809199,0.880103,0.000000,true,58200587-58214862-58148668-58171891-58108960-58143102-58194137-58116071-58223252-58148879-58169597-58137652-58199908-58102557-58157386-58201308
greenberg-hastings,CUDA,temporal,bit_planes,bit_planes,,16320,16448,120,1,1,0,0,32,2,42,32,24,64,52.102967,1.617514,0.000000,true,58778068-58727483-58747459-58827165-58773274-58799484-58811276-58788525-58797526-58789288-58783022-58780241-58776041-58790819-58786678-58771400
greenberg-hastings,CUDA,temporal,tiled_bit_planes,tiled_bit_planes,,16224,16432,120,1,1,0,0,32,2,42,32,24,64,28.064568,0.877261,0.000000,true,58377841-58363910-58367412-58407715-58351457-58328629-58389642-58358230-58389158-58365275-58353361-58381882-58386080-58338179-58376227-58393169
greenberg-hastings,CUDA,simple,bit_array,bit_array,,16128,16644,128,1,1,0,0,32,2,42,64,0,0,938.742326,27.321102,0.000000,true,58803938-58789140-58773301-58778699-58801867-58794647-58778441-58739846-58791779-58815133-58820130-58793504-58796207-58800021-58805435-58822096
greenberg-hastings,CUDA,simple,bit_planes,bit_planes,,16384,16384,128,1,1,0,0,32,2,42,64,0,0,16.670072,0.485163,0.000000,true,58801526-58774560-58766366-58813213-58787850-58809703-58813133-58797073-58789226-58830266-58828995-58806627-58791173-58785257-58767606-58822187
greenberg-hastings,CUDA,simple,tiled_bit_planes,tiled_bit_planes,,16384,16384,128,1,1,0,0,32,2,42,64,0,0,19.731780,0.574270,0.000000,true,58801526-58774560-58766366-58813213-58787850-58809703-58813133-58797073-58789226-58830266-58828995-58806627-58791173-58785257-58767606-58822187
greenberg-hastings,CUDA,temporal,bit_planes,bit_planes,,15360,17472,128,1,1,0,0,32,2,42,64,2,32,19.213421,0.559321,0.000000,true,58794319-58780680-58772990-58782489-58805990-58769362-58770582-58784716-58763959-58766843-58792706-58793704-58756360-58787648-58807424-58772954
greenberg-hastings,CUDA,temporal,tiled_bit_planes,tiled_bit_planes,,16320,16320,128,1,1,0,0,32,2,42,64,2,32,23.032364,0.675598,0.000000,true,58333994-58309226-58320266-58376436-58334535-58354312-58355499-58349663-58348982-58349318-58329815-58333799-58327628-58340660-58342905-58325886
greenberg-hastings,CUDA,temporal,bit_planes,bit_planes,,15360,17472,126,1,1,0,0,32,2,42,64,3,32,16.376474,0.484302,0.000000,true,58655216-58638506-58586448-58625777-58612322-58626081-58611624-58608786-58574991-58626937-58632196-58646642-58600250-58633918-58622712-58597789
greenberg-hastings,CUDA,temporal,tiled_bit_planes,tiled_bit_planes,,16320,16320,126,1,1,0,0,32,2,42,64,3,32,20.457087,0.609583,0.000000,true,58171290-58176223-58141140-58190626-58174717-58171417-58195419-58191771-58189742-58188737-58197491-58192741-58161096-58180620-58161303-58176920
greenberg-hastings,CUDA,temporal,bit_planes,bit_planes,,15360,17472,128,1,1,0,0,32,2,42,64,4,32,16.517499,0.480840,0.000000,true,58794319-58780680-58772990-58782489-58805990-58769362-58770582-58784716-58763959-58766843-58792706-58793704-58756360-58787648-58807424-58772954
greenberg-hastings,CUDA,temporal,tiled_bit_planes,tiled_bit_planes,,16320,16320,128,1,1,0,0,32,2,42,64,4,32,19.747354,0.579240,0.000000,true,58333994-58309226-58320266-58376436-58334535-58354312-58355499-58349663-58348982-58349318-58329815-58333799-58327628-58340660-58342905-58325886
greenberg-hastings,CUDA,temporal,bit_planes,bit_planes,,15360,17468,125,1,1,0,0,32,2,42,64,5,32,16.548997,0.493432,0.000000,true,58594473-58595758-58551195-58583456-58549804-58586556-58555732-58573412-58518937-58570382-58575441-58581527-58547005-58598215-58572697-58560483
greenberg-hastings,CUDA,temporal,tiled_bit_planes,tiled_bit_planes,,16320,16320,125,1,1,0,0,32,2,42,64,5,32,18.694489,0.561517,0.000000,true,58136746-58145684-58099009-58123431-58150685-58136537-58159051-58158714-58154028-58143616-58163427-58164647-58152991-58166660-58156238-58142182
greenberg-hastings,CUDA,temporal,bit_planes,bit_planes,,15360,17460,126,1,1,0,0,32,2,42,64,6,32,17.841799,0.527998,0.000000,true,58619605-58598980-58547365-58580434-58567070-58582428-58573290-58573138-58536212-58587307-58590299-58604213-58561291-58597576-58581732-58560935
greenberg-hastings,CUDA,temporal,tiled_bit_planes,tiled_bit_planes,,16320,16320,126,1,1,0,0,32,2,42,64,6,32,18.475946,0.550549,0.000000,true,58171290-58176223-58141140-58190626-58174717-58171417-58195419-58191771-58189742-58188737-58197491-58192741-58161096-58180620-58161303-58176920
greenberg-hastings,CUDA,temporal,bit_planes,bit_planes,,15360,17460,126,1,1,0,0,32,2,42,64,7,32,19.568913,0.579110,0.000000,true,58619605-58598980-58547365-58580434-58567070-58582428-58573290-58573138-58536212-58587307-58590299-58604213-58561291-58597576-58581732-58560935
greenberg-hastings,CUDA,temporal,tiled_bit_planes,tiled_bit_planes,,16320,16320,126,1,1,0,0,32,2,42,64,7,32,18.211633,0.542673,0.000000,true,58171290-58176223-58141140-58190626-58174717-58171417-58195419-58191771-58189742-58188737-58197491-58192741-58161096-58180620-58161303-58176920
greenberg-hastings,CUDA,temporal,bit_planes,bit_planes,,15360,17472,128,1,1,0,0,32,2,42,64,8,32,20.820421,0.606102,0.000000,true,58794319-58780680-58772990-58782489-58805990-58769362-58770582-58784716-58763959-58766843-58792706-58793704-58756360-58787648-58807424-58772954
greenberg-hastings,CUDA,temporal,tiled_bit_planes,tiled_bit_planes,,16320,16320,128,1,1,0,0,32,2,42,64,8,32,18.303973,0.536902,0.000000,true,58333994-58309226-58320266-58376436-58334535-58354312-58355499-58349663-58348982-58349318-58329815-58333799-58327628-58340660-58342905-58325886
greenberg-hastings,CUDA,temporal,bit_planes,bit_planes,,15360,17472,126,1,1,0,0,32,2,42,64,9,32,23.748417,0.702312,0.000000,true,58655216-58638506-58586448-58625777-58612322-58626081-58611624-58608786-58574991-58626937-58632196-58646642-58600250-58633918-58622712-58597789
greenberg-hastings,CUDA,temporal,tiled_bit_planes,tiled_bit_planes,,16352,16352,126,1,1,0,0,32,2,42,64,9,32,20.329693,0.603418,0.000000,true,58407047-58417385-58396520-58412296-58408404-58402565-58399952-58415094-58396840-58430291-58424860-58382270-58409629-58356203-58438248-58391064
greenberg-hastings,CUDA,temporal,bit_planes,bit_planes,,15360,17472,120,1,1,0,0,32,2,42,64,10,32,26.265826,0.815598,0.000000,true,58782969-58776102-58758084-58778766-58795126-58750508-58755260-58776427-58729824-58747577-58786422-58780835-58738166-58773361-58795710-58741193
greenberg-hastings,CUDA,temporal,tiled_bit_planes,tiled_bit_planes,,16352,16352,120,1,1,0,0,32,2,42,64,10,32,19.250928,0.599969,0.000000,true,58555295-58559112-58543454-58550291-58549673-58566364-58573329-58550755-58531138-58558375-58533958-58493037-58587041-58540738-58561296-58516888
greenberg-hastings,CUDA,temporal,bit_planes,bit_planes,,15360,17472,120,1,1,0,0,32,2,42,64,12,32,38.221608,1.186845,0.000000,true,58782969-58776102-58758084-58778766-58795126-58750508-58755260-58776427-58729824-58747577-58786422-58780835-58738166-58773361-58795710-58741193
greenberg-hastings,CUDA,temporal,tiled_bit_planes,tiled_bit_planes,,16352,16352,120,1,1,0,0,32,2,42,64,12,32,19.055159,0.593868,0.000000,true,58555295-58559112-58543454-58550291-58549673-58566364-58573329-58550755-58531138-58558375-58533958-58493037-58587041-58540738-58561296-58516888
greenberg-hastings,CUDA,temporal,bit_planes,bit_planes,,15360,17476,126,1,1,0,0,32,2,42,64,14,32,75.642114,2.236453,0.000000,true,58671111-58653379-58599891-58635439-58624116-58637198-58625377-58625386-58591032-58640644-58646247-58655518-58611476-58652557-58635875-58615853
greenberg-hastings,CUDA,temporal,tiled_bit_planes,tiled_bit_planes,,16352,16352,126,1,1,0,0,32,2,42,64,14,32,19.863963,0.589595,0.000000,true,58407047-58417385-58396520-58412296-58408404-58402565-58399952-58415094-58396840-58430291-58424860-58382270-58409629-58356203-58438248-58391064
greenberg-hastings,CUDA,temporal,tiled_bit_planes,tiled_bit_planes,,16352,16352,128,1,1,0,0,32,2,42,64,16,32,20.069836,0.586397,0.000000,true,58569391-58573293-58550828-58566338-58561058-58575331-58586964-58568394-58546798-58567623-58550538-58529426-58587629-58563967-58561296-58543260
greenberg-hastings,CUDA,temporal,tiled_bit_planes,tiled_bit_planes,,16224,16432,126,1,1,0,0,32,2,42,64,18,32,22.808222,0.679004,0.000000,true,58239160-58240896-58226306-58243246-58216986-58235822-58239533-58237466-58253994-58228694-58225548-58219993-58240787-58231617-58213582-58229729
greenberg-hastings,CUDA,temporal,tiled_bit_planes,tiled_bit_planes,,16224,16432,120,1,1,0,0,32,2,42,64,20,32,21.660692,0.677084,0.000000,true,58377841-58363910-58367412-58407715-58351457-58328629-58389642-58358230-58389158-58365275-58353361-58381882-58386080-58338179-58376227-58393169
greenberg-hastings,CUDA,temporal,tiled_bit_planes,tiled_bit_planes,,16224,16432,110,1,1,0,0,32,2,42,64,22,32,19.797972,0.675118,0.000000,true,58200587-58214862-58148668-58171891-58108960-58143102-58194137-58116071-58223252-58148879-58169597-58137652-58199908-58102557-58157386-58201308
greenberg-hastings,CUDA,temporal,tiled_bit_planes,tiled_bit_planes,,16224,16432,120,1,1,0,0,32,2,42,64,24,32,21.548792,0.673586,0.000000,true,58377841-58363910-58367412-58407715-58351457-58328629-58389642-58358230-58389158-58365275-58353361-58381882-58386080-58338179-58376227-58393169
greenberg-hastings,CUDA,,,,baseline,16384,16384,128,1,1,0,0,32,4,42,0,0,0,442.357432,12.874296,0.000000,true,58801526-58774560-58766366-58813213-58787850-58809703-58813133-58797073-58789226-58830266-58828995-58806627-58791173-58785257-58767606-58822187
greenberg-hastings,CUDA,simple,standard,standard,,16384,16384,128,1,1,0,0,32,4,42,0,0,0,462.581844,13.462904,0.000000,true,58801526-58774560-58766366-58813213-58787850-58809703-58813133-58797073-58789226-58830266-58828995-58806627-58791173-58785257-58767606-58822187
greenberg-hastings,CUDA,simple,bit_array,bit_array,,16320,16448,128,1,1,0,0,32,4,42,32,0,0,672.742528,19.579683,0.000000,true,58792984-58771947-58777117-58836245-58789590-58811841-58812132-58808280-58806393-58808125-58793668-58788134-58787133-58796571-58795205-58777238
greenberg-hastings,CUDA,simple,bit_planes,bit_planes,,16384,16384,128,1,1,0,0,32,4,42,32,0,0,21.624868,0.629366,0.000000,true,58801526-58774560-58766366-58813213-58787850-58809703-58813133-58797073-58789226-58830266-58828995-58806627-58791173-58785257-58767606-58822187
greenberg-hastings,CUDA,simple,tiled_bit_planes,tiled_bit_planes,,16384,16384,128,1,1,0,0,32,4,42,32,0,0,27.930434,0.812883,0.000000,true,58801526-58774560-58766366-58813213-58787850-58809703-58813133-58797073-58789226-58830266-58828995-58806627-58791173-58785257-58767606-58822187
greenberg-hastings,CUDA,temporal,bit_planes,bit_planes,,16320,16440,128,1,1,0,0,32,4,42,32,2,64,18.080974,0.526490,0.000000,true,58761193-58740666-58748082-58807384-58765007-58785425-58779013-58779808-58779124-58776232-58768229-58757691-58754448-58770906-58763184-58745711
greenberg-hastings,CUDA,temporal,tiled_bit_planes,tiled_bit_planes,,16320,16368,128,1,1,0,0,32,4,42,32,2,64,22.782353,0.666305,0.000000,true,58506574-58481050-58490810-58548321-58504323-58526375-58526369-58520526-58524189-58520779-58503911-58504795-58495310-58512160-58512007-58496299
greenberg-hastings,CUDA,temporal,bit_planes,bit_planes,,16320,16414,126,1,1,0,0,32,4,42,32,3,64,15.769708,0.467217,0.000000,true,58509324-58516891-58487428-58529532-58519740-58512966-58538082-58534373-58527281-58533651-58536652-58532524-58478667-58491171-58477641-58492977
greenberg-hastings,CUDA,temporal,tiled_bit_planes,tiled_bit_planes,,16320,16368,126,1,1,0,0,32,4,42,32,3,64,21.063801,0.625821,0.000000,true,58337214-58347638-58311076-58360503-58348569-58341569-58364785-58364738-58359029-58362246-58369107-58362225-58334098-58349800-58332925-58350701
greenberg-hastings,CUDA,temporal,bit_planes,bit_planes,,16320,16408,128,1,1,0,0,32,4,42,32,4,64,15.507118,0.452424,0.000000,true,58649984-58626909-58629453-58692160-58649672-58671107-58668123-58664792-58663422-58663891-58651248-58645508-58641990-58654087-58651968-58636619
greenberg-hastings,CUDA,temporal,tiled_bit_planes,tiled_bit_planes,,16320,16368,128,1,1,0,0,32,4,42,32,4,64,20.738786,0.606537,0.000000,true,58506574-58481050-58490810-58548321-58504323-58526375-58526369-58520526-58524189-58520779-58503911-58504795-58495310-58512160-58512007-58496299
greenberg-hastings,CUDA,temporal,bit_planes,bit_planes,,16320,16416,125,1,1,0,0,32,4,42,32,5,64,15.286391,0.456465,0.000000,true,58474497-58484577-58446090-58463889-58498404-58478180-58500610-58499212-58491247-58489554-58502884-58505294-58498136-58506143-58500058-58487548
greenberg-hastings,CUDA,temporal,tiled_bit_planes,tiled_bit_planes,,16320,16320,125,1,1,0,0,32,4,42,32,5,64,20.340498,0.610958,0.000000,true,58136746-58145684-58099009-58123431-58150685-58136537-58159051-58158714-58154028-58143616-58163427-58164647-58152991-58166660-58156238-58142182
greenberg-hastings,CUDA,temporal,bit_planes,bit_planes,,16320,16432,126,1,1,0,0,32,4,42,32,6,64,15.684408,0.464181,0.000000,true,58565418-58573907-58541544-58586995-58578342-58569542-58594953-58591555-58585553-58592850-58593616-58592098-58561432-58576426-58564465-58576021
greenberg-hastings,CUDA,temporal,tiled_bit_planes,tiled_bit_planes,,16320,16320,126,1,1,0,0,32,4,42,32,6,64,20.247076,0.603325,0.000000,true,58171290-58176223-58141140-58190626-58174717-58171417-58195419-58191771-58189742-58188737-58197491-58192741-58161096-58180620-58161303-58176920
greenberg-hastings,CUDA,temporal,bit_planes,bit_planes,,16320,16400,126,1,1,0,0,32,4,42,32,7,64,15.774265,0.467751,0.000000,true,58451601-58458894-58427540-58470742-58462013-58456180-58479803-58477497-58471940-58477288-58481490-58478397-58448783-58462416-58448958-58462779
greenberg-hastings,CUDA,temporal,tiled_bit_planes,tiled_bit_planes,,16320,16320,126,1,1,0,0,32,4,42,32,7,64,20.049785,0.597446,0.000000,true,58171290-58176223-58141140-58190626-58174717-58171417-58195419-58191771-58189742-58188737-58197491-58192741-58161096-58180620-58161303-58176920
greenberg-hastings,CUDA,temporal,bit_planes,bit_planes,,16320,16416,128,1,1,0,0,32,4,42,32,8,64,16.466771,0.480188,0.000000,true,58679765-58654062-58660043-58721606-58672826-58697388-58697994-58692969-58694225-58692808-58678032-58675502-58671533-58683471-58682677-58665308
greenberg-hastings,CUDA,temporal,tiled_bit_planes,tiled_bit_planes,,16320,16320,128,1,1,0,0,32,4,42,32,8,64,20.241837,0.593745,0.000000,true,58333994-58309226-58320266-58376436-58334535-58354312-58355499-58349663-58348982-58349318-58329815-58333799-58327628-58340660-58342905-58325886
greenberg-hastings,CUDA,temporal,bit_planes,bit_planes,,16320,16422,126,1,1,0,0,32,4,42,32,9,64,16.998071,0.503365,0.000000,true,58539345-58546700-58512430-58558696-58550202-58541588-58565530-58566759-58555180-58562221-58567002-58558718-58502059-58519624-58505903-58519928
greenberg-hastings,CUDA,temporal,tiled_bit_planes,tiled_bit_planes,,16352,16240,126,1,1,0,0,32,4,42,32,9,64,22.046980,0.658903,0.000000,true,58007918-58015968-57992302-58010836-58009262-58000242-58001043-58016149-57992918-58030025-58023537-57980053-58012358-57967011-58036794-57992185
greenberg-hastings,CUDA,temporal,bit_planes,bit_planes,,16320,16412,120,1,1,0,0,32,4,42,32,10,64,16.690372,0.519282,0.000000,true,58650199-58596880-58614914-58699777-58643339-58670882-58682686-58658290-58672082-58656824-58653109-58651814-58642875-58665868-58661223-58645999
greenberg-hastings,CUDA,temporal,tiled_bit_planes,tiled_bit_planes,,16352,16240,120,1,1,0,0,32,4,42,32,10,64,20.942536,0.657190,0.000000,true,58150614-58159711-58141692-58153671-58148483-58163801-58171852-58145290-58128520-58157781-58131819-58089196-58188642-58143344-58164130-58123113
greenberg-hastings,CUDA,temporal,bit_planes,bit_planes,,16320,16440,120,1,1,0,0,32,4,42,32,12,64,18.289411,0.568063,0.000000,true,58746389-58696202-58718800-58798304-58748579-58773068-58778157-58760053-58770257-58757395-58757583-58749798-58743356-58765154-58754657-58739873
greenberg-hastings,CUDA,temporal,tiled_bit_planes,tiled_bit_planes,,16352,16240,120,1,1,0,0,32,4,42,32,12,64,20.840291,0.653982,0.000000,true,58150614-58159711-58141692-58153671-58148483-58163801-58171852-58145290-58128520-58157781-58131819-58089196-58188642-58143344-58164130-58123113
greenberg-hastings,CUDA,temporal,bit_planes,bit_planes,,16320,16416,126,1,1,0,0,32,4,42,32,14,64,20.931220,0.620064,0.000000,true,58509001-58517170-58484733-58529988-58519740-58512966-58538082-58534373-58527281-58533651-58536652-58532524-58506593-58521287-58507059-58520678
greenberg-hastings,CUDA,temporal,tiled_bit_planes,tiled_bit_planes,,16352,16352,126,1,1,0,0,32,4,42,32,14,64,22.777214,0.676065,0.000000,true,58407047-58417385-58396520-58412296-58408404-58402565-58399952-58415094-58396840-58430291-58424860-58382270-58409629-58356203-58438248-58391064
greenberg-hastings,CUDA,temporal,bit_planes,bit_planes,,16320,16448,128,1,1,0,0,32,4,42,32,16,64,23.906856,0.695792,0.000000,true,58792984-58771947-58777117-58836245-58789590-58811841-58812132-58808280-58806393-58808125-58793668-58788134-58787133-58796571-58795205-58777238
greenberg-hastings,CUDA,temporal,tiled_bit_planes,tiled_bit_planes,,16352,16352,128,1,1,0,0,32,4,42,32,16,64,23.078684,0.674310,0.000000,true,58569391-58573293-58550828-58566338-58561058-58575331-58586964-58568394-58546798-58567623-58550538-58529426-58587629-58563967-58561296-58543260
greenberg-hastings,CUDA,temporal,bit_planes,bit_planes,,16320,16436,126,1,1,0,0,32,4,42,32,18,64,26.764995,0.791918,0.000000,true,58581613-58589283-58556417-58600887-58592512-58584994-58606959-58607586-58597128-58605634-58610435-58602941-58576444-58591185-58575685-58590507
greenberg-hastings,CUDA,temporal,tiled_bit_planes,tiled_bit_planes,,16224,16416,126,1,1,0,0,32,4,42,32,18,64,25.060076,0.746769,0.000000,true,58182340-58180316-58169586-58186553-58161991-58180072-58183669-58180040-58195403-58173597-58168425-58162233-58184663-58174341-58155370-58173405
greenberg-hastings,CUDA,temporal,bit_planes,bit_planes,,16320,16440,120,1,1,0,0,32,4,42,32,20,64,29.710418,0.922796,0.000000,true,58746389-58696202-58718800-58798304-58748579-58773068-58778157-58760053-58770257-58757395-58757583-58749798-58743356-58765154-58754657-58739873
greenberg-hastings,CUDA,temporal,tiled_bit_planes,tiled_bit_planes,,16224,16416,120,1,1,0,0,32,4,42,32,20,64,23.827115,0.745530,0.000000,true,58323741-58308882-58308532-58353350-58292230-58270279-58333858-58299284-58333231-58308210-58296262-58322874-58328628-58282519-58319911-58339093
greenberg-hastings,CUDA,temporal,bit_planes,bit_planes,,16320,16440,110,1,1,0,0,32,4,42,32,22,64,32.418677,1.098451,0.000000,true,58525022-58454663-58467232-58533916-58538707-58540889-58592731-58517543-58562242-58509159-58574639-58570788-58515699-58541896-58539939-58569692
greenberg-hastings,CUDA,temporal,tiled_bit_planes,tiled_bit_planes,,16224,16432,110,1,1,0,0,32,4,42,32,22,64,23.043110,0.785778,0.000000,true,58200587-58214862-58148668-58171891-58108960-58143102-58194137-58116071-58223252-58148879-58169597-58137652-58199908-58102557-58157386-58201308
greenberg-hastings,CUDA,temporal,bit_planes,bit_planes,,16320,16448,120,1,1,0,0,32,4,42,32,24,64,44.362080,1.377201,0.000000,true,58778068-58727483-58747459-58827165-58773274-58799484-58811276-58788525-58797526-58789288-58783022-58780241-58776041-58790819-58786678-58771400
greenberg-hastings,CUDA,temporal,tiled_bit_planes,tiled_bit_planes,,16224,16432,120,1,1,0,0,32,4,42,32,24,64,25.109350,0.784885,0.000000,true,58377841-58363910-58367412-58407715-58351457-58328629-58389642-58358230-58389158-58365275-58353361-58381882-58386080-58338179-58376227-58393169
greenberg-hastings,CUDA,simple,bit_array,bit_array,,16128,16644,128,1,1,0,0,32,4,42,64,0,0,930.628534,27.084958,0.000000,true,58803938-58789140-58773301-58778699-58801867-58794647-58778441-58739846-58791779-58815133-58820130-58793504-58796207-58800021-58805435-58822096
greenberg-hastings,CUDA,simple,bit_planes,bit_planes,,16384,16384,128,1,1,0,0,32,4,42,64,0,0,16.377104,0.476636,0.000000,true,58801526-58774560-58766366-58813213-58787850-58809703-58813133-58797073-58789226-58830266-58828995-58806627-58791173-58785257-58767606-58822187
greenberg-hastings,CUDA,simple,tiled_bit_planes,tiled_bit_planes,,16384,16384,128,1,1,0,0,32,4,42,64,0,0,19.667452,0.572398,0.000000,true,58801526-58774560-58766366-58813213-58787850-58809703-58813133-58797073-58789226-58830266-58828995-58806627-58791173-58785257-58767606-58822187
greenberg-hastings,CUDA,temporal,bit_planes,bit_planes,,15360,17472,128,1,1,0,0,32,4,42,64,2,32,13.594051,0.395736,0.000000,true,58794319-58780680-58772990-58782489-58805990-58769362-58770582-58784716-58763959-58766843-58792706-58793704-58756360-58787648-58807424-58772954
greenberg-hastings,CUDA,temporal,tiled_bit_planes,tiled_bit_planes,,16320,16320,128,1,1,0,0,32,4,42,64,2,32,18.033660,0.528973,0.000000,true,58333994-58309226-58320266-58376436-58334535-58354312-58355499-58349663-58348982-58349318-58329815-58333799-58327628-58340660-58342905-58325886
greenberg-hastings,CUDA,temporal,bit_planes,bit_planes,,15360,17472,126,1,1,0,0,32,4,42,64,3,32,13.081418,0.386857,0.000000,true,58655216-58638506-58586448-58625777-58612322-58626081-58611624-58608786-58574991-58626937-58632196-58646642-58600250-58633918-58622712-58597789
greenberg-hastings,CUDA,temporal,tiled_bit_planes,tiled_bit_planes,,16320,16320,126,1,1,0,0,32,4,42,64,3,32,16.971050,0.505706,0.000000,true,58171290-58176223-58141140-58190626-58174717-58171417-58195419-58191771-58189742-58188737-58197491-58192741-58161096-58180620-58161303-58176920
greenberg-hastings,CUDA,temporal,bit_planes,bit_planes,,15360,17472,128,1,1,0,0,32,4,42,64,4,32,13.695695,0.398695,0.000000,true,58794319-58780680-58772990-58782489-58805990-58769362-58770582-58784716-58763959-58766843-58792706-58793704-58756360-58787648-58807424-58772954
greenberg-hastings,CUDA,temporal,tiled_bit_planes,tiled_bit_planes,,16320,16320,128,1,1,0,0,32,4,42,64,4,32,16.843335,0.494058,0.000000,true,58333994-58309226-58320266-58376436-58334535-58354312-58355499-58349663-58348982-58349318-58329815-58333799-58327628-58340660-58342905-58325886
greenberg-hastings,CUDA,temporal,bit_planes,bit_planes,,15360,17468,125,1,1,0,0,32,4,42,64,5,32,14.135005,0.421455,0.000000,true,58594473-58595758-58551195-58583456-58549804-58586556-58555732-58573412-58518937-58570382-58575441-58581527-58547005-58598215-58572697-58560483
greenberg-hastings,CUDA,temporal,tiled_bit_planes,tiled_bit_planes,,16320,16320,125,1,1,0,0,32,4,42,64,5,32,16.250462,0.488107,0.000000,true,58136746-58145684-58099009-58123431-58150685-58136537-58159051-58158714-58154028-58143616-58163427-58164647-58152991-58166660-58156238-58142182
greenberg-hastings,CUDA,temporal,bit_planes,bit_planes,,15360,17460,126,1,1,0,0,32,4,42,64,6,32,15.667983,0.463668,0.000000,true,58619605-58598980-58547365-58580434-58567070-58582428-58573290-58573138-58536212-58587307-58590299-58604213-58561291-58597576-58581732-58560935
greenberg-hastings,CUDA,temporal,tiled_bit_planes,tiled_bit_planes,,16320,16320,126,1,1,0,0,32,4,42,64,6,32,16.237492,0.483847,0.000000,true,58171290-58176223-58141140-58190626-58174717-58171417-58195419-58191771-58189742-58188737-58197491-58192741-58161096-58180620-58161303-58176920
greenberg-hastings,CUDA,temporal,bit_planes,bit_planes,,15360,17460,126,1,1,0,0,32,4,42,64,7,32,17.228072,0.509836,0.000000,true,58619605-58598980-58547365-58580434-58567070-58582428-58573290-58573138-58536212-58587307-58590299-58604213-58561291-58597576-58581732-58560935
greenberg-hastings,CUDA,temporal,tiled_bit_planes,tiled_bit_planes,,16320,16320,126,1,1,0,0,32,4,42,64,7,32,16.132285,0.480712,0.000000,true,58171290-58176223-58141140-58190626-58174717-58171417-58195419-58191771-58189742-58188737-58197491-58192741-58161096-58180620-58161303-58176920
greenberg-hastings,CUDA,temporal,bit_planes,bit_planes,,15360,17472,128,1,1,0,0,32,4,42,64,8,32,19.066591,0.555046,0.000000,true,58794319-58780680-58772990-58782489-58805990-58769362-58770582-58784716-58763959-58766843-58792706-58793704-58756360-58787648-58807424-58772954
greenberg-hastings,CUDA,temporal,tiled_bit_planes,tiled_bit_planes,,16320,16320,128,1,1,0,0,32,4,42,64,8,32,16.316736,0.478611,0.000000,true,58333994-58309226-58320266-58376436-58334535-58354312-58355499-58349663-58348982-58349318-58329815-58333799-58327628-58340660-58342905-58325886
greenberg-hastings,CUDA,temporal,bit_planes,bit_planes,,15360,17472,126,1,1,0,0,32,4,42,64,9,32,21.259775,0.628716,0.000000,true,58655216-58638506-58586448-58625777-58612322-58626081-58611624-58608786-58574991-58626937-58632196-58646642-58600250-58633918-58622712-58597789
greenberg-hastings,CUDA,temporal,tiled_bit_planes,tiled_bit_planes,,16352,16352,126,1,1,0,0,32,4,42,64,9,32,18.446905,0.547534,0.000000,true,58407047-58417385-58396520-58412296-58408404-58402565-58399952-58415094-58396840-58430291-58424860-58382270-58409629-58356203-58438248-58391064
greenberg-hastings,CUDA,temporal,bit_planes,bit_planes,,15360,17472,120,1,1,0,0,32,4,42,64,10,32,23.552933,0.731358,0.000000,true,58782969-58776102-58758084-58778766-58795126-58750508-58755260-58776427-58729824-58747577-58786422-58780835-58738166-58773361-58795710-58741193
greenberg-hastings,CUDA,temporal,tiled_bit_planes,tiled_bit_planes,,16352,16352,120,1,1,0,0,32,4,42,64,10,32,17.515415,0.545880,0.000000,true,58555295-58559112-58543454-58550291-58549673-58566364-58573329-58550755-58531138-58558375-58533958-58493037-58587041-58540738-58561296-58516888
greenberg-hastings,CUDA,temporal,bit_planes,bit_planes,,15360,17472,120,1,1,0,0,32,4,42,64,12,32,35.193757,1.092825,0.000000,true,58782969-58776102-58758084-58778766-58795126-58750508-58755260-58776427-58729824-58747577-58786422-58780835-58738166-58773361-58795710-58741193
greenberg-hastings,CUDA,temporal,tiled_bit_planes,tiled_bit_planes,,16352,16352,120,1,1,0,0,32,4,42,64,12,32,17.440140,0.543534,0.000000,true,58555295-58559112-58543454-58550291-58549673-58566364-58573329-58550755-58531138-58558375-58533958-58493037-58587041-58540738-58561296-58516888
greenberg-hastings,CUDA,temporal,bit_planes,bit_planes,,15360,17476,126,1,1,0,0,32,4,42,64,14,32,72.312611,2.138013,0.000000,true,58671111-58653379-58599891-58635439-58624116-58637198-58625377-58625386-58591032-58640644-58646247-58655518-58611476-58652557-58635875-58615853
greenberg-hastings,CUDA,temporal,tiled_bit_planes,tiled_bit_planes,,16352,16352,126,1,1,0,0,32,4,42,64,14,32,18.259990,0.541986,0.000000,true,58407047-58417385-58396520-58412296-58408404-58402565-58399952-58415094-58396840-58430291-58424860-58382270-58409629-58356203-58438248-58391064
greenberg-hastings,CUDA,temporal,tiled_bit_planes,tiled_bit_planes,,16352,16352,128,1,1,0,0,32,4,42,64,16,32,18.504343,0.540657,0.000000,true,58569391-58573293-58550828-58566338-58561058-58575331-58586964-58568394-58546798-58567623-58550538-58529426-58587629-58563967-58561296-58543260
greenberg-hastings,CUDA,temporal,tiled_bit_planes,tiled_bit_planes,,16224,16432,126,1,1,0,0,32,4,42,64,18,32,21.310753,0.634424,0.000000,true,58239160-58240896-58226306-58243246-58216986-58235822-58239533-58237466-58253994-58228694-58225548-58219993-58240787-58231617-58213582-58229729
greenberg-hastings,CUDA,temporal,tiled_bit_planes,tiled_bit_planes,,16224,16432,120,1,1,0,0,32,4,42,64,20,32,20.269955,0.633612,0.000000,true,58377841-58363910-58367412-58407715-58351457-58328629-58389642-58358230-58389158-58365275-58353361-58381882-58386080-58338179-58376227-58393169
greenberg-hastings,CUDA,temporal,tiled_bit_planes,tiled_bit_planes,,16224,16432,110,1,1,0,0,32,4,42,64,22,32,18.568181,0.633182,0.000000,true,58200587-58214862-58148668-58171891-58108960-58143102-58194137-58116071-58223252-58148879-58169597-58137652-58199908-58102557-58157386-58201308
greenberg-hastings,CUDA,temporal,tiled_bit_planes,tiled_bit_planes,,16224,16432,120,1,1,0,0,32,4,42,64,24,32,20.235023,0.632520,0.000000,true,58377841-58363910-58367412-58407715-58351457-58328629-58389642-58358230-58389158-58365275-58353361-58381882-58386080-58338179-58376227-58393169
greenberg-hastings,CUDA,,,,baseline,16384,16384,128,1,1,0,0,32,8,42,0,0,0,453.200101,13.189859,0.000000,true,58801526-58774560-58766366-58813213-58787850-58809703-58813133-58797073-58789226-58830266-58828995-58806627-58791173-58785257-58767606-58822187
greenberg-hastings,CUDA,simple,standard,standard,,16384,16384,128,1,1,0,0,32,8,42,0,0,0,475.212474,13.830503,0.000000,true,58801526-58774560-58766366-58813213-58787850-58809703-58813133-58797073-58789226-58830266-58828995-58806627-58791173-58785257-58767606-58822187
greenberg-hastings,CUDA,simple,bit_array,bit_array,,16320,16448,128,1,1,0,0,32,8,42,32,0,0,663.157639,19.300722,0.000000,true,58792984-58771947-58777117-58836245-58789590-58811841-58812132-58808280-58806393-58808125-58793668-58788134-58787133-58796571-58795205-58777238
greenberg-hastings,CUDA,simple,bit_planes,bit_planes,,16384,16384,128,1,1,0,0,32,8,42,32,0,0,21.915405,0.637822,0.000000,true,58801526-58774560-58766366-58813213-58787850-58809703-58813133-58797073-58789226-58830266-58828995-58806627-58791173-58785257-58767606-58822187
greenberg-hastings,CUDA,simple,tiled_bit_planes,tiled_bit_planes,,16384,16384,128,1,1,0,0,32,8,42,32,0,0,28.671380,0.834447,0.000000,true,58801526-58774560-58766366-58813213-58787850-58809703-58813133-58797073-58789226-58830266-58828995-58806627-58791173-58785257-58767606-58822187
greenberg-hastings,CUDA,temporal,bit_planes,bit_planes,,16320,16440,128,1,1,0,0,32,8,42,32,2,64,16.801937,0.489246,0.000000,true,58761193-58740666-58748082-58807384-58765007-58785425-58779013-58779808-58779124-58776232-58768229-58757691-58754448-58770906-58763184-58745711
greenberg-hastings,CUDA,temporal,tiled_bit_planes,tiled_bit_planes,,16320,16368,128,1,1,0,0,32,8,42,32,2,64,22.409489,0.655400,0.000000,true,58506574-58481050-58490810-58548321-58504323-58526375-58526369-58520526-58524189-58520779-58503911-58504795-58495310-58512160-58512007-58496299
greenberg-hastings,CUDA,temporal,bit_planes,bit_planes,,16320,16414,126,1,1,0,0,32,8,42,32,3,64,15.546241,0.460596,0.000000,true,58509324-58516891-58487428-58529532-58519740-58512966-58538082-58534373-58527281-58533651-58536652-58532524-58478667-58491171-58477641-58492977
greenberg-hastings,CUDA,temporal,tiled_bit_planes,tiled_bit_planes,,16320,16368,126,1,1,0,0,32,8,42,32,3,64,20.969863,0.623030,0.000000,true,58337214-58347638-58311076-58360503-58348569-58341569-58364785-58364738-58359029-58362246-58369107-58362225-58334098-58349800-58332925-58350701
greenberg-hastings,CUDA,temporal,bit_planes,bit_planes,,16320,16408,128,1,1,0,0,32,8,42,32,4,64,15.288809,0.446054,0.000000,true,58649984-58626909-58629453-58692160-58649672-58671107-58668123-58664792-58663422-58663891-58651248-58645508-58641990-58654087-58651968-58636619
greenberg-hastings,CUDA,temporal,tiled_bit_planes,tiled_bit_planes,,16320,16368,128,1,1,0,0,32,8,42,32,4,64,20.770529,0.607466,0.000000,true,58506574-58481050-58490810-58548321-58504323-58526375-58526369-58520526-58524189-58520779-58503911-58504795-58495310-58512160-58512007-58496299
greenberg-hastings,CUDA,temporal,bit_planes,bit_planes,,16320,16416,125,1,1,0,0,32,8,42,32,5,64,15.051096,0.449439,0.000000,true,58474497-58484577-58446090-58463889-58498404-58478180-58500610-58499212-58491247-58489554-58502884-58505294-58498136-58506143-58500058-58487548
greenberg-hastings,CUDA,temporal,tiled_bit_planes,tiled_bit_planes,,16320,16320,125,1,1,0,0,32,8,42,32,5,64,20.316798,0.610246,0.000000,true,58136746-58145684-58099009-58123431-58150685-58136537-58159051-58158714-58154028-58143616-58163427-58164647-58152991-58166660-58156238-58142182
greenberg-hastings,CUDA,temporal,bit_planes,bit_planes,,16320,16432,126,1,1,0,0,32,8,42,32,6,64,15.788691,0.467267,0.000000,true,58565418-58573907-58541544-58586995-58578342-58569542-58594953-58591555-58585553-58592850-58593616-58592098-58561432-58576426-58564465-58576021
greenberg-hastings,CUDA,temporal,tiled_bit_planes,tiled_bit_planes,,16320,16320,126,1,1,0,0,32,8,42,32,6,64,20.243265,0.603212,0.000000,true,58171290-58176223-58141140-58190626-58174717-58171417-58195419-58191771-58189742-58188737-58197491-58192741-58161096-58180620-58161303-58176920
greenberg-hastings,CUDA,temporal,bit_planes,bit_planes,,16320,16400,126,1,1,0,0,32,8,42,32,7,64,15.940583,0.472683,0.000000,true,58451601-58458894-58427540-58470742-58462013-58456180-58479803-58477497-58471940-58477288-58481490-58478397-58448783-58462416-58448958-58462779
greenberg-hastings,CUDA,temporal,tiled_bit_planes,tiled_bit_planes,,16320,16320,126,1,1,0,0,32,8,42,32,7,64,20.107598,0.599169,0.000000,true,58171290-58176223-58141140-58190626-58174717-58171417-58195419-58191771-58189742-58188737-58197491-58192741-58161096-58180620-58161303-58176920
greenberg-hastings,CUDA,temporal,bit_planes,bit_planes,,16320,16416,128,1,1,0,0,32,8,42,32,8,64,16.620770,0.484678,0.000000,true,58679765-58654062-58660043-58721606-58672826-58697388-58697994-58692969-58694225-58692808-58678032-58675502-58671533-58683471-58682677-58665308
greenberg-hastings,CUDA,temporal,tiled_bit_planes,tiled_bit_planes,,16320,16320,128,1,1,0,0,32,8,42,32,8,64,20.308695,0.595706,0.000000,true,58333994-58309226-58320266-58376436-58334535-58354312-58355499-58349663-58348982-58349318-58329815-58333799-58327628-58340660-58342905-58325886
greenberg-hastings,CUDA,temporal,bit_planes,bit_planes,,16320,16422,126,1,1,0,0,32,8,42,32,9,64,17.059999,0.505199,0.000000,true,58539345-58546700-58512430-58558696-58550202-58541588-58565530-58566759-58555180-58562221-58567002-58558718-58502059-58519624-58505903-58519928
greenberg-hastings,CUDA,temporal,tiled_bit_planes,tiled_bit_planes,,16352,16240,126,1,1,0,0,32,8,42,32,9,64,21.999794,0.657493,0.000000,true,58007918-58015968-57992302-58010836-58009262-58000242-58001043-58016149-57992918-58030025-58023537-57980053-58012358-57967011-58036794-57992185
greenberg-hastings,CUDA,temporal,bit_planes,bit_planes,,16320,16412,120,1,1,0,0,32,8,42,32,10,64,16.761725,0.521502,0.000000,true,58650199-58596880-58614914-58699777-58643339-58670882-58682686-58658290-58672082-58656824-58653109-58651814-58642875-58665868-58661223-58645999
greenberg-hastings,CUDA,temporal,tiled_bit_planes,tiled_bit_planes,,16352,16240,120,1,1,0,0,32,8,42,32,10,64,20.838073,0.653912,0.000000,true,58150614-58159711-58141692-58153671-58148483-58163801-58171852-58145290-58128520-58157781-58131819-58089196-58188642-58143344-58164130-58123113
greenberg-hastings,CUDA,temporal,bit_planes,bit_planes,,16320,16440,120,1,1,0,0,32,8,42,32,12,64,18.372382,0.570640,0.000000,true,58746389-58696202-58718800-58798304-58748579-58773068-58778157-58760053-58770257-58757395-58757583-58749798-58743356-58765154-58754657-58739873
greenberg-hastings,CUDA,temporal,tiled_bit_planes,tiled_bit_planes,,16352,16240,120,1,1,0,0,32,8,42,32,12,64,20.771942,0.651837,0.000000,true,58150614-58159711-58141692-58153671-58148483-58163801-58171852-58145290-58128520-58157781-58131819-58089196-58188642-58143344-58164130-58123113
greenberg-hastings,CUDA,temporal,bit_planes,bit_planes,,16320,16416,126,1,1,0,0,32,8,42,32,14,64,21.102245,0.625130,0.000000,true,58509001-58517170-58484733-58529988-58519740-58512966-58538082-58534373-58527281-58533651-58536652-58532524-58506593-58521287-58507059-58520678
greenberg-hastings,CUDA,temporal,tiled_bit_planes,tiled_bit_planes,,16352,16352,126,1,1,0,0,32,8,42,32,14,64,23.232594,0.689581,0.000000,true,58407047-58417385-58396520-58412296-58408404-58402565-58399952-58415094-58396840-58430291-58424860-58382270-58409629-58356203-58438248-58391064
greenberg-hastings,CUDA,temporal,bit_planes,bit_planes,,16320,16448,128,1,1,0,0,32,8,42,32,16,64,24.087488,0.701049,0.000000,true,58792984-58771947-58777117-58836245-58789590-58811841-58812132-58808280-58806393-58808125-58793668-58788134-58787133-58796571-58795205-58777238
greenberg-hastings,CUDA,temporal,tiled_bit_planes,tiled_bit_planes,,16352,16352,128,1,1,0,0,32,8,42,32,16,64,23.544430,0.687918,0.000000,true,58569391-58573293-58550828-58566338-58561058-58575331-58586964-58568394-58546798-58567623-58550538-58529426-58587629-58563967-58561296-58543260
greenberg-hastings,CUDA,temporal,bit_planes,bit_planes,,16320,16436,126,1,1,0,0,32,8,42,32,18,64,26.980766,0.798302,0.000000,true,58581613-58589283-58556417-58600887-58592512-58584994-58606959-58607586-58597128-58605634-58610435-58602941-58576444-58591185-58575685-58590507
greenberg-hastings,CUDA,temporal,tiled_bit_planes,tiled_bit_planes,,16224,16416,126,1,1,0,0,32,8,42,32,18,64,24.975648,0.744254,0.000000,true,58182340-58180316-58169586-58186553-58161991-58180072-58183669-58180040-58195403-58173597-58168425-58162233-58184663-58174341-58155370-58173405
greenberg-hastings,CUDA,temporal,bit_planes,bit_planes,,16320,16440,120,1,1,0,0,32,8,42,32,20,64,29.957585,0.930473,0.000000,true,58746389-58696202-58718800-58798304-58748579-58773068-58778157-58760053-58770257-58757395-58757583-58749798-58743356-58765154-58754657-58739873
greenberg-hastings,CUDA,temporal,tiled_bit_planes,tiled_bit_planes,,16224,16416,120,1,1,0,0,32,8,42,32,20,64,23.705201,0.741715,0.000000,true,58323741-58308882-58308532-58353350-58292230-58270279-58333858-58299284-58333231-58308210-58296262-58322874-58328628-58282519-58319911-58339093
greenberg-hastings,CUDA,temporal,bit_planes,bit_planes,,16320,16440,110,1,1,0,0,32,8,42,32,22,64,32.746889,1.109572,0.000000,true,58525022-58454663-58467232-58533916-58538707-58540889-58592731-58517543-58562242-58509159-58574639-58570788-58515699-58541896-58539939-58569692
greenberg-hastings,CUDA,temporal,tiled_bit_planes,tiled_bit_planes,,16224,16432,110,1,1,0,0,32,8,42,32,22,64,22.915937,0.781442,0.000000,true,58200587-58214862-58148668-58171891-58108960-58143102-58194137-58116071-58223252-58148879-58169597-58137652-58199908-58102557-58157386-58201308
greenberg-hastings,CUDA,temporal,bit_planes,bit_planes,,16320,16448,120,1,1,0,0,32,8,42,32,24,64,44.600286,1.384596,0.000000,true,58778068-58727483-58747459-58827165-58773274-58799484-58811276-58788525-58797526-58789288-58783022-58780241-58776041-58790819-58786678-58771400
greenberg-hastings,CUDA,temporal,tiled_bit_planes,tiled_bit_planes,,16224,16432,120,1,1,0,0,32,8,42,32,24,64,24.942668,0.779674,0.000000,true,58377841-58363910-58367412-58407715-58351457-58328629-58389642-58358230-58389158-58365275-58353361-58381882-58386080-58338179-58376227-58393169
greenberg-hastings,CUDA,simple,bit_array,bit_array,,16128,16640,128,1,1,0,0,32,8,42,64,0,0,903.962999,26.315210,0.000000,true,58789541-58778301-58762863-58765234-58786736-58780865-58765589-58724568-58778176-58799815-58805105-58778674-58782059-58782428-58789839-58810065
greenberg-hastings,CUDA,simple,bit_planes,bit_planes,,16384,16384,128,1,1,0,0,32,8,42,64,0,0,16.472591,0.479415,0.000000,true,58801526-58774560-58766366-58813213-58787850-58809703-58813133-58797073-58789226-58830266-58828995-58806627-58791173-58785257-58767606-58822187
greenberg-hastings,CUDA,simple,tiled_bit_planes,tiled_bit_planes,,16384,16384,128,1,1,0,0,32,8,42,64,0,0,20.258304,0.589594,0.000000,true,58801526-58774560-58766366-58813213-58787850-58809703-58813133-58797073-58789226-58830266-58828995-58806627-58791173-58785257-58767606-58822187
greenberg-hastings,CUDA,temporal,bit_planes,bit_planes,,15360,17472,128,1,1,0,0,32,8,42,64,2,32,12.951141,0.377020,0.000000,true,58794319-58780680-58772990-58782489-58805990-58769362-58770582-58784716-58763959-58766843-58792706-58793704-58756360-58787648-58807424-58772954
greenberg-hastings,CUDA,temporal,tiled_bit_planes,tiled_bit_planes,,16320,16320,128,1,1,0,0,32,8,42,64,2,32,18.258614,0.535572,0.000000,true,58333994-58309226-58320266-58376436-58334535-58354312-58355499-58349663-58348982-58349318-58329815-58333799-58327628-58340660-58342905-58325886
greenberg-hastings,CUDA,temporal,bit_planes,bit_planes,,15360,17472,126,1,1,0,0,32,8,42,64,3,32,12.645665,0.373970,0.000000,true,58655216-58638506-58586448-58625777-58612322-58626081-58611624-58608786-58574991-58626937-58632196-58646642-58600250-58633918-58622712-58597789
greenberg-hastings,CUDA,temporal,tiled_bit_planes,tiled_bit_planes,,16320,16320,126,1,1,0,0,32,8,42,64,3,32,17.225049,0.513274,0.000000,true,58171290-58176223-58141140-58190626-58174717-58171417-58195419-58191771-58189742-58188737-58197491-58192741-58161096-58180620-58161303-58176920
greenberg-hastings,CUDA,temporal,bit_planes,bit_planes,,15360,17472,128,1,1,0,0,32,8,42,64,4,32,13.403971,0.390202,0.000000,true,58794319-58780680-58772990-58782489-58805990-58769362-58770582-58784716-58763959-58766843-58792706-58793704-58756360-58787648-58807424-58772954
greenberg-hastings,CUDA,temporal,tiled_bit_planes,tiled_bit_planes,,16320,16320,128,1,1,0,0,32,8,42,64,4,32,17.106067,0.501764,0.000000,true,58333994-58309226-58320266-58376436-58334535-58354312-58355499-58349663-58348982-58349318-58329815-58333799-58327628-58340660-58342905-58325886
greenberg-hastings,CUDA,temporal,bit_planes,bit_planes,,15360,17468,125,1,1,0,0,32,8,42,64,5,32,13.780987,0.410900,0.000000,true,58594473-58595758-58551195-58583456-58549804-58586556-58555732-58573412-58518937-58570382-58575441-58581527-58547005-58598215-58572697-58560483
greenberg-hastings,CUDA,temporal,tiled_bit_planes,tiled_bit_planes,,16320,16320,125,1,1,0,0,32,8,42,64,5,32,16.526423,0.496396,0.000000,true,58136746-58145684-58099009-58123431-58150685-58136537-58159051-58158714-58154028-58143616-58163427-58164647-58152991-58166660-58156238-58142182
greenberg-hastings,CUDA,temporal,bit_planes,bit_planes,,15360,17460,126,1,1,0,0,32,8,42,64,6,32,14.978132,0.443253,0.000000,true,58619605-58598980-58547365-58580434-58567070-58582428-58573290-58573138-58536212-58587307-58590299-58604213-58561291-58597576-58581732-58560935
greenberg-hastings,CUDA,temporal,tiled_bit_planes,tiled_bit_planes,,16320,16320,126,1,1,0,0,32,8,42,64,6,32,16.420952,0.489314,0.000000,true,58171290-58176223-58141140-58190626-58174717-58171417-58195419-58191771-58189742-58188737-58197491-58192741-58161096-58180620-58161303-58176920
greenberg-hastings,CUDA,temporal,bit_planes,bit_planes,,15360,17460,126,1,1,0,0,32,8,42,64,7,32,16.461684,0.487156,0.000000,true,58619605-58598980-58547365-58580434-58567070-58582428-58573290-58573138-58536212-58587307-58590299-58604213-58561291-58597576-58581732-58560935
greenberg-hastings,CUDA,temporal,tiled_bit_planes,tiled_bit_planes,,16320,16320,126,1,1,0,0,32,8,42,64,7,32,16.235769,0.483796,0.000000,true,58171290-58176223-58141140-58190626-58174717-58171417-58195419-58191771-58189742-58188737-58197491-58192741-58161096-58180620-58161303-58176920
greenberg-hastings,CUDA,temporal,bit_planes,bit_planes,,15360,17472,128,1,1,0,0,32,8,42,64,8,32,18.538521,0.539674,0.000000,true,58794319-58780680-58772990-58782489-58805990-58769362-58770582-58784716-58763959-58766843-58792706-58793704-58756360-58787648-58807424-58772954
greenberg-hastings,CUDA,temporal,tiled_bit_planes,tiled_bit_planes,,16320,16320,128,1,1,0,0,32,8,42,64,8,32,16.437457,0.482152,0.000000,true,58333994-58309226-58320266-58376436-58334535-58354312-58355499-58349663-58348982-58349318-58329815-58333799-58327628-58340660-58342905-58325886
greenberg-hastings,CUDA,temporal,bit_planes,bit_planes,,15360,17472,126,1,1,0,0,32,8,42,64,9,32,20.704304,0.612289,0.000000,true,58655216-58638506-58586448-58625777-58612322-58626081-58611624-58608786-58574991-58626937-58632196-58646642-58600250-58633918-58622712-58597789
greenberg-hastings,CUDA,temporal,tiled_bit_planes,tiled_bit_planes,,16352,16352,126,1,1,0,0,32,8,42,64,9,32,18.453192,0.547721,0.000000,true,58407047-58417385-58396520-58412296-58408404-58402565-58399952-58415094-58396840-58430291-58424860-58382270-58409629-58356203-58438248-58391064
greenberg-hastings,CUDA,temporal,bit_planes,bit_planes,,15360,17472,120,1,1,0,0,32,8,42,64,10,32,22.943620,0.712438,0.000000,true,58782969-58776102-58758084-58778766-58795126-58750508-58755260-58776427-58729824-58747577-58786422-58780835-58738166-58773361-58795710-58741193
greenberg-hastings,CUDA,temporal,tiled_bit_planes,tiled_bit_planes,,16352,16352,120,1,1,0,0,32,8,42,64,10,32,17.507659,0.545639,0.000000,true,58555295-58559112-58543454-58550291-58549673-58566364-58573329-58550755-58531138-58558375-58533958-58493037-58587041-58540738-58561296-58516888
greenberg-hastings,CUDA,temporal,bit_planes,bit_planes,,15360,17472,120,1,1,0,0,32,8,42,64,12,32,34.272326,1.064213,0.000000,true,58782969-58776102-58758084-58778766-58795126-58750508-58755260-58776427-58729824-58747577-58786422-58780835-58738166-58773361-58795710-58741193
greenberg-hastings,CUDA,temporal,tiled_bit_planes,tiled_bit_planes,,16352,16352,120,1,1,0,0,32,8,42,64,12,32,17.424382,0.543043,0.000000,true,58555295-58559112-58543454-58550291-58549673-58566364-58573329-58550755-58531138-58558375-58533958-58493037-58587041-58540738-58561296-58516888
greenberg-hastings,CUDA,temporal,bit_planes,bit_planes,,15360,17476,126,1,1,0,0,32,8,42,64,14,32,71.082611,2.101646,0.000000,true,58671111-58653379-58599891-58635439-58624116-58637198-58625377-58625386-58591032-58640644-58646247-58655518-58611476-58652557-58635875-58615853
greenberg-hastings,CUDA,temporal,tiled_bit_planes,tiled_bit_planes,,16352,16352,126,1,1,0,0,32,8,42,64,14,32,18.257743,0.541920,0.000000,true,58407047-58417385-58396520-58412296-58408404-58402565-58399952-58415094-58396840-58430291-58424860-58382270-58409629-58356203-58438248-58391064
greenberg-hastings,CUDA,temporal,tiled_bit_planes,tiled_bit_planes,,16352,16352,128,1,1,0,0,32,8,42,64,16,32,18.508125,0.540768,0.000000,true,58569391-58573293-58550828-58566338-58561058-58575331-58586964-58568394-58546798-58567623-58550538-58529426-58587629-58563967-58561296-58543260
greenberg-hastings,CUDA,temporal,tiled_bit_planes,tiled_bit_planes,,16224,16432,126,1,1,0,0,32,8,42,64,18,32,21.476501,0.639359,0.000000,true,58239160-58240896-58226306-58243246-58216986-58235822-58239533-58237466-58253994-58228694-58225548-58219993-58240787-58231617-58213582-58229729
greenberg-hastings,CUDA,temporal,tiled_bit_planes,tiled_bit_planes,,16224,16432,120,1,1,0,0,32,8,42,64,20,32,20.430156,0.638619,0.000000,true,58377841-58363910-58367412-58407715-58351457-58328629-58389642-58358230-58389158-58365275-58353361-58381882-58386080-58338179-58376227-58393169
greenberg-hastings,CUDA,temporal,tiled_bit_planes,tiled_bit_planes,,16224,16432,110,1,1,0,0,32,8,42,64,22,32,18.580366,0.633597,0.000000,true,58200587-58214862-58148668-58171891-58108960-58143102-58194137-58116071-58223252-58148879-58169597-58137652-58199908-58102557-58157386-58201308
greenberg-hastings,CUDA,temporal,tiled_bit_planes,tiled_bit_planes,,16224,16432,120,1,1,0,0,32,8,42,64,24,32,20.405067,0.637835,0.000000,true,58377841-58363910-58367412-58407715-58351457-58328629-58389642-58358230-58389158-58365275-58353361-58381882-58386080-58338179-58376227-58393169
greenberg-hastings,CUDA,,,,baseline,16384,16384,128,1,1,0,0,32,16,42,0,0,0,476.685237,13.873366,0.000000,true,58801526-58774560-58766366-58813213-58787850-58809703-58813133-58797073-58789226-58830266-58828995-58806627-58791173-58785257-58767606-58822187
greenberg-hastings,CUDA,simple,standard,standard,,16384,16384,128,1,1,0,0,32,16,42,0,0,0,504.812091,14.691966,0.000000,true,58801526-58774560-58766366-58813213-58787850-58809703-58813133-58797073-58789226-58830266-58828995-58806627-58791173-58785257-58767606-58822187
greenberg-hastings,CUDA,simple,bit_array,bit_array,,16320,16448,128,1,1,0,0,32,16,42,32,0,0,637.787109,18.562331,0.000000,true,58792984-58771947-58777117-58836245-58789590-58811841-58812132-58808280-58806393-58808125-58793668-58788134-58787133-58796571-58795205-58777238
greenberg-hastings,CUDA,simple,bit_planes,bit_planes,,16384,16384,128,1,1,0,0,32,16,42,32,0,0,22.928816,0.667316,0.000000,true,58801526-58774560-58766366-58813213-58787850-58809703-58813133-58797073-58789226-58830266-58828995-58806627-58791173-58785257-58767606-58822187
greenberg-hastings,CUDA,simple,tiled_bit_planes,tiled_bit_planes,,16384,16384,128,1,1,0,0,32,16,42,32,0,0,31.815519,0.925953,0.000000,true,58801526-58774560-58766366-58813213-58787850-58809703-58813133-58797073-58789226-58830266-58828995-58806627-58791173-58785257-58767606-58822187
greenberg-hastings,CUDA,temporal,bit_planes,bit_planes,,16320,16440,128,1,1,0,0,32,16,42,32,2,64,20.043156,0.583625,0.000000,true,58761193-58740666-58748082-58807384-58765007-58785425-58779013-58779808-58779124-58776232-58768229-58757691-58754448-58770906-58763184-58745711
greenberg-hastings,CUDA,temporal,tiled_bit_planes,tiled_bit_planes,,16320,16368,128,1,1,0,0,32,16,42,32,2,64,24.057418,0.703596,0.000000,true,58506574-58481050-58490810-58548321-58504323-58526375-58526369-58520526-58524189-58520779-58503911-58504795-58495310-58512160-58512007-58496299
greenberg-hastings,CUDA,temporal,bit_planes,bit_planes,,16320,16414,126,1,1,0,0,32,16,42,32,3,64,16.937159,0.501806,0.000000,true,58509324-58516891-58487428-58529532-58519740-58512966-58538082-58534373-58527281-58533651-58536652-58532524-58478667-58491171-58477641-58492977
greenberg-hastings,CUDA,temporal,tiled_bit_planes,tiled_bit_planes,,16320,16368,126,1,1,0,0,32,16,42,32,3,64,21.813596,0.648098,0.000000,true,58337214-58347638-58311076-58360503-58348569-58341569-58364785-58364738-58359029-58362246-58369107-58362225-58334098-58349800-58332925-58350701
greenberg-hastings,CUDA,temporal,bit_planes,bit_planes,,16320,16408,128,1,1,0,0,32,16,42,32,4,64,16.862536,0.491968,0.000000,true,58649984-58626909-58629453-58692160-58649672-58671107-58668123-58664792-58663422-58663891-58651248-58645508-58641990-58654087-58651968-58636619
greenberg-hastings,CUDA,temporal,tiled_bit_planes,tiled_bit_planes,,16320,16368,128,1,1,0,0,32,16,42,32,4,64,21.259741,0.621774,0.000000,true,58506574-58481050-58490810-58548321-58504323-58526375-58526369-58520526-58524189-58520779-58503911-58504795-58495310-58512160-58512007-58496299
greenberg-hastings,CUDA,temporal,bit_planes,bit_planes,,16320,16416,125,1,1,0,0,32,16,42,32,5,64,16.069847,0.479860,0.000000,true,58474497-58484577-58446090-58463889-58498404-58478180-58500610-58499212-58491247-58489554-58502884-58505294-58498136-58506143-58500058-58487548
greenberg-hastings,CUDA,temporal,tiled_bit_planes,tiled_bit_planes,,16320,16320,125,1,1,0,0,32,16,42,32,5,64,20.738646,0.622917,0.000000,true,58136746-58145684-58099009-58123431-58150685-58136537-58159051-58158714-58154028-58143616-58163427-58164647-58152991-58166660-58156238-58142182
greenberg-hastings,CUDA,temporal,bit_planes,bit_planes,,16320,16432,126,1,1,0,0,32,16,42,32,6,64,16.196891,0.479348,0.000000,true,58565418-58573907-58541544-58586995-58578342-58569542-58594953-58591555-58585553-58592850-58593616-58592098-58561432-58576426-58564465-58576021
greenberg-hastings,CUDA,temporal,tiled_bit_planes,tiled_bit_planes,,16320,16320,126,1,1,0,0,32,16,42,32,6,64,20.558391,0.612602,0.000000,true,58171290-58176223-58141140-58190626-58174717-58171417-58195419-58191771-58189742-58188737-58197491-58192741-58161096-58180620-58161303-58176920
greenberg-hastings,CUDA,temporal,bit_planes,bit_planes,,16320,16400,126,1,1,0,0,32,16,42,32,7,64,16.205654,0.480543,0.000000,true,58451601-58458894-58427540-58470742-58462013-58456180-58479803-58477497-58471940-58477288-58481490-58478397-58448783-58462416-58448958-58462779
greenberg-hastings,CUDA,temporal,tiled_bit_planes,tiled_bit_planes,,16320,16320,126,1,1,0,0,32,16,42,32,7,64,20.348682,0.606353,0.000000,true,58171290-58176223-58141140-58190626-58174717-58171417-58195419-58191771-58189742-58188737-58197491-58192741-58161096-58180620-58161303-58176920
greenberg-hastings,CUDA,temporal,bit_planes,bit_planes,,16320,16416,128,1,1,0,0,32,16,42,32,8,64,16.815093,0.490345,0.000000,true,58679765-58654062-58660043-58721606-58672826-58697388-58697994-58692969-58694225-58692808-58678032-58675502-58671533-58683471-58682677-58665308
greenberg-hastings,CUDA,temporal,tiled_bit_planes,tiled_bit_planes,,16320,16320,128,1,1,0,0,32,16,42,32,8,64,20.548256,0.602733,0.000000,true,58333994-58309226-58320266-58376436-58334535-58354312-58355499-58349663-58348982-58349318-58329815-58333799-58327628-58340660-58342905-58325886
greenberg-hastings,CUDA,temporal,bit_planes,bit_planes,,16320,16422,126,1,1,0,0,32,16,42,32,9,64,17.306142,0.512488,0.000000,true,58539345-58546700-58512430-58558696-58550202-58541588-58565530-58566759-58555180-58562221-58567002-58558718-58502059-58519624-58505903-58519928
greenberg-hastings,CUDA,temporal,tiled_bit_planes,tiled_bit_planes,,16352,16240,126,1,1,0,0,32,16,42,32,9,64,22.144461,0.661817,0.000000,true,58007918-58015968-57992302-58010836-58009262-58000242-58001043-58016149-57992918-58030025-58023537-57980053-58012358-57967011-58036794-57992185
greenberg-hastings,CUDA,temporal,bit_planes,bit_planes,,16320,16412,120,1,1,0,0,32,16,42,32,10,64,16.900483,0.525819,0.000000,true,58650199-58596880-58614914-58699777-58643339-58670882-58682686-58658290-58672082-58656824-58653109-58651814-58642875-58665868-58661223-58645999
greenberg-hastings,CUDA,temporal,tiled_bit_planes,tiled_bit_planes,,16352,16240,120,1,1,0,0,32,16,42,32,10,64,20.917600,0.656408,0.000000,true,58150614-58159711-58141692-58153671-58148483-58163801-58171852-58145290-58128520-58157781-58131819-58089196-58188642-58143344-58164130-58123113
greenberg-hastings,CUDA,temporal,bit_planes,bit_planes,,16320,16440,120,1,1,0,0,32,16,42,32,12,64,18.428814,0.572393,0.000000,true,58746389-58696202-58718800-58798304-58748579-58773068-58778157-58760053-58770257-58757395-58757583-58749798-58743356-58765154-58754657-58739873
greenberg-hastings,CUDA,temporal,tiled_bit_planes,tiled_bit_planes,,16352,16240,120,1,1,0,0,32,16,42,32,12,64,20.799830,0.652712,0.000000,true,58150614-58159711-58141692-58153671-58148483-58163801-58171852-58145290-58128520-58157781-58131819-58089196-58188642-58143344-58164130-58123113
greenberg-hastings,CUDA,temporal,bit_planes,bit_planes,,16320,16416,126,1,1,0,0,32,16,42,32,14,64,21.159348,0.626822,0.000000,true,58509001-58517170-58484733-58529988-58519740-58512966-58538082-58534373-58527281-58533651-58536652-58532524-58506593-58521287-58507059-58520678
greenberg-hastings,CUDA,temporal,tiled_bit_planes,tiled_bit_planes,,16352,16352,126,1,1,0,0,32,16,42,32,14,64,22.645624,0.672159,0.000000,true,58407047-58417385-58396520-58412296-58408404-58402565-58399952-58415094-58396840-58430291-58424860-58382270-58409629-58356203-58438248-58391064
greenberg-hastings,CUDA,temporal,bit_planes,bit_planes,,16320,16448,128,1,1,0,0,32,16,42,32,16,64,24.145763,0.702745,0.000000,true,58792984-58771947-58777117-58836245-58789590-58811841-58812132-58808280-58806393-58808125-58793668-58788134-58787133-58796571-58795205-58777238
greenberg-hastings,CUDA,temporal,tiled_bit_planes,tiled_bit_planes,,16352,16352,128,1,1,0,0,32,16,42,32,16,64,22.932832,0.670048,0.000000,true,58569391-58573293-58550828-58566338-58561058-58575331-58586964-58568394-58546798-58567623-58550538-58529426-58587629-58563967-58561296-58543260
greenberg-hastings,CUDA,temporal,bit_planes,bit_planes,,16320,16436,126,1,1,0,0,32,16,42,32,18,64,27.008058,0.799110,0.000000,true,58581613-58589283-58556417-58600887-58592512-58584994-58606959-58607586-58597128-58605634-58610435-58602941-58576444-58591185-58575685-58590507
greenberg-hastings,CUDA,temporal,tiled_bit_planes,tiled_bit_planes,,16224,16416,126,1,1,0,0,32,16,42,32,18,64,24.999905,0.744976,0.000000,true,58182340-58180316-58169586-58186553-58161991-58180072-58183669-58180040-58195403-58173597-58168425-58162233-58184663-58174341-58155370-58173405
greenberg-hastings,CUDA,temporal,bit_planes,bit_planes,,16320,16440,120,1,1,0,0,32,16,42,32,20,64,30.044437,0.933170,0.000000,true,58746389-58696202-58718800-58798304-58748579-58773068-58778157-58760053-58770257-58757395-58757583-58749798-58743356-58765154-58754657-58739873
greenberg-hastings,CUDA,temporal,tiled_bit_planes,tiled_bit_planes,,16224,16416,120,1,1,0,0,32,16,42,32,20,64,23.677929,0.740862,0.000000,true,58323741-58308882-58308532-58353350-58292230-58270279-58333858-58299284-58333231-58308210-58296262-58322874-58328628-58282519-58319911-58339093
greenberg-hastings,CUDA,temporal,bit_planes,bit_planes,,16320,16440,110,1,1,0,0,32,16,42,32,22,64,32.838068,1.112661,0.000000,true,58525022-58454663-58467232-58533916-58538707-58540889-58592731-58517543-58562242-58509159-58574639-58570788-58515699-58541896-58539939-58569692
greenberg-hastings,CUDA,temporal,tiled_bit_planes,tiled_bit_planes,,16224,16432,110,1,1,0,0,32,16,42,32,22,64,22.930950,0.781954,0.000000,true,58200587-58214862-58148668-58171891-58108960-58143102-58194137-58116071-58223252-58148879-58169597-58137652-58199908-58102557-58157386-58201308
greenberg-hastings,CUDA,temporal,bit_planes,bit_planes,,16320,16448,120,1,1,0,0,32,16,42,32,24,64,44.717514,1.388236,0.000000,true,58778068-58727483-58747459-58827165-58773274-58799484-58811276-58788525-58797526-58789288-58783022-58780241-58776041-58790819-58786678-58771400
greenberg-hastings,CUDA,temporal,tiled_bit_planes,tiled_bit_planes,,16224,16432,120,1,1,0,0,32,16,42,32,24,64,24.980526,0.780858,0.000000,true,58377841-58363910-58367412-58407715-58351457-58328629-58389642-58358230-58389158-58365275-58353361-58381882-58386080-58338179-58376227-58393169
greenberg-hastings,CUDA,simple,bit_array,bit_array,,16128,16640,128,1,1,0,0,32,16,42,64,0,0,827.244893,24.081874,0.000000,true,58789541-58778301-58762863-58765234-58786736-58780865-58765589-58724568-58778176-58799815-58805105-58778674-58782059-58782428-58789839-58810065
greenberg-hastings,CUDA,simple,bit_planes,bit_planes,,16384,16384,128,1,1,0,0,32,16,42,64,0,0,17.497955,0.509258,0.000000,true,58801526-58774560-58766366-58813213-58787850-58809703-58813133-58797073-58789226-58830266-58828995-58806627-58791173-58785257-58767606-58822187
greenberg-hastings,CUDA,simple,tiled_bit_planes,tiled_bit_planes,,16384,16384,128,1,1,0,0,32,16,42,64,0,0,21.391442,0.622573,0.000000,true,58801526-58774560-58766366-58813213-58787850-58809703-58813133-58797073-58789226-58830266-58828995-58806627-58791173-58785257-58767606-58822187
greenberg-hastings,CUDA,temporal,bit_planes,bit_planes,,15360,17472,128,1,1,0,0,32,16,42,64,2,32,13.928471,0.405471,0.000000,true,58794319-58780680-58772990-58782489-58805990-58769362-58770582-58784716-58763959-58766843-58792706-58793704-58756360-58787648-58807424-58772954
greenberg-hastings,CUDA,temporal,tiled_bit_planes,tiled_bit_planes,,16320,16320,128,1,1,0,0,32,16,42,64,2,32,19.961732,0.585528,0.000000,true,58333994-58309226-58320266-58376436-58334535-58354312-58355499-58349663-58348982-58349318-58329815-58333799-58327628-58340660-58342905-58325886
greenberg-hastings,CUDA,temporal,bit_planes,bit_planes,,15360,17472,126,1,1,0,0,32,16,42,64,3,32,13.182824,0.389856,0.000000,true,58655216-58638506-58586448-58625777-58612322-58626081-58611624-58608786-58574991-58626937-58632196-58646642-58600250-58633918-58622712-58597789
greenberg-hastings,CUDA,temporal,tiled_bit_planes,tiled_bit_planes,,16320,16320,126,1,1,0,0,32,16,42,64,3,32,17.934540,0.534416,0.000000,true,58171290-58176223-58141140-58190626-58174717-58171417-58195419-58191771-58189742-58188737-58197491-58192741-58161096-58180620-58161303-58176920
greenberg-hastings,CUDA,temporal,bit_planes,bit_planes,,15360,17472,128,1,1,0,0,32,16,42,64,4,32,13.792794,0.401521,0.000000,true,58794319-58780680-58772990-58782489-58805990-58769362-58770582-58784716-58763959-58766843-58792706-58793704-58756360-58787648-58807424-58772954
greenberg-hastings,CUDA,temporal,tiled_bit_planes,tiled_bit_planes,,16320,16320,128,1,1,0,0,32,16,42,64,4,32,17.553249,0.514881,0.000000,true,58333994-58309226-58320266-58376436-58334535-58354312-58355499-58349663-58348982-58349318-58329815-58333799-58327628-58340660-58342905-58325886
greenberg-hastings,CUDA,temporal,bit_planes,bit_planes,,15360,17468,125,1,1,0,0,32,16,42,64,5,32,14.166654,0.422399,0.000000,true,58594473-58595758-58551195-58583456-58549804-58586556-58555732-58573412-58518937-58570382-58575441-58581527-58547005-58598215-58572697-58560483
greenberg-hastings,CUDA,temporal,tiled_bit_planes,tiled_bit_planes,,16320,16320,125,1,1,0,0,32,16,42,64,5,32,16.743033,0.502903,0.000000,true,58136746-58145684-58099009-58123431-58150685-58136537-58159051-58158714-58154028-58143616-58163427-58164647-58152991-58166660-58156238-58142182
greenberg-hastings,CUDA,temporal,bit_planes,bit_planes,,15360,17460,126,1,1,0,0,32,16,42,64,6,32,15.556433,0.460367,0.000000,true,58619605-58598980-58547365-58580434-58567070-58582428-58573290-58573138-58536212-58587307-58590299-58604213-58561291-58597576-58581732-58560935
greenberg-hastings,CUDA,temporal,tiled_bit_planes,tiled_bit_planes,,16320,16320,126,1,1,0,0,32,16,42,64,6,32,16.710183,0.497932,0.000000,true,58171290-58176223-58141140-58190626-58174717-58171417-58195419-58191771-58189742-58188737-58197491-58192741-58161096-58180620-58161303-58176920
greenberg-hastings,CUDA,temporal,bit_planes,bit_planes,,15360,17460,126,1,1,0,0,32,16,42,64,7,32,17.129613,0.506922,0.000000,true,58619605-58598980-58547365-58580434-58567070-58582428-58573290-58573138-58536212-58587307-58590299-58604213-58561291-58597576-58581732-58560935
greenberg-hastings,CUDA,temporal,tiled_bit_planes,tiled_bit_planes,,16320,16320,126,1,1,0,0,32,16,42,64,7,32,16.567855,0.493691,0.000000,true,58171290-58176223-58141140-58190626-58174717-58171417-58195419-58191771-58189742-58188737-58197491-58192741-58161096-58180620-58161303-58176920
greenberg-hastings,CUDA,temporal,bit_planes,bit_planes,,15360,17472,128,1,1,0,0,32,16,42,64,8,32,19.270868,0.560993,0.000000,true,58794319-58780680-58772990-58782489-58805990-58769362-58770582-58784716-58763959-58766843-58792706-58793704-58756360-58787648-58807424-58772954
greenberg-hastings,CUDA,temporal,tiled_bit_planes,tiled_bit_planes,,16320,16320,128,1,1,0,0,32,16,42,64,8,32,16.734159,0.490855,0.000000,true,58333994-58309226-58320266-58376436-58334535-58354312-58355499-58349663-58348982-58349318-58329815-58333799-58327628-58340660-58342905-58325886
greenberg-hastings,CUDA,temporal,bit_planes,bit_planes,,15360,17472,126,1,1,0,0,32,16,42,64,9,32,21.545756,0.637173,0.000000,true,58655216-58638506-58586448-58625777-58612322-58626081-58611624-58608786-58574991-58626937-58632196-58646642-58600250-58633918-58622712-58597789
greenberg-hastings,CUDA,temporal,tiled_bit_planes,tiled_bit_planes,,16352,16352,126,1,1,0,0,32,16,42,64,9,32,18.804596,0.558151,0.000000,true,58407047-58417385-58396520-58412296-58408404-58402565-58399952-58415094-58396840-58430291-58424860-58382270-58409629-58356203-58438248-58391064
greenberg-hastings,CUDA,temporal,bit_planes,bit_planes,,15360,17472,120,1,1,0,0,32,16,42,64,10,32,23.891203,0.741862,0.000000,true,58782969-58776102-58758084-58778766-58795126-58750508-58755260-58776427-58729824-58747577-58786422-58780835-58738166-58773361-58795710-58741193
greenberg-hastings,CUDA,temporal,tiled_bit_planes,tiled_bit_planes,,16352,16352,120,1,1,0,0,32,16,42,64,10,32,17.843130,0.556094,0.000000,true,58555295-58559112-58543454-58550291-58549673-58566364-58573329-58550755-58531138-58558375-58533958-58493037-58587041-58540738-58561296-58516888
greenberg-hastings,CUDA,temporal,bit_planes,bit_planes,,15360,17472,120,1,1,0,0,32,16,42,64,12,32,35.420604,1.099869,0.000000,true,58782969-58776102-58758084-58778766-58795126-58750508-58755260-58776427-58729824-58747577-58786422-58780835-58738166-58773361-58795710-58741193
greenberg-hastings,CUDA,temporal,tiled_bit_planes,tiled_bit_planes,,16352,16352,120,1,1,0,0,32,16,42,64,12,32,17.800125,0.554753,0.000000,true,58555295-58559112-58543454-58550291-58549673-58566364-58573329-58550755-58531138-58558375-58533958-58493037-58587041-58540738-58561296-58516888
greenberg-hastings,CUDA,temporal,bit_planes,bit_planes,,15360,17476,126,1,1,0,0,32,16,42,64,14,32,73.799310,2.181969,0.000000,true,58671111-58653379-58599891-58635439-58624116-58637198-58625377-58625386-58591032-58640644-58646247-58655518-58611476-58652557-58635875-58615853
greenberg-hastings,CUDA,temporal,tiled_bit_planes,tiled_bit_planes,,16352,16352,126,1,1,0,0,32,16,42,64,14,32,18.571911,0.551245,0.000000,true,58407047-58417385-58396520-58412296-58408404-58402565-58399952-58415094-58396840-58430291-58424860-58382270-58409629-58356203-58438248-58391064
greenberg-hastings,CUDA,temporal,tiled_bit_planes,tiled_bit_planes,,16352,16352,128,1,1,0,0,32,16,42,64,16,32,18.817706,0.549813,0.000000,true,58569391-58573293-58550828-58566338-58561058-58575331-58586964-58568394-58546798-58567623-58550538-58529426-58587629-58563967-58561296-58543260
greenberg-hastings,CUDA,temporal,tiled_bit_planes,tiled_bit_planes,,16224,16432,126,1,1,0,0,32,16,42,64,18,32,21.567219,0.642059,0.000000,true,58239160-58240896-58226306-58243246-58216986-58235822-58239533-58237466-58253994-58228694-58225548-58219993-58240787-58231617-58213582-58229729
greenberg-hastings,CUDA,temporal,tiled_bit_planes,tiled_bit_planes,,16224,16432,120,1,1,0,0,32,16,42,64,20,32,20.530058,0.641742,0.000000,true,58377841-58363910-58367412-58407715-58351457-58328629-58389642-58358230-58389158-58365275-58353361-58381882-58386080-58338179-58376227-58393169
greenberg-hastings,CUDA,temporal,tiled_bit_planes,tiled_bit_planes,,16224,16432,110,1,1,0,0,32,16,42,64,22,32,18.793840,0.640877,0.000000,true,58200587-58214862-58148668-58171891-58108960-58143102-58194137-58116071-58223252-58148879-58169597-58137652-58199908-58102557-58157386-58201308
greenberg-hastings,CUDA,temporal,tiled_bit_planes,tiled_bit_planes,,16224,16432,120,1,1,0,0,32,16,42,64,24,32,20.464267,0.639686,0.000000,true,58377841-58363910-58367412-58407715-58351457-58328629-58389642-58358230-58389158-58365275-58353361-58381882-58386080-58338179-58376227-58393169
greenberg-hastings,CUDA,,,,baseline,16384,16384,128,1,1,0,0,32,32,42,0,0,0,537.421742,15.641031,0.000000,true,58801526-58774560-58766366-58813213-58787850-58809703-58813133-58797073-58789226-58830266-58828995-58806627-58791173-58785257-58767606-58822187
greenberg-hastings,CUDA,simple,standard,standard,,16384,16384,128,1,1,0,0,32,32,42,0,0,0,570.318648,16.598457,0.000000,true,58801526-58774560-58766366-58813213-58787850-58809703-58813133-58797073-58789226-58830266-58828995-58806627-58791173-58785257-58767606-58822187
greenberg-hastings,CUDA,simple,bit_array,bit_array,,16320,16448,128,1,1,0,0,32,32,42,32,0,0,667.854826,19.437430,0.000000,true,58792984-58771947-58777117-58836245-58789590-58811841-58812132-58808280-58806393-58808125-58793668-58788134-58787133-58796571-58795205-58777238
greenberg-hastings,CUDA,simple,bit_planes,bit_planes,,16384,16384,128,1,1,0,0,32,32,42,32,0,0,28.831376,0.839103,0.000000,true,58801526-58774560-58766366-58813213-58787850-58809703-58813133-58797073-58789226-58830266-58828995-58806627-58791173-58785257-58767606-58822187
greenberg-hastings,CUDA,simple,tiled_bit_planes,tiled_bit_planes,,16384,16384,128,1,1,0,0,32,32,42,32,0,0,33.337859,0.970259,0.000000,true,58801526-58774560-58766366-58813213-58787850-58809703-58813133-58797073-58789226-58830266-58828995-58806627-58791173-58785257-58767606-58822187
greenberg-hastings,CUDA,simple,bit_array,bit_array,,16128,16640,128,1,1,0,0,32,32,42,64,0,0,763.599202,22.229089,0.000000,true,58789541-58778301-58762863-58765234-58786736-58780865-58765589-58724568-58778176-58799815-58805105-58778674-58782059-58782428-58789839-58810065
greenberg-hastings,CUDA,simple,bit_planes,bit_planes,,16384,16384,128,1,1,0,0,32,32,42,64,0,0,17.680262,0.514563,0.000000,true,58801526-58774560-58766366-58813213-58787850-58809703-58813133-58797073-58789226-58830266-58828995-58806627-58791173-58785257-58767606-58822187
greenberg-hastings,CUDA,simple,tiled_bit_planes,tiled_bit_planes,,16384,16384,128,1,1,0,0,32,32,42,64,0,0,22.761090,0.662435,0.000000,true,58801526-58774560-58766366-58813213-58787850-58809703-58813133-58797073-58789226-58830266-58828995-58806627-58791173-58785257-58767606-58822187
